                      (           main.s):00001         * 6809 assembly program generated by cmoc 0.1.98
                      (           main.s):00002         
                      (           main.s):00003         
                      (           main.s):00004                 SECTION start
                      (           main.s):00005         
                      (           main.s):00006         
                      (           main.s):00007         * Vectrex header, positioned at address 0.
0000 6720474345203230 (           main.s):00008                 FCC     'g GCE 2015'
     3135
000A 80               (           main.s):00009                 FCB     $80
000B FD0D             (           main.s):00010                 FDB     $FD0D
000D F8               (           main.s):00011                 FCB     $FFFFFFF8
000E 50               (           main.s):00012                 FCB     $50
000F 20               (           main.s):00013                 FCB     $20
0010 AA               (           main.s):00014                 FCB     $FFFFFFAA
0011 434D4F43         (           main.s):00015                 FCC     'CMOC'
0015 80               (           main.s):00016                 FCB     $80
0016 00               (           main.s):00017                 FCB     0
                      (           main.s):00018         program_start   EXPORT
                      (           main.s):00019         _main   IMPORT
                      (           main.s):00020         INILIB  IMPORT
                      (           main.s):00021         _exit   IMPORT
     0017             (           main.s):00022         program_start   EQU     *
0017 CCFF00           (           main.s):00023                 LDD     #-256           stack space in bytes
001A 170000           (           main.s):00024                 LBSR    INILIB          initialize standard library and global variables
001D 170000           (           main.s):00025                 LBSR    _main           call main()
     0020             (           main.s):00026         main_return_address     EQU     *
0020 170000           (           main.s):00027                 LBSR    _exit           use LBSR to respect calling convention
                      (           main.s):00028         
                      (           main.s):00029         
                      (           main.s):00030                 ENDSECTION
                      (           main.s):00031         
                      (           main.s):00032         
                      (           main.s):00033         
                      (           main.s):00034         
                      (           main.s):00035                 SECTION code
                      (           main.s):00036         
                      (           main.s):00037         
                      (           main.s):00038         _sin_table      EXPORT
                      (           main.s):00039         _recip_table    EXPORT
                      (           main.s):00040         _world  EXPORT
                      (           main.s):00041         _playerposition EXPORT
                      (           main.s):00042         _playerrotation EXPORT
                      (           main.s):00043         _decimalx       EXPORT
                      (           main.s):00044         _decimalz       EXPORT
                      (           main.s):00045         _sinv   EXPORT
                      (           main.s):00046         _cosv   EXPORT
                      (           main.s):00047         _sinu   EXPORT
                      (           main.s):00048         _cosu   EXPORT
                      (           main.s):00049         _cold_start     IMPORT
                      (           main.s):00050         _dot    IMPORT
                      (           main.s):00051         _dots   IMPORT
                      (           main.s):00052         _init_os        IMPORT
                      (           main.s):00053         _init_os_ram    IMPORT
                      (           main.s):00054         _init_via       IMPORT
                      (           main.s):00055         _intensity      IMPORT
                      (           main.s):00056         _line   IMPORT
                      (           main.s):00057         _lines  IMPORT
                      (           main.s):00058         _move   IMPORT
                      (           main.s):00059         _mul8   IMPORT
                      (           main.s):00060         _music_check    IMPORT
                      (           main.s):00061         _music_get_flag IMPORT
                      (           main.s):00062         _music_play     IMPORT
                      (           main.s):00063         _music_set_flag IMPORT
                      (           main.s):00064         _pattern_lines  IMPORT
                      (           main.s):00065         _print_str      IMPORT
                      (           main.s):00066         _print_str_c    IMPORT
                      (           main.s):00067         _random IMPORT
                      (           main.s):00068         _random_seed    IMPORT
                      (           main.s):00069         _read_buttons   IMPORT
                      (           main.s):00070         _read_joystick  IMPORT
                      (           main.s):00071         _reset_beam     IMPORT
                      (           main.s):00072         _rotate IMPORT
                      (           main.s):00073         _set_refresh    IMPORT
                      (           main.s):00074         _set_scale      IMPORT
                      (           main.s):00075         _set_text_size  IMPORT
                      (           main.s):00076         _terminal_clear IMPORT
                      (           main.s):00077         _terminal_init  IMPORT
                      (           main.s):00078         _terminal_print IMPORT
                      (           main.s):00079         _terminal_render        IMPORT
                      (           main.s):00080         _wait_retrace   IMPORT
                      (           main.s):00081         _warm_start     IMPORT
                      (           main.s):00082         _mul16x8        EXPORT
                      (           main.s):00083         
                      (           main.s):00084         
                      (           main.s):00085         *******************************************************************************
                      (           main.s):00086         
                      (           main.s):00087         * FUNCTION mul16x8(): defined at main.c:61
     0000             (           main.s):00088         _mul16x8        EQU     *
                      (           main.s):00089         * Prototype: long mul16x8(unsigned int, unsigned char)
                      (           main.s):00090         * Calling convention: 0 (CMOC Default)
0000 3440             (           main.s):00091                 PSHS    U
0002 33E4             (           main.s):00092                 LEAU    ,S
0004 32E8EA           (           main.s):00093                 LEAS    -22,S
                      (           main.s):00094         * Formal parameter(s):
                      (           main.s):00095         *      6,U:    2 bytes: a: unsigned int: line 61
                      (           main.s):00096         *      9,U:    1 byte : b: unsigned char: line 61
                      (           main.s):00097         * Local non-static variable(s):
                      (           main.s):00098         *    -22,U:    1 byte : low: unsigned char: line 63
                      (           main.s):00099         *    -21,U:    1 byte : high: unsigned char: line 64
                      (           main.s):00100         *    -20,U:    2 bytes: low_result: unsigned int: line 66
                      (           main.s):00101         *    -18,U:    2 bytes: high_result: unsigned int: line 67
                      (           main.s):00102         *    -16,U:    4 bytes: result: long: line 69
                      (           main.s):00103         *    -12,U:    4 bytes: $V00056: long: line 71
                      (           main.s):00104         *     -8,U:    4 bytes: $V00057: long: line 72
                      (           main.s):00105         *     -4,U:    4 bytes: $V00058: long: line 72
                      (           main.s):00106         * Line main.c:63: init of variable low
0007 EC46             (           main.s):00107                 LDD     6,U             variable `a', declared at main.c:61
                      (           main.s):00108         * Cast from `unsigned int' to byte: result already in B
0009 E7C8EA           (           main.s):00109                 STB     -22,U           variable low
                      (           main.s):00110         * Line main.c:64: init of variable high
000C EC46             (           main.s):00111                 LDD     6,U             variable `a', declared at main.c:61
000E 1F89             (           main.s):00112                 TFR     A,B             shift D 8 bits right
0010 4F               (           main.s):00113                 CLRA                    unsigned
                      (           main.s):00114         * Cast from `unsigned int' to byte: result already in B
0011 E7C8EB           (           main.s):00115                 STB     -21,U           variable high
                      (           main.s):00116         * Line main.c:66: init of variable low_result
                      (           main.s):00117         * Line main.c:66: function call: mul8()
0014 E649             (           main.s):00118                 LDB     9,U             variable `b', declared at main.c:61
                      (           main.s):00119         * optim: stripExtraClrA_B
0016 3406             (           main.s):00120                 PSHS    B,A             C function argument 2 of mul8(): unsigned char
0018 E6C8EA           (           main.s):00121                 LDB     -22,U           variable `low', declared at main.c:63
                      (           main.s):00122         * optim: stripExtraClrA_B
001B 3406             (           main.s):00123                 PSHS    B,A             C function argument 1 of mul8(): unsigned char
001D BD0000           (           main.s):00124                 JSR     _mul8
0020 3264             (           main.s):00125                 LEAS    4,S
0022 EDC8EC           (           main.s):00126                 STD     -20,U           variable low_result
                      (           main.s):00127         * Line main.c:67: init of variable high_result
                      (           main.s):00128         * Line main.c:67: function call: mul8()
0025 E649             (           main.s):00129                 LDB     9,U             variable `b', declared at main.c:61
0027 4F               (           main.s):00130                 CLRA                    promoting byte argument to word
0028 3406             (           main.s):00131                 PSHS    B,A             C function argument 2 of mul8(): unsigned char
002A E6C8EB           (           main.s):00132                 LDB     -21,U           variable `high', declared at main.c:64
                      (           main.s):00133         * optim: stripExtraClrA_B
002D 3406             (           main.s):00134                 PSHS    B,A             C function argument 1 of mul8(): unsigned char
002F BD0000           (           main.s):00135                 JSR     _mul8
0032 3264             (           main.s):00136                 LEAS    4,S
0034 EDC8EE           (           main.s):00137                 STD     -18,U           variable high_result
                      (           main.s):00138         * Line main.c:71: assignment: =
0037 ECC8EC           (           main.s):00139                 LDD     -20,U           variable `low_result', declared at main.c:66
003A 3054             (           main.s):00140                 LEAX    -12,U           destination of cast
003C 170000           (           main.s):00141                 LBSR    initDWordFromUnsignedWord
003F 1F10             (           main.s):00142                 TFR     X,D             make D point to source struct
0041 3050             (           main.s):00143                 LEAX    -16,U           variable `result', declared at main.c:69
0043 170000           (           main.s):00144                 LBSR    copyDWord       copy 4-byte struct (preserves X)
                      (           main.s):00145         * Line main.c:72: assignment: +=
                      (           main.s):00146         * Push right operand of add.
0046 4F               (           main.s):00147                 CLRA
0047 C608             (           main.s):00148                 LDB     #$08            decimal 8 signed
0049 3404             (           main.s):00149                 PSHS    B               number of bits to shift
004B ECC8EE           (           main.s):00150                 LDD     -18,U           variable `high_result', declared at main.c:67
004E 305C             (           main.s):00151                 LEAX    -4,U            destination of cast
0050 170000           (           main.s):00152                 LBSR    initDWordFromUnsignedWord
0053 3410             (           main.s):00153                 PSHS    X               address of input dword to be shifted
0055 3058             (           main.s):00154                 LEAX    -8,U            temporary destination, type long
0057 170000           (           main.s):00155                 LBSR    leftShiftDWord  preserves X
005A 3263             (           main.s):00156                 LEAS    3,S
005C 3410             (           main.s):00157                 PSHS    X
                      (           main.s):00158         * Push left operand of add.
005E 3050             (           main.s):00159                 LEAX    -16,U           variable `result', declared at main.c:69
0060 3410             (           main.s):00160                 PSHS    X
0062 170000           (           main.s):00161                 LBSR    addDWordDWord   preserves X
0065 3264             (           main.s):00162                 LEAS    4,S
0067 3050             (           main.s):00163                 LEAX    -16,U           variable `result', declared at main.c:69
0069 EC44             (           main.s):00164                 LDD     4,U             address of return value
006B 170000           (           main.s):00165                 LBSR    copyDWordFromXToD
                      (           main.s):00166         * optim: branchToNextLocation
                      (           main.s):00167         * Useless label L00034 removed
006E 32C4             (           main.s):00168                 LEAS    ,U
0070 35C0             (           main.s):00169                 PULS    U,PC
                      (           main.s):00170         * END FUNCTION mul16x8(): defined at main.c:61
     0072             (           main.s):00171         funcend_mul16x8 EQU *
     0072             (           main.s):00172         funcsize_mul16x8        EQU     funcend_mul16x8-_mul16x8
                      (           main.s):00173         _mul16x16       EXPORT
                      (           main.s):00174         
                      (           main.s):00175         
                      (           main.s):00176         *******************************************************************************
                      (           main.s):00177         
                      (           main.s):00178         * FUNCTION mul16x16(): defined at main.c:77
     0072             (           main.s):00179         _mul16x16       EQU     *
                      (           main.s):00180         * Prototype: long mul16x16(unsigned int, unsigned int)
                      (           main.s):00181         * Calling convention: 0 (CMOC Default)
0072 3440             (           main.s):00182                 PSHS    U
0074 33E4             (           main.s):00183                 LEAU    ,S
0076 32E8DA           (           main.s):00184                 LEAS    -38,S
                      (           main.s):00185         * Formal parameter(s):
                      (           main.s):00186         *      6,U:    2 bytes: a: unsigned int: line 77
                      (           main.s):00187         *      8,U:    2 bytes: b: unsigned int: line 77
                      (           main.s):00188         * Local non-static variable(s):
                      (           main.s):00189         *    -38,U:    1 byte : low: unsigned char: line 78
                      (           main.s):00190         *    -37,U:    1 byte : high: unsigned char: line 79
                      (           main.s):00191         *    -36,U:    4 bytes: low_result: unsigned long: line 81
                      (           main.s):00192         *    -32,U:    4 bytes: high_result: unsigned long: line 82
                      (           main.s):00193         *    -28,U:    4 bytes: result: long: line 84
                      (           main.s):00194         *    -24,U:    4 bytes: $V00059: long: line 81
                      (           main.s):00195         *    -20,U:    4 bytes: $V00060: long: line 82
                      (           main.s):00196         *    -16,U:    4 bytes: $V00061: long: line 84
                      (           main.s):00197         *    -12,U:    4 bytes: $V00062: long: line 84
                      (           main.s):00198         *     -8,U:    4 bytes: $V00063: long: line 84
                      (           main.s):00199         *     -4,U:    4 bytes: $V00064: long: line 84
                      (           main.s):00200         * Line main.c:78: init of variable low
0079 EC46             (           main.s):00201                 LDD     6,U             variable `a', declared at main.c:77
                      (           main.s):00202         * Cast from `unsigned int' to byte: result already in B
007B E7C8DA           (           main.s):00203                 STB     -38,U           variable low
                      (           main.s):00204         * Line main.c:79: init of variable high
007E EC46             (           main.s):00205                 LDD     6,U             variable `a', declared at main.c:77
0080 1F89             (           main.s):00206                 TFR     A,B             shift D 8 bits right
0082 4F               (           main.s):00207                 CLRA                    unsigned
                      (           main.s):00208         * Cast from `unsigned int' to byte: result already in B
0083 E7C8DB           (           main.s):00209                 STB     -37,U           variable high
                      (           main.s):00210         * Line main.c:81: init of variable low_result
                      (           main.s):00211         * Line main.c:81: function call: mul16x8()
0086 E6C8DA           (           main.s):00212                 LDB     -38,U           variable `low', declared at main.c:78
                      (           main.s):00213         * optim: stripExtraClrA_B
0089 3406             (           main.s):00214                 PSHS    B,A             C function argument 2 of mul16x8(): unsigned char
008B EC48             (           main.s):00215                 LDD     8,U             variable `b', declared at main.c:77
008D 3406             (           main.s):00216                 PSHS    B,A             C function argument 1 of mul16x8(): unsigned int
008F 30C8E8           (           main.s):00217                 LEAX    -24,U           address of struct/union to be returned by mul16x8()
0092 3410             (           main.s):00218                 PSHS    X               hidden argument
0094 BD0000           (           main.s):00219                 JSR     _mul16x8
0097 3266             (           main.s):00220                 LEAS    6,S
0099 30C8E8           (           main.s):00221                 LEAX    -24,U           address of struct/union returned by mul16x8()
009C 1F10             (           main.s):00222                 TFR     X,D             address of source number
009E 30C8DC           (           main.s):00223                 LEAX    -36,U           variable low_result
00A1 170000           (           main.s):00224                 LBSR    copyDWord
                      (           main.s):00225         * Line main.c:82: init of variable high_result
                      (           main.s):00226         * Line main.c:82: function call: mul16x8()
00A4 E6C8DB           (           main.s):00227                 LDB     -37,U           variable `high', declared at main.c:79
00A7 4F               (           main.s):00228                 CLRA                    promoting byte argument to word
00A8 3406             (           main.s):00229                 PSHS    B,A             C function argument 2 of mul16x8(): unsigned char
00AA EC48             (           main.s):00230                 LDD     8,U             variable `b', declared at main.c:77
00AC 3406             (           main.s):00231                 PSHS    B,A             C function argument 1 of mul16x8(): unsigned int
00AE 30C8EC           (           main.s):00232                 LEAX    -20,U           address of struct/union to be returned by mul16x8()
00B1 3410             (           main.s):00233                 PSHS    X               hidden argument
00B3 BD0000           (           main.s):00234                 JSR     _mul16x8
00B6 3266             (           main.s):00235                 LEAS    6,S
00B8 30C8EC           (           main.s):00236                 LEAX    -20,U           address of struct/union returned by mul16x8()
00BB 1F10             (           main.s):00237                 TFR     X,D             address of source number
00BD 30C8E0           (           main.s):00238                 LEAX    -32,U           variable high_result
00C0 170000           (           main.s):00239                 LBSR    copyDWord
                      (           main.s):00240         * Line main.c:84: init of variable result
                      (           main.s):00241         * Push right operand of add.
00C3 4F               (           main.s):00242                 CLRA
00C4 C608             (           main.s):00243                 LDB     #$08            decimal 8 signed
00C6 3404             (           main.s):00244                 PSHS    B               number of bits to shift
00C8 30C8E0           (           main.s):00245                 LEAX    -32,U           variable `high_result', declared at main.c:82
00CB 3410             (           main.s):00246                 PSHS    X               address of input dword to be shifted
00CD 3058             (           main.s):00247                 LEAX    -8,U            temporary destination, type long
00CF 170000           (           main.s):00248                 LBSR    leftShiftDWord  preserves X
00D2 3263             (           main.s):00249                 LEAS    3,S
00D4 3410             (           main.s):00250                 PSHS    X
                      (           main.s):00251         * Push left operand of add.
00D6 30C8DC           (           main.s):00252                 LEAX    -36,U           variable `low_result', declared at main.c:81
00D9 3410             (           main.s):00253                 PSHS    X
00DB 3050             (           main.s):00254                 LEAX    -16,U           temporary destination, type long
00DD 170000           (           main.s):00255                 LBSR    addDWordDWord   preserves X
00E0 3264             (           main.s):00256                 LEAS    4,S
00E2 1F10             (           main.s):00257                 TFR     X,D             address of source number
00E4 30C8E4           (           main.s):00258                 LEAX    -28,U           variable result
00E7 170000           (           main.s):00259                 LBSR    copyDWord
00EA 30C8E4           (           main.s):00260                 LEAX    -28,U           variable `result', declared at main.c:84
00ED EC44             (           main.s):00261                 LDD     4,U             address of return value
00EF 170000           (           main.s):00262                 LBSR    copyDWordFromXToD
                      (           main.s):00263         * optim: branchToNextLocation
                      (           main.s):00264         * Useless label L00035 removed
00F2 32C4             (           main.s):00265                 LEAS    ,U
00F4 35C0             (           main.s):00266                 PULS    U,PC
                      (           main.s):00267         * END FUNCTION mul16x16(): defined at main.c:77
     00F6             (           main.s):00268         funcend_mul16x16        EQU *
     0084             (           main.s):00269         funcsize_mul16x16       EQU     funcend_mul16x16-_mul16x16
                      (           main.s):00270         _mul8_u EXPORT
                      (           main.s):00271         
                      (           main.s):00272         
                      (           main.s):00273         *******************************************************************************
                      (           main.s):00274         
                      (           main.s):00275         * FUNCTION mul8_u(): defined at main.c:89
     00F6             (           main.s):00276         _mul8_u EQU     *
                      (           main.s):00277         * Prototype: long mul8_u(long, long)
                      (           main.s):00278         * Calling convention: 0 (CMOC Default)
00F6 3440             (           main.s):00279                 PSHS    U
00F8 33E4             (           main.s):00280                 LEAU    ,S
00FA 327C             (           main.s):00281                 LEAS    -4,S
                      (           main.s):00282         * Formal parameter(s):
                      (           main.s):00283         *      6,U:    4 bytes: a: long: line 89
                      (           main.s):00284         *     10,U:    4 bytes: b: long: line 89
                      (           main.s):00285         * Local non-static variable(s):
                      (           main.s):00286         *     -4,U:    4 bytes: $V00065: long: line 90
                      (           main.s):00287         * Line main.c:90: function call: mul8()
00FC 304A             (           main.s):00288                 LEAX    10,U            variable `b', declared at main.c:89
00FE 1F10             (           main.s):00289                 TFR     X,D             cast to `unsigned char': address of source number in D
0100 327F             (           main.s):00290                 LEAS    -1,S            result of cast
0102 30E4             (           main.s):00291                 LEAX    ,S
0104 170000           (           main.s):00292                 LBSR    initByteFromDWord
0107 3504             (           main.s):00293                 PULS    B               result of cast
0109 4F               (           main.s):00294                 CLRA                    promoting byte argument to word
010A 3406             (           main.s):00295                 PSHS    B,A             C function argument 2 of mul8(): unsigned char
010C 3046             (           main.s):00296                 LEAX    6,U             variable `a', declared at main.c:89
010E 1F10             (           main.s):00297                 TFR     X,D             cast to `unsigned char': address of source number in D
0110 327F             (           main.s):00298                 LEAS    -1,S            result of cast
0112 30E4             (           main.s):00299                 LEAX    ,S
0114 170000           (           main.s):00300                 LBSR    initByteFromDWord
0117 3504             (           main.s):00301                 PULS    B               result of cast
0119 4F               (           main.s):00302                 CLRA                    promoting byte argument to word
011A 3406             (           main.s):00303                 PSHS    B,A             C function argument 1 of mul8(): unsigned char
011C BD0000           (           main.s):00304                 JSR     _mul8
011F 3264             (           main.s):00305                 LEAS    4,S
0121 305C             (           main.s):00306                 LEAX    -4,U            destination of cast
0123 170000           (           main.s):00307                 LBSR    initDWordFromSignedWord
0126 EC44             (           main.s):00308                 LDD     4,U             address of return value
0128 170000           (           main.s):00309                 LBSR    copyDWordFromXToD
                      (           main.s):00310         * optim: branchToNextLocation
                      (           main.s):00311         * Useless label L00036 removed
012B 32C4             (           main.s):00312                 LEAS    ,U
012D 35C0             (           main.s):00313                 PULS    U,PC
                      (           main.s):00314         * END FUNCTION mul8_u(): defined at main.c:89
     012F             (           main.s):00315         funcend_mul8_u  EQU *
     0039             (           main.s):00316         funcsize_mul8_u EQU     funcend_mul8_u-_mul8_u
                      (           main.s):00317         _mul16x8_u      EXPORT
                      (           main.s):00318         
                      (           main.s):00319         
                      (           main.s):00320         *******************************************************************************
                      (           main.s):00321         
                      (           main.s):00322         * FUNCTION mul16x8_u(): defined at main.c:93
     012F             (           main.s):00323         _mul16x8_u      EQU     *
                      (           main.s):00324         * Prototype: long mul16x8_u(long, long)
                      (           main.s):00325         * Calling convention: 0 (CMOC Default)
012F 3440             (           main.s):00326                 PSHS    U
0131 33E4             (           main.s):00327                 LEAU    ,S
0133 3278             (           main.s):00328                 LEAS    -8,S
                      (           main.s):00329         * Formal parameter(s):
                      (           main.s):00330         *      6,U:    4 bytes: a: long: line 93
                      (           main.s):00331         *     10,U:    4 bytes: b: long: line 93
                      (           main.s):00332         * Local non-static variable(s):
                      (           main.s):00333         *     -8,U:    4 bytes: $V00066: long: line 94
                      (           main.s):00334         *     -4,U:    4 bytes: $V00067: long: line 94
                      (           main.s):00335         * Line main.c:94: function call: mul16x8()
0135 304A             (           main.s):00336                 LEAX    10,U            variable `b', declared at main.c:93
0137 1F10             (           main.s):00337                 TFR     X,D             cast to `unsigned char': address of source number in D
0139 327F             (           main.s):00338                 LEAS    -1,S            result of cast
013B 30E4             (           main.s):00339                 LEAX    ,S
013D 170000           (           main.s):00340                 LBSR    initByteFromDWord
0140 3504             (           main.s):00341                 PULS    B               result of cast
0142 4F               (           main.s):00342                 CLRA                    promoting byte argument to word
0143 3406             (           main.s):00343                 PSHS    B,A             C function argument 2 of mul16x8(): unsigned char
0145 3046             (           main.s):00344                 LEAX    6,U             variable `a', declared at main.c:93
0147 1F10             (           main.s):00345                 TFR     X,D             cast to `unsigned int': address of source number in D
0149 327E             (           main.s):00346                 LEAS    -2,S            result of cast
014B 30E4             (           main.s):00347                 LEAX    ,S
014D 170000           (           main.s):00348                 LBSR    initWordFromDWord
0150 3506             (           main.s):00349                 PULS    A,B             result of cast
0152 3406             (           main.s):00350                 PSHS    B,A             C function argument 1 of mul16x8(): unsigned int
0154 305C             (           main.s):00351                 LEAX    -4,U            address of struct/union to be returned by mul16x8()
0156 3410             (           main.s):00352                 PSHS    X               hidden argument
0158 BD0000           (           main.s):00353                 JSR     _mul16x8
015B 3266             (           main.s):00354                 LEAS    6,S
015D 305C             (           main.s):00355                 LEAX    -4,U            address of struct/union returned by mul16x8()
015F EC44             (           main.s):00356                 LDD     4,U             address of return value
0161 170000           (           main.s):00357                 LBSR    copyDWordFromXToD
                      (           main.s):00358         * optim: branchToNextLocation
                      (           main.s):00359         * Useless label L00037 removed
0164 32C4             (           main.s):00360                 LEAS    ,U
0166 35C0             (           main.s):00361                 PULS    U,PC
                      (           main.s):00362         * END FUNCTION mul16x8_u(): defined at main.c:93
     0168             (           main.s):00363         funcend_mul16x8_u       EQU *
     0039             (           main.s):00364         funcsize_mul16x8_u      EQU     funcend_mul16x8_u-_mul16x8_u
                      (           main.s):00365         _mul16x16_u     EXPORT
                      (           main.s):00366         
                      (           main.s):00367         
                      (           main.s):00368         *******************************************************************************
                      (           main.s):00369         
                      (           main.s):00370         * FUNCTION mul16x16_u(): defined at main.c:97
     0168             (           main.s):00371         _mul16x16_u     EQU     *
                      (           main.s):00372         * Prototype: long mul16x16_u(long, long)
                      (           main.s):00373         * Calling convention: 0 (CMOC Default)
0168 3440             (           main.s):00374                 PSHS    U
016A 33E4             (           main.s):00375                 LEAU    ,S
016C 3278             (           main.s):00376                 LEAS    -8,S
                      (           main.s):00377         * Formal parameter(s):
                      (           main.s):00378         *      6,U:    4 bytes: a: long: line 97
                      (           main.s):00379         *     10,U:    4 bytes: b: long: line 97
                      (           main.s):00380         * Local non-static variable(s):
                      (           main.s):00381         *     -8,U:    4 bytes: $V00068: long: line 98
                      (           main.s):00382         *     -4,U:    4 bytes: $V00069: long: line 98
                      (           main.s):00383         * Line main.c:98: function call: mul16x16()
016E 304A             (           main.s):00384                 LEAX    10,U            variable `b', declared at main.c:97
0170 1F10             (           main.s):00385                 TFR     X,D             cast to `unsigned int': address of source number in D
0172 327E             (           main.s):00386                 LEAS    -2,S            result of cast
0174 30E4             (           main.s):00387                 LEAX    ,S
0176 170000           (           main.s):00388                 LBSR    initWordFromDWord
0179 3506             (           main.s):00389                 PULS    A,B             result of cast
017B 3406             (           main.s):00390                 PSHS    B,A             C function argument 2 of mul16x16(): unsigned int
017D 3046             (           main.s):00391                 LEAX    6,U             variable `a', declared at main.c:97
017F 1F10             (           main.s):00392                 TFR     X,D             cast to `unsigned int': address of source number in D
0181 327E             (           main.s):00393                 LEAS    -2,S            result of cast
0183 30E4             (           main.s):00394                 LEAX    ,S
0185 170000           (           main.s):00395                 LBSR    initWordFromDWord
0188 3506             (           main.s):00396                 PULS    A,B             result of cast
018A 3406             (           main.s):00397                 PSHS    B,A             C function argument 1 of mul16x16(): unsigned int
018C 305C             (           main.s):00398                 LEAX    -4,U            address of struct/union to be returned by mul16x16()
018E 3410             (           main.s):00399                 PSHS    X               hidden argument
0190 BD0000           (           main.s):00400                 JSR     _mul16x16
0193 3266             (           main.s):00401                 LEAS    6,S
0195 305C             (           main.s):00402                 LEAX    -4,U            address of struct/union returned by mul16x16()
0197 EC44             (           main.s):00403                 LDD     4,U             address of return value
0199 170000           (           main.s):00404                 LBSR    copyDWordFromXToD
                      (           main.s):00405         * optim: branchToNextLocation
                      (           main.s):00406         * Useless label L00038 removed
019C 32C4             (           main.s):00407                 LEAS    ,U
019E 35C0             (           main.s):00408                 PULS    U,PC
                      (           main.s):00409         * END FUNCTION mul16x16_u(): defined at main.c:97
     01A0             (           main.s):00410         funcend_mul16x16_u      EQU *
     0038             (           main.s):00411         funcsize_mul16x16_u     EQU     funcend_mul16x16_u-_mul16x16_u
                      (           main.s):00412         _mul_signed_neg EXPORT
                      (           main.s):00413         
                      (           main.s):00414         
                      (           main.s):00415         *******************************************************************************
                      (           main.s):00416         
                      (           main.s):00417         * FUNCTION mul_signed_neg(): defined at main.c:101
     01A0             (           main.s):00418         _mul_signed_neg EQU     *
                      (           main.s):00419         * Prototype: unsigned long mul_signed_neg(long, long, long (*)(long, long), char *)
                      (           main.s):00420         * Calling convention: 0 (CMOC Default)
01A0 3440             (           main.s):00421                 PSHS    U
01A2 33E4             (           main.s):00422                 LEAU    ,S
01A4 3274             (           main.s):00423                 LEAS    -12,S
                      (           main.s):00424         * Formal parameter(s):
                      (           main.s):00425         *      6,U:    4 bytes: a: long: line 101
                      (           main.s):00426         *     10,U:    4 bytes: b: long: line 101
                      (           main.s):00427         *     14,U:    2 bytes: func: long (*)(long, long): line 101
                      (           main.s):00428         *     16,U:    2 bytes: neg: char *: line 101
                      (           main.s):00429         * Local non-static variable(s):
                      (           main.s):00430         *    -12,U:    4 bytes: $V00070: long: line 103
                      (           main.s):00431         *    -12,U:    4 bytes: $V00071: long: line 108
                      (           main.s):00432         *     -8,U:    4 bytes: result: long: line 112
                      (           main.s):00433         *     -4,U:    4 bytes: $V00072: long: line 112
                      (           main.s):00434         * Line main.c:102: if
                      (           main.s):00435         * push right operand of comparison
01A6 4F               (           main.s):00436                 CLRA
01A7 5F               (           main.s):00437                 CLRB
01A8 3406             (           main.s):00438                 PSHS    B,A
                      (           main.s):00439         * push left operand of comparison
01AA 3046             (           main.s):00440                 LEAX    6,U             variable `a', declared at main.c:101
01AC 3410             (           main.s):00441                 PSHS    X
01AE 170000           (           main.s):00442                 LBSR    cmpDWordSignedInt       sets N, Z, V, C; preserves X
01B1 3264             (           main.s):00443                 LEAS    4,S
01B3 2C21             (           main.s):00444                 BGE     L00114           (optim: condBranchOverUncondBranch)
                      (           main.s):00445         * optim: condBranchOverUncondBranch
                      (           main.s):00446         * Useless label L00113 removed
                      (           main.s):00447         * Line main.c:102
                      (           main.s):00448         * Line main.c:103: assignment: =
01B5 3046             (           main.s):00449                 LEAX    6,U             variable `a', declared at main.c:101
01B7 1F10             (           main.s):00450                 TFR     X,D             operand
01B9 3054             (           main.s):00451                 LEAX    -12,U           address of result of operator
01BB 170000           (           main.s):00452                 LBSR    copyDWord       preserves X
01BE 170000           (           main.s):00453                 LBSR    negateDWord     preserves X
01C1 1F10             (           main.s):00454                 TFR     X,D             make D point to source struct
01C3 3046             (           main.s):00455                 LEAX    6,U             variable `a', declared at main.c:101
01C5 170000           (           main.s):00456                 LBSR    copyDWord       copy 4-byte struct (preserves X)
                      (           main.s):00457         * Line main.c:104: assignment: ^=
01C8 4F               (           main.s):00458                 CLRA
01C9 C601             (           main.s):00459                 LDB     #$01            decimal 1 signed
                      (           main.s):00460         * PSHS B,A optim: optimizeStackOperations1
01CB 30C810           (           main.s):00461                 LEAX    16,U
01CE C601             (           main.s):00462                 LDB     #1              optim: removeAndOrMulAddSub
01D0 A884             (           main.s):00463                 EORA    ,X
01D2 E801             (           main.s):00464                 EORB    1,X
01D4 ED84             (           main.s):00465                 STD     ,X
     01D6             (           main.s):00466         L00114  EQU     *               else clause of if() started at main.c:102
                      (           main.s):00467         * Useless label L00115 removed
                      (           main.s):00468         * Line main.c:107: if
                      (           main.s):00469         * push right operand of comparison
01D6 4F               (           main.s):00470                 CLRA
01D7 5F               (           main.s):00471                 CLRB
01D8 3406             (           main.s):00472                 PSHS    B,A
                      (           main.s):00473         * push left operand of comparison
01DA 304A             (           main.s):00474                 LEAX    10,U            variable `b', declared at main.c:101
01DC 3410             (           main.s):00475                 PSHS    X
01DE 170000           (           main.s):00476                 LBSR    cmpDWordSignedInt       sets N, Z, V, C; preserves X
01E1 3264             (           main.s):00477                 LEAS    4,S
01E3 2C21             (           main.s):00478                 BGE     L00117           (optim: condBranchOverUncondBranch)
                      (           main.s):00479         * optim: condBranchOverUncondBranch
                      (           main.s):00480         * Useless label L00116 removed
                      (           main.s):00481         * Line main.c:107
                      (           main.s):00482         * Line main.c:108: assignment: =
01E5 304A             (           main.s):00483                 LEAX    10,U            variable `b', declared at main.c:101
01E7 1F10             (           main.s):00484                 TFR     X,D             operand
01E9 3054             (           main.s):00485                 LEAX    -12,U           address of result of operator
01EB 170000           (           main.s):00486                 LBSR    copyDWord       preserves X
01EE 170000           (           main.s):00487                 LBSR    negateDWord     preserves X
01F1 1F10             (           main.s):00488                 TFR     X,D             make D point to source struct
01F3 304A             (           main.s):00489                 LEAX    10,U            variable `b', declared at main.c:101
01F5 170000           (           main.s):00490                 LBSR    copyDWord       copy 4-byte struct (preserves X)
                      (           main.s):00491         * Line main.c:109: assignment: ^=
01F8 4F               (           main.s):00492                 CLRA
01F9 C601             (           main.s):00493                 LDB     #$01            decimal 1 signed
                      (           main.s):00494         * PSHS B,A optim: optimizeStackOperations1
01FB 30C810           (           main.s):00495                 LEAX    16,U
01FE C601             (           main.s):00496                 LDB     #1              optim: removeAndOrMulAddSub
0200 A884             (           main.s):00497                 EORA    ,X
0202 E801             (           main.s):00498                 EORB    1,X
0204 ED84             (           main.s):00499                 STD     ,X
     0206             (           main.s):00500         L00117  EQU     *               else clause of if() started at main.c:107
                      (           main.s):00501         * Useless label L00118 removed
                      (           main.s):00502         * Line main.c:112: init of variable result
                      (           main.s):00503         * Line main.c:112: function call through pointer
0206 304A             (           main.s):00504                 LEAX    10,U            variable `b', declared at main.c:101
0208 327C             (           main.s):00505                 LEAS    -4,S            pass long by value
020A 170000           (           main.s):00506                 LBSR    push4ByteStruct C function argument 2: long
020D 3046             (           main.s):00507                 LEAX    6,U             variable `a', declared at main.c:101
020F 327C             (           main.s):00508                 LEAS    -4,S            pass long by value
0211 170000           (           main.s):00509                 LBSR    push4ByteStruct C function argument 1: long
0214 305C             (           main.s):00510                 LEAX    -4,U            address of struct/union to be returned by ()
0216 3410             (           main.s):00511                 PSHS    X               hidden argument
0218 ADD80E           (           main.s):00512                 JSR     [14,U]          indirect call through variable `func'
021B 326A             (           main.s):00513                 LEAS    10,S
021D 305C             (           main.s):00514                 LEAX    -4,U            address of struct/union returned by ()
021F 1F10             (           main.s):00515                 TFR     X,D             address of source number
0221 3058             (           main.s):00516                 LEAX    -8,U            variable result
0223 170000           (           main.s):00517                 LBSR    copyDWord
0226 3058             (           main.s):00518                 LEAX    -8,U            variable `result', declared at main.c:112
0228 EC44             (           main.s):00519                 LDD     4,U             address of return value
022A 170000           (           main.s):00520                 LBSR    copyDWordFromXToD
                      (           main.s):00521         * optim: branchToNextLocation
                      (           main.s):00522         * Useless label L00039 removed
022D 32C4             (           main.s):00523                 LEAS    ,U
022F 35C0             (           main.s):00524                 PULS    U,PC
                      (           main.s):00525         * END FUNCTION mul_signed_neg(): defined at main.c:101
     0231             (           main.s):00526         funcend_mul_signed_neg  EQU *
     0091             (           main.s):00527         funcsize_mul_signed_neg EQU     funcend_mul_signed_neg-_mul_signed_neg
                      (           main.s):00528         _mul_signed     EXPORT
                      (           main.s):00529         
                      (           main.s):00530         
                      (           main.s):00531         *******************************************************************************
                      (           main.s):00532         
                      (           main.s):00533         * FUNCTION mul_signed(): defined at main.c:117
     0231             (           main.s):00534         _mul_signed     EQU     *
                      (           main.s):00535         * Prototype: long mul_signed(long, long, long (*)(long, long))
                      (           main.s):00536         * Calling convention: 0 (CMOC Default)
0231 3440             (           main.s):00537                 PSHS    U
0233 33E4             (           main.s):00538                 LEAU    ,S
0235 3273             (           main.s):00539                 LEAS    -13,S
                      (           main.s):00540         * Formal parameter(s):
                      (           main.s):00541         *      6,U:    4 bytes: a: long: line 117
                      (           main.s):00542         *     10,U:    4 bytes: b: long: line 117
                      (           main.s):00543         *     14,U:    2 bytes: func: long (*)(long, long): line 117
                      (           main.s):00544         * Local non-static variable(s):
                      (           main.s):00545         *    -13,U:    4 bytes: $V00073: long: line 121
                      (           main.s):00546         *    -13,U:    4 bytes: $V00074: long: line 126
                      (           main.s):00547         *    -13,U:    4 bytes: $V00076: long: line 133
                      (           main.s):00548         *     -9,U:    1 byte : neg: char: line 118
                      (           main.s):00549         *     -8,U:    4 bytes: result: long: line 130
                      (           main.s):00550         *     -4,U:    4 bytes: $V00075: long: line 130
                      (           main.s):00551         * Line main.c:118: init of variable neg
0237 6F57             (           main.s):00552                 CLR     -9,U            init of variable neg
                      (           main.s):00553         * Line main.c:120: if
                      (           main.s):00554         * push right operand of comparison
0239 4F               (           main.s):00555                 CLRA
023A 5F               (           main.s):00556                 CLRB
023B 3406             (           main.s):00557                 PSHS    B,A
                      (           main.s):00558         * push left operand of comparison
023D 3046             (           main.s):00559                 LEAX    6,U             variable `a', declared at main.c:117
023F 3410             (           main.s):00560                 PSHS    X
0241 170000           (           main.s):00561                 LBSR    cmpDWordSignedInt       sets N, Z, V, C; preserves X
0244 3264             (           main.s):00562                 LEAS    4,S
0246 2C1A             (           main.s):00563                 BGE     L00120           (optim: condBranchOverUncondBranch)
                      (           main.s):00564         * optim: condBranchOverUncondBranch
                      (           main.s):00565         * Useless label L00119 removed
                      (           main.s):00566         * Line main.c:120
                      (           main.s):00567         * Line main.c:121: assignment: =
0248 3046             (           main.s):00568                 LEAX    6,U             variable `a', declared at main.c:117
024A 1F10             (           main.s):00569                 TFR     X,D             operand
024C 3053             (           main.s):00570                 LEAX    -13,U           address of result of operator
024E 170000           (           main.s):00571                 LBSR    copyDWord       preserves X
0251 170000           (           main.s):00572                 LBSR    negateDWord     preserves X
0254 1F10             (           main.s):00573                 TFR     X,D             make D point to source struct
0256 3046             (           main.s):00574                 LEAX    6,U             variable `a', declared at main.c:117
0258 170000           (           main.s):00575                 LBSR    copyDWord       copy 4-byte struct (preserves X)
                      (           main.s):00576         * Line main.c:122: assignment: ^=
025B 4F               (           main.s):00577                 CLRA
                      (           main.s):00578         * LDB #$01 optim: optimizeStackOperations1
                      (           main.s):00579         * PSHS B optim: optimizeStackOperations1
025C E657             (           main.s):00580                 LDB     -9,U
025E C801             (           main.s):00581                 EORB    #1              optim: optimizeStackOperations1
0260 E757             (           main.s):00582                 STB     -9,U
     0262             (           main.s):00583         L00120  EQU     *               else clause of if() started at main.c:120
                      (           main.s):00584         * Useless label L00121 removed
                      (           main.s):00585         * Line main.c:125: if
                      (           main.s):00586         * push right operand of comparison
0262 4F               (           main.s):00587                 CLRA
0263 5F               (           main.s):00588                 CLRB
0264 3406             (           main.s):00589                 PSHS    B,A
                      (           main.s):00590         * push left operand of comparison
0266 304A             (           main.s):00591                 LEAX    10,U            variable `b', declared at main.c:117
0268 3410             (           main.s):00592                 PSHS    X
026A 170000           (           main.s):00593                 LBSR    cmpDWordSignedInt       sets N, Z, V, C; preserves X
026D 3264             (           main.s):00594                 LEAS    4,S
026F 2C1A             (           main.s):00595                 BGE     L00123           (optim: condBranchOverUncondBranch)
                      (           main.s):00596         * optim: condBranchOverUncondBranch
                      (           main.s):00597         * Useless label L00122 removed
                      (           main.s):00598         * Line main.c:125
                      (           main.s):00599         * Line main.c:126: assignment: =
0271 304A             (           main.s):00600                 LEAX    10,U            variable `b', declared at main.c:117
0273 1F10             (           main.s):00601                 TFR     X,D             operand
0275 3053             (           main.s):00602                 LEAX    -13,U           address of result of operator
0277 170000           (           main.s):00603                 LBSR    copyDWord       preserves X
027A 170000           (           main.s):00604                 LBSR    negateDWord     preserves X
027D 1F10             (           main.s):00605                 TFR     X,D             make D point to source struct
027F 304A             (           main.s):00606                 LEAX    10,U            variable `b', declared at main.c:117
0281 170000           (           main.s):00607                 LBSR    copyDWord       copy 4-byte struct (preserves X)
                      (           main.s):00608         * Line main.c:127: assignment: ^=
0284 4F               (           main.s):00609                 CLRA
                      (           main.s):00610         * LDB #$01 optim: optimizeStackOperations1
                      (           main.s):00611         * PSHS B optim: optimizeStackOperations1
0285 E657             (           main.s):00612                 LDB     -9,U
0287 C801             (           main.s):00613                 EORB    #1              optim: optimizeStackOperations1
0289 E757             (           main.s):00614                 STB     -9,U
     028B             (           main.s):00615         L00123  EQU     *               else clause of if() started at main.c:125
                      (           main.s):00616         * Useless label L00124 removed
                      (           main.s):00617         * Line main.c:130: init of variable result
                      (           main.s):00618         * Line main.c:130: function call through pointer
028B 304A             (           main.s):00619                 LEAX    10,U            variable `b', declared at main.c:117
028D 327C             (           main.s):00620                 LEAS    -4,S            pass long by value
028F 170000           (           main.s):00621                 LBSR    push4ByteStruct C function argument 2: long
0292 3046             (           main.s):00622                 LEAX    6,U             variable `a', declared at main.c:117
0294 327C             (           main.s):00623                 LEAS    -4,S            pass long by value
0296 170000           (           main.s):00624                 LBSR    push4ByteStruct C function argument 1: long
0299 305C             (           main.s):00625                 LEAX    -4,U            address of struct/union to be returned by ()
029B 3410             (           main.s):00626                 PSHS    X               hidden argument
029D ADD80E           (           main.s):00627                 JSR     [14,U]          indirect call through variable `func'
02A0 326A             (           main.s):00628                 LEAS    10,S
02A2 305C             (           main.s):00629                 LEAX    -4,U            address of struct/union returned by ()
02A4 1F10             (           main.s):00630                 TFR     X,D             address of source number
02A6 3058             (           main.s):00631                 LEAX    -8,U            variable result
02A8 170000           (           main.s):00632                 LBSR    copyDWord
                      (           main.s):00633         * Line main.c:132: if
02AB E657             (           main.s):00634                 LDB     -9,U            variable `neg', declared at main.c:118
                      (           main.s):00635         * optim: loadCmpZeroBeqOrBne
02AD 2713             (           main.s):00636                 BEQ     L00126           (optim: condBranchOverUncondBranch)
                      (           main.s):00637         * optim: condBranchOverUncondBranch
                      (           main.s):00638         * Useless label L00125 removed
                      (           main.s):00639         * Line main.c:132
                      (           main.s):00640         * Line main.c:133: assignment: =
02AF 3058             (           main.s):00641                 LEAX    -8,U            variable `result', declared at main.c:130
02B1 1F10             (           main.s):00642                 TFR     X,D             operand
02B3 3053             (           main.s):00643                 LEAX    -13,U           address of result of operator
02B5 170000           (           main.s):00644                 LBSR    copyDWord       preserves X
02B8 170000           (           main.s):00645                 LBSR    negateDWord     preserves X
02BB 1F10             (           main.s):00646                 TFR     X,D             make D point to source struct
02BD 3058             (           main.s):00647                 LEAX    -8,U            variable `result', declared at main.c:130
02BF 170000           (           main.s):00648                 LBSR    copyDWord       copy 4-byte struct (preserves X)
     02C2             (           main.s):00649         L00126  EQU     *               else clause of if() started at main.c:132
                      (           main.s):00650         * Useless label L00127 removed
02C2 3058             (           main.s):00651                 LEAX    -8,U            variable `result', declared at main.c:130
02C4 EC44             (           main.s):00652                 LDD     4,U             address of return value
02C6 170000           (           main.s):00653                 LBSR    copyDWordFromXToD
                      (           main.s):00654         * optim: branchToNextLocation
                      (           main.s):00655         * Useless label L00040 removed
02C9 32C4             (           main.s):00656                 LEAS    ,U
02CB 35C0             (           main.s):00657                 PULS    U,PC
                      (           main.s):00658         * END FUNCTION mul_signed(): defined at main.c:117
     02CD             (           main.s):00659         funcend_mul_signed      EQU *
     009C             (           main.s):00660         funcsize_mul_signed     EQU     funcend_mul_signed-_mul_signed
                      (           main.s):00661         _division       EXPORT
                      (           main.s):00662         
                      (           main.s):00663         
                      (           main.s):00664         *******************************************************************************
                      (           main.s):00665         
                      (           main.s):00666         * FUNCTION division(): defined at main.c:139
     02CD             (           main.s):00667         _division       EQU     *
                      (           main.s):00668         * Prototype: int division(char, int)
                      (           main.s):00669         * Calling convention: 0 (CMOC Default)
02CD 3440             (           main.s):00670                 PSHS    U
02CF 33E4             (           main.s):00671                 LEAU    ,S
02D1 327E             (           main.s):00672                 LEAS    -2,S
                      (           main.s):00673         * Formal parameter(s):
                      (           main.s):00674         *      5,U:    1 byte : a: char: line 139
                      (           main.s):00675         *      6,U:    2 bytes: bfour: int: line 139
                      (           main.s):00676         * Local non-static variable(s):
                      (           main.s):00677         *     -2,U:    2 bytes: out: int: line 142
                      (           main.s):00678         * Line main.c:140: if
02D3 EC46             (           main.s):00679                 LDD     6,U             variable bfour
02D5 10830010         (           main.s):00680                 CMPD    #$10
02D9 2C04             (           main.s):00681                 BGE     L00129           (optim: condBranchOverUncondBranch)
                      (           main.s):00682         * optim: condBranchOverUncondBranch
                      (           main.s):00683         * Useless label L00128 removed
                      (           main.s):00684         * Line main.c:140
                      (           main.s):00685         * Line main.c:140: return with value
02DB 4F               (           main.s):00686                 CLRA
02DC 5F               (           main.s):00687                 CLRB
02DD 203C             (           main.s):00688                 BRA     L00041          return (main.c:140)
     02DF             (           main.s):00689         L00129  EQU     *               else clause of if() started at main.c:140
                      (           main.s):00690         * Useless label L00130 removed
                      (           main.s):00691         * Line main.c:142: init of variable out
02DF E645             (           main.s):00692                 LDB     5,U             variable `a', declared at main.c:139
02E1 1D               (           main.s):00693                 SEX                     promotion of binary operand
02E2 3406             (           main.s):00694                 PSHS    B,A             operands of multiplication are not both byte-sized
02E4 EC46             (           main.s):00695                 LDD     6,U             variable bfour
02E6 58               (           main.s):00696                 LSLB
02E7 49               (           main.s):00697                 ROLA
02E8 8E0000           (           main.s):00698                 LDX     #_recip_table+0 address of array recip_table (optim: removePCRIfRelocatabilityNotSupported)
                      (           main.s):00699         * optim: optimizeLoadDX
02EB EC8B             (           main.s):00700                 LDD     D,X             get r-value (optim: optimizeLoadDX)
02ED 1F89             (           main.s):00701                 TFR     A,B             shift D 8 bits right
02EF 4F               (           main.s):00702                 CLRA                    unsigned
02F0 54               (           main.s):00703                 LSRB
02F1 54               (           main.s):00704                 LSRB
                      (           main.s):00705         * Emitted no code to cast `const unsigned int' to `int'
02F2 3510             (           main.s):00706                 PULS    X
02F4 170000           (           main.s):00707                 LBSR    MUL16
02F7 ED5E             (           main.s):00708                 STD     -2,U            variable out
                      (           main.s):00709         * Line main.c:143: if
02F9 E645             (           main.s):00710                 LDB     5,U             variable a
02FB C100             (           main.s):00711                 CMPB    #$00
02FD 2C07             (           main.s):00712                 BGE     L00133           (optim: condBranchOverUncondBranch)
                      (           main.s):00713         * optim: condBranchOverUncondBranch
                      (           main.s):00714         * Useless label L00134 removed
02FF EC46             (           main.s):00715                 LDD     6,U             variable bfour
0301 C30000           (           main.s):00716                 ADDD    #0
0304 2E0D             (           main.s):00717                 BGT     L00131
                      (           main.s):00718         * optim: branchToNextLocation
     0306             (           main.s):00719         L00133  EQU     *
0306 E645             (           main.s):00720                 LDB     5,U             variable a
0308 C100             (           main.s):00721                 CMPB    #$00
030A 2F0D             (           main.s):00722                 BLE     L00132           (optim: condBranchOverUncondBranch)
                      (           main.s):00723         * optim: condBranchOverUncondBranch
                      (           main.s):00724         * Useless label L00135 removed
030C EC46             (           main.s):00725                 LDD     6,U             variable bfour
030E C30000           (           main.s):00726                 ADDD    #0
0311 2C06             (           main.s):00727                 BGE     L00132           (optim: condBranchOverUncondBranch)
                      (           main.s):00728         * optim: condBranchOverUncondBranch
     0313             (           main.s):00729         L00131  EQU     *               then clause of if() started at main.c:143
                      (           main.s):00730         * Line main.c:143
                      (           main.s):00731         * Line main.c:144: assignment: =
0313 4F               (           main.s):00732                 CLRA                    Negation of variable out
0314 5F               (           main.s):00733                 CLRB
0315 A35E             (           main.s):00734                 SUBD    -2,U
0317 ED5E             (           main.s):00735                 STD     -2,U
     0319             (           main.s):00736         L00132  EQU     *               else clause of if() started at main.c:143
                      (           main.s):00737         * Useless label L00136 removed
                      (           main.s):00738         * Line main.c:146: return with value
0319 EC5E             (           main.s):00739                 LDD     -2,U            variable `out', declared at main.c:142
                      (           main.s):00740         * optim: branchToNextLocation
     031B             (           main.s):00741         L00041  EQU     *               end of division()
031B 32C4             (           main.s):00742                 LEAS    ,U
031D 35C0             (           main.s):00743                 PULS    U,PC
                      (           main.s):00744         * END FUNCTION division(): defined at main.c:139
     031F             (           main.s):00745         funcend_division        EQU *
     0052             (           main.s):00746         funcsize_division       EQU     funcend_division-_division
                      (           main.s):00747         _int_to_string  EXPORT
                      (           main.s):00748         
                      (           main.s):00749         
                      (           main.s):00750         *******************************************************************************
                      (           main.s):00751         
                      (           main.s):00752         * FUNCTION int_to_string(): defined at main.c:149
     031F             (           main.s):00753         _int_to_string  EQU     *
                      (           main.s):00754         * Prototype: void int_to_string(int, char *)
                      (           main.s):00755         * Calling convention: 0 (CMOC Default)
031F 3440             (           main.s):00756                 PSHS    U
0321 33E4             (           main.s):00757                 LEAU    ,S
0323 3277             (           main.s):00758                 LEAS    -9,S
                      (           main.s):00759         * Formal parameter(s):
                      (           main.s):00760         *      4,U:    2 bytes: n: int: line 149
                      (           main.s):00761         *      6,U:    2 bytes: str: char *: line 149
                      (           main.s):00762         * Local non-static variable(s):
                      (           main.s):00763         *     -9,U:    1 byte : t: char: line 183
                      (           main.s):00764         *     -8,U:    2 bytes: i: int: line 151
                      (           main.s):00765         *     -6,U:    2 bytes: neg: int: line 152
                      (           main.s):00766         *     -4,U:    2 bytes: a: int: line 178
                      (           main.s):00767         *     -2,U:    2 bytes: b: int: line 179
                      (           main.s):00768         * Line main.c:151: init of variable i
0325 4F               (           main.s):00769                 CLRA
0326 5F               (           main.s):00770                 CLRB
0327 ED58             (           main.s):00771                 STD     -8,U            variable i
                      (           main.s):00772         * Line main.c:152: init of variable neg
                      (           main.s):00773         * optim: stripExtraClrA_B
                      (           main.s):00774         * optim: stripExtraClrA_B
0329 ED5A             (           main.s):00775                 STD     -6,U            variable neg
                      (           main.s):00776         * Line main.c:154: if
032B EC44             (           main.s):00777                 LDD     4,U             variable n
032D C30000           (           main.s):00778                 ADDD    #0
0330 2C0A             (           main.s):00779                 BGE     L00138           (optim: condBranchOverUncondBranch)
                      (           main.s):00780         * optim: condBranchOverUncondBranch
                      (           main.s):00781         * Useless label L00137 removed
                      (           main.s):00782         * Line main.c:155
                      (           main.s):00783         * Line main.c:156: assignment: =
0332 4F               (           main.s):00784                 CLRA
0333 C601             (           main.s):00785                 LDB     #$01            decimal 1 signed
0335 ED5A             (           main.s):00786                 STD     -6,U
                      (           main.s):00787         * Line main.c:157: assignment: =
                      (           main.s):00788         * optim: stripExtraClrA_B
0337 5F               (           main.s):00789                 CLRB
0338 A344             (           main.s):00790                 SUBD    4,U
033A ED44             (           main.s):00791                 STD     4,U
     033C             (           main.s):00792         L00138  EQU     *               else clause of if() started at main.c:154
                      (           main.s):00793         * Useless label L00139 removed
                      (           main.s):00794         * Line main.c:160: if
033C EC44             (           main.s):00795                 LDD     4,U             variable `n', declared at main.c:149
                      (           main.s):00796         * optim: loadCmpZeroBeqOrBne
033E 2641             (           main.s):00797                 BNE     L00144           (optim: condBranchOverUncondBranch)
                      (           main.s):00798         * optim: condBranchOverUncondBranch
                      (           main.s):00799         * Useless label L00140 removed
                      (           main.s):00800         * Line main.c:161
                      (           main.s):00801         * Line main.c:162: assignment: =
                      (           main.s):00802         * LDB #$30 optim: optimizeStackOperations1
                      (           main.s):00803         * PSHS B optim: optimizeStackOperations1
                      (           main.s):00804         * optim: optimizeLdx
0340 C630             (           main.s):00805                 LDB     #48             optim: optimizeStackOperations1
0342 E7D806           (           main.s):00806                 STB     [6,U]           optim: optimizeLdx
                      (           main.s):00807         * Line main.c:163: assignment: =
                      (           main.s):00808         * CLRB  optim: optimizeStackOperations1
                      (           main.s):00809         * PSHS B optim: optimizeStackOperations1
0345 AE46             (           main.s):00810                 LDX     6,U             get pointer value from variable str
                      (           main.s):00811         * optim: optimizeLeax
0347 C600             (           main.s):00812                 LDB     #0              optim: optimizeStackOperations1
0349 E701             (           main.s):00813                 STB     1,X             optim: optimizeLeax
034B 16009F           (           main.s):00814                 LBRA    L00042          return (main.c:164)
                      (           main.s):00815         * Useless label L00141 removed
                      (           main.s):00816         * Useless label L00142 removed
                      (           main.s):00817         * Line main.c:167: while
034E 2031             (           main.s):00818                 BRA     L00144          jump to while condition
     0350             (           main.s):00819         L00143  EQU     *               while body
                      (           main.s):00820         * Line main.c:169: assignment: =
0350 AE44             (           main.s):00821                 LDX     4,U             left
0352 4F               (           main.s):00822                 CLRA
0353 C60A             (           main.s):00823                 LDB     #$0A            right
0355 170000           (           main.s):00824                 LBSR    SDIV16
0358 C30030           (           main.s):00825                 ADDD    #48             add right side
                      (           main.s):00826         * Cast from `int' to byte: result already in B
035B 3404             (           main.s):00827                 PSHS    B               right side of assignment
035D EC58             (           main.s):00828                 LDD     -8,U            variable `i', declared at main.c:169
035F C30001           (           main.s):00829                 ADDD    #1
0362 ED58             (           main.s):00830                 STD     -8,U
0364 830001           (           main.s):00831                 SUBD    #1              post increment yields initial value
0367 AE46             (           main.s):00832                 LDX     6,U             pointer str
0369 308B             (           main.s):00833                 LEAX    D,X             add offset
036B E6E0             (           main.s):00834                 LDB     ,S+
036D E784             (           main.s):00835                 STB     ,X
                      (           main.s):00836         * Line main.c:170: assignment: /=
036F 3044             (           main.s):00837                 LEAX    4,U             variable `n', declared at main.c:149
0371 3410             (           main.s):00838                 PSHS    X               preserve address of left side of assignment
0373 4F               (           main.s):00839                 CLRA
0374 C60A             (           main.s):00840                 LDB     #$0A            decimal 10 signed
0376 AEF4             (           main.s):00841                 LDX     [,S]            get value of left side of assignment
0378 170000           (           main.s):00842                 LBSR    SDIV16
037B 1F10             (           main.s):00843                 TFR     X,D             quotient to D
037D EDF4             (           main.s):00844                 STD     [,S]            store quotient at address of left side of assignment
037F 3262             (           main.s):00845                 LEAS    2,S             dispose of address of left side of assignment
     0381             (           main.s):00846         L00144  EQU     *               while condition at main.c:167
0381 EC44             (           main.s):00847                 LDD     4,U             variable n
0383 C30000           (           main.s):00848                 ADDD    #0
0386 2EC8             (           main.s):00849                 BGT     L00143
                      (           main.s):00850         * optim: branchToNextLocation
                      (           main.s):00851         * Useless label L00145 removed
                      (           main.s):00852         * Line main.c:173: if
0388 EC5A             (           main.s):00853                 LDD     -6,U            variable `neg', declared at main.c:152
                      (           main.s):00854         * optim: loadCmpZeroBeqOrBne
038A 2712             (           main.s):00855                 BEQ     L00147           (optim: condBranchOverUncondBranch)
                      (           main.s):00856         * optim: condBranchOverUncondBranch
                      (           main.s):00857         * Useless label L00146 removed
                      (           main.s):00858         * Line main.c:174
                      (           main.s):00859         * Line main.c:174: assignment: =
                      (           main.s):00860         * LDB #$2D optim: optimizeStackOperations1
                      (           main.s):00861         * PSHS B optim: optimizeStackOperations1
038C EC58             (           main.s):00862                 LDD     -8,U            variable `i', declared at main.c:174
038E C30001           (           main.s):00863                 ADDD    #1
0391 ED58             (           main.s):00864                 STD     -8,U
0393 830001           (           main.s):00865                 SUBD    #1              post increment yields initial value
0396 AE46             (           main.s):00866                 LDX     6,U             pointer str
0398 308B             (           main.s):00867                 LEAX    D,X             add offset
039A C62D             (           main.s):00868                 LDB     #45             optim: optimizeStackOperations1
039C E784             (           main.s):00869                 STB     ,X
     039E             (           main.s):00870         L00147  EQU     *               else clause of if() started at main.c:173
                      (           main.s):00871         * Useless label L00148 removed
                      (           main.s):00872         * Line main.c:176: assignment: =
                      (           main.s):00873         * CLRB  optim: optimizeStackOperations1
                      (           main.s):00874         * PSHS B optim: optimizeStackOperations1
039E EC58             (           main.s):00875                 LDD     -8,U            variable i
03A0 AE46             (           main.s):00876                 LDX     6,U             pointer str
03A2 308B             (           main.s):00877                 LEAX    D,X             add offset
03A4 C600             (           main.s):00878                 LDB     #0              optim: optimizeStackOperations1
03A6 E784             (           main.s):00879                 STB     ,X
                      (           main.s):00880         * Line main.c:178: init of variable a
03A8 4F               (           main.s):00881                 CLRA
                      (           main.s):00882         * optim: removeClr
03A9 ED5C             (           main.s):00883                 STD     -4,U            variable a
                      (           main.s):00884         * Line main.c:179: init of variable b
03AB EC58             (           main.s):00885                 LDD     -8,U            variable i
03AD C3FFFF           (           main.s):00886                 ADDD    #$FFFF          65535
03B0 ED5E             (           main.s):00887                 STD     -2,U            variable b
                      (           main.s):00888         * Line main.c:181: while
03B2 2032             (           main.s):00889                 BRA     L00150          jump to while condition
     03B4             (           main.s):00890         L00149  EQU     *               while body
                      (           main.s):00891         * Line main.c:183: init of variable t
03B4 EC5C             (           main.s):00892                 LDD     -4,U            variable a
03B6 AE46             (           main.s):00893                 LDX     6,U             pointer str
                      (           main.s):00894         * optim: optimizeLoadDX
03B8 E68B             (           main.s):00895                 LDB     D,X             get r-value (optim: optimizeLoadDX)
03BA E757             (           main.s):00896                 STB     -9,U            variable t
                      (           main.s):00897         * Line main.c:184: assignment: =
03BC EC5E             (           main.s):00898                 LDD     -2,U            variable b
                      (           main.s):00899         * optim: removeRepeatedLDX
                      (           main.s):00900         * optim: optimizeLoadDX
03BE E68B             (           main.s):00901                 LDB     D,X             get r-value (optim: optimizeLoadDX)
03C0 3404             (           main.s):00902                 PSHS    B               right side of assignment
03C2 EC5C             (           main.s):00903                 LDD     -4,U            variable a
03C4 AE46             (           main.s):00904                 LDX     6,U             pointer str
03C6 308B             (           main.s):00905                 LEAX    D,X             add offset
03C8 E6E0             (           main.s):00906                 LDB     ,S+
03CA E784             (           main.s):00907                 STB     ,X
                      (           main.s):00908         * Line main.c:185: assignment: =
03CC E657             (           main.s):00909                 LDB     -9,U            variable `t', declared at main.c:183
03CE 3404             (           main.s):00910                 PSHS    B               right side of assignment
03D0 EC5E             (           main.s):00911                 LDD     -2,U            variable b
03D2 AE46             (           main.s):00912                 LDX     6,U             pointer str
03D4 308B             (           main.s):00913                 LEAX    D,X             add offset
03D6 E6E0             (           main.s):00914                 LDB     ,S+
03D8 E784             (           main.s):00915                 STB     ,X
                      (           main.s):00916         * Line main.c:186: post-increment
03DA AE5C             (           main.s):00917                 LDX     -4,U            variable `a', declared at main.c:186
03DC 3001             (           main.s):00918                 LEAX    1,X
03DE AF5C             (           main.s):00919                 STX     -4,U
                      (           main.s):00920         * Line main.c:187: post-decrement
03E0 AE5E             (           main.s):00921                 LDX     -2,U            variable `b', declared at main.c:187
03E2 301F             (           main.s):00922                 LEAX    -1,X
03E4 AF5E             (           main.s):00923                 STX     -2,U
     03E6             (           main.s):00924         L00150  EQU     *               while condition at main.c:181
03E6 EC5C             (           main.s):00925                 LDD     -4,U            variable a
03E8 10A35E           (           main.s):00926                 CMPD    -2,U            variable b
03EB 2DC7             (           main.s):00927                 BLT     L00149
                      (           main.s):00928         * optim: branchToNextLocation
                      (           main.s):00929         * Useless label L00151 removed
     03ED             (           main.s):00930         L00042  EQU     *               end of int_to_string()
03ED 32C4             (           main.s):00931                 LEAS    ,U
03EF 35C0             (           main.s):00932                 PULS    U,PC
                      (           main.s):00933         * END FUNCTION int_to_string(): defined at main.c:149
     03F1             (           main.s):00934         funcend_int_to_string   EQU *
     00D2             (           main.s):00935         funcsize_int_to_string  EQU     funcend_int_to_string-_int_to_string
                      (           main.s):00936         _SearchThroughArray     EXPORT
                      (           main.s):00937         
                      (           main.s):00938         
                      (           main.s):00939         *******************************************************************************
                      (           main.s):00940         
                      (           main.s):00941         * FUNCTION SearchThroughArray(): defined at main.c:191
     03F1             (           main.s):00942         _SearchThroughArray     EQU     *
                      (           main.s):00943         * Prototype: char SearchThroughArray(struct AnonStruct_main.c:16 *, char, struct AnonStruct_main.c:16)
                      (           main.s):00944         * Calling convention: 0 (CMOC Default)
03F1 3440             (           main.s):00945                 PSHS    U
03F3 33E4             (           main.s):00946                 LEAU    ,S
03F5 327F             (           main.s):00947                 LEAS    -1,S
                      (           main.s):00948         * Formal parameter(s):
                      (           main.s):00949         *      4,U:    2 bytes: list: struct AnonStruct_main.c:16 *: line 191
                      (           main.s):00950         *      7,U:    1 byte : length: char: line 191
                      (           main.s):00951         *      8,U:    4 bytes: line: struct AnonStruct_main.c:16: line 191
                      (           main.s):00952         * Local non-static variable(s):
                      (           main.s):00953         *     -1,U:    1 byte : i: char: line 192
                      (           main.s):00954         * Line main.c:192: for init
                      (           main.s):00955         * Line main.c:192: init of variable i
03F7 6F5F             (           main.s):00956                 CLR     -1,U            init of variable i
03F9 2028             (           main.s):00957                 BRA     L00153          jump to for condition
     03FB             (           main.s):00958         L00152  EQU     *
                      (           main.s):00959         * Line main.c:192: for body
                      (           main.s):00960         * Line main.c:193: if
                      (           main.s):00961         * optim: optimizeStackOperations4
                      (           main.s):00962         * optim: optimizeStackOperations4
03FB E65F             (           main.s):00963                 LDB     -1,U            variable i
03FD 1D               (           main.s):00964                 SEX                     index expression is of byte type
03FE 58               (           main.s):00965                 LSLB
03FF 49               (           main.s):00966                 ROLA
0400 58               (           main.s):00967                 LSLB
0401 49               (           main.s):00968                 ROLA
0402 AE44             (           main.s):00969                 LDX     4,U             pointer list
                      (           main.s):00970         * optim: optimizeLoadDX
0404 EC8B             (           main.s):00971                 LDD     D,X             member x of AnonStruct_main.c:16 (optim: optimizeLoadDX)
0406 10A348           (           main.s):00972                 CMPD    8,U             optim: optimizeStackOperations4
0409 2616             (           main.s):00973                 BNE     L00157           (optim: condBranchOverUncondBranch)
                      (           main.s):00974         * optim: condBranchOverUncondBranch
                      (           main.s):00975         * Useless label L00158 removed
                      (           main.s):00976         * optim: optimizeStackOperations4
                      (           main.s):00977         * optim: optimizeStackOperations4
040B E65F             (           main.s):00978                 LDB     -1,U            variable i
040D 1D               (           main.s):00979                 SEX                     index expression is of byte type
040E 58               (           main.s):00980                 LSLB
040F 49               (           main.s):00981                 ROLA
0410 58               (           main.s):00982                 LSLB
0411 49               (           main.s):00983                 ROLA
0412 AE44             (           main.s):00984                 LDX     4,U             pointer list
0414 308B             (           main.s):00985                 LEAX    D,X             add offset
0416 EC02             (           main.s):00986                 LDD     2,X             member y of AnonStruct_main.c:16
0418 10A34A           (           main.s):00987                 CMPD    10,U            optim: optimizeStackOperations4
041B 2604             (           main.s):00988                 BNE     L00157           (optim: condBranchOverUncondBranch)
                      (           main.s):00989         * optim: condBranchOverUncondBranch
                      (           main.s):00990         * Useless label L00156 removed
                      (           main.s):00991         * Line main.c:193
041D C601             (           main.s):00992                 LDB     #1
041F 2009             (           main.s):00993                 BRA     L00043          return (main.c:194)
     0421             (           main.s):00994         L00157  EQU     *               else clause of if() started at main.c:193
                      (           main.s):00995         * Useless label L00159 removed
                      (           main.s):00996         * Useless label L00154 removed
                      (           main.s):00997         * Line main.c:192: for increment(s)
0421 6C5F             (           main.s):00998                 INC     -1,U
     0423             (           main.s):00999         L00153  EQU     *
                      (           main.s):01000         * Line main.c:192: for condition
0423 E65F             (           main.s):01001                 LDB     -1,U            variable i
0425 E147             (           main.s):01002                 CMPB    7,U             variable length
0427 2DD2             (           main.s):01003                 BLT     L00152
                      (           main.s):01004         * optim: branchToNextLocation
                      (           main.s):01005         * Useless label L00155 removed
0429 5F               (           main.s):01006                 CLRB
                      (           main.s):01007         * optim: branchToNextLocation
     042A             (           main.s):01008         L00043  EQU     *               end of SearchThroughArray()
042A 32C4             (           main.s):01009                 LEAS    ,U
042C 35C0             (           main.s):01010                 PULS    U,PC
                      (           main.s):01011         * END FUNCTION SearchThroughArray(): defined at main.c:191
     042E             (           main.s):01012         funcend_SearchThroughArray      EQU *
     003D             (           main.s):01013         funcsize_SearchThroughArray     EQU     funcend_SearchThroughArray-_SearchThroughArray
                      (           main.s):01014         _build_position_string  EXPORT
                      (           main.s):01015         
                      (           main.s):01016         
                      (           main.s):01017         *******************************************************************************
                      (           main.s):01018         
                      (           main.s):01019         * FUNCTION build_position_string(): defined at main.c:200
     042E             (           main.s):01020         _build_position_string  EQU     *
                      (           main.s):01021         * Prototype: void build_position_string(char *, int, int, int)
                      (           main.s):01022         * Calling convention: 0 (CMOC Default)
042E 3440             (           main.s):01023                 PSHS    U
0430 33E4             (           main.s):01024                 LEAU    ,S
0432 3270             (           main.s):01025                 LEAS    -16,S
                      (           main.s):01026         * Formal parameter(s):
                      (           main.s):01027         *      4,U:    2 bytes: buf: char *: line 200
                      (           main.s):01028         *      6,U:    2 bytes: x: int: line 200
                      (           main.s):01029         *      8,U:    2 bytes: y: int: line 200
                      (           main.s):01030         *     10,U:    2 bytes: z: int: line 200
                      (           main.s):01031         * Local non-static variable(s):
                      (           main.s):01032         *    -16,U:    2 bytes: pos: int: line 202
                      (           main.s):01033         *    -14,U:   12 bytes: cstr: char[]: line 203
                      (           main.s):01034         *     -2,U:    2 bytes: i: int: line 204
                      (           main.s):01035         * Line main.c:202: init of variable pos
0434 4F               (           main.s):01036                 CLRA
0435 5F               (           main.s):01037                 CLRB
0436 ED50             (           main.s):01038                 STD     -16,U           variable pos
                      (           main.s):01039         * Line main.c:206: assignment: =
0438 C658             (           main.s):01040                 LDB     #$58            decimal 88 signed
043A 3404             (           main.s):01041                 PSHS    B               right side of assignment
043C EC50             (           main.s):01042                 LDD     -16,U           variable `pos', declared at main.c:206
043E C30001           (           main.s):01043                 ADDD    #1
0441 ED50             (           main.s):01044                 STD     -16,U
0443 830001           (           main.s):01045                 SUBD    #1              post increment yields initial value
0446 AE44             (           main.s):01046                 LDX     4,U             pointer buf
0448 308B             (           main.s):01047                 LEAX    D,X             add offset
044A E6E0             (           main.s):01048                 LDB     ,S+
044C E784             (           main.s):01049                 STB     ,X
                      (           main.s):01050         * Line main.c:207: assignment: =
044E C63A             (           main.s):01051                 LDB     #$3A            decimal 58 signed
0450 3404             (           main.s):01052                 PSHS    B               right side of assignment
0452 EC50             (           main.s):01053                 LDD     -16,U           variable `pos', declared at main.c:207
0454 C30001           (           main.s):01054                 ADDD    #1
0457 ED50             (           main.s):01055                 STD     -16,U
0459 830001           (           main.s):01056                 SUBD    #1              post increment yields initial value
045C AE44             (           main.s):01057                 LDX     4,U             pointer buf
045E 308B             (           main.s):01058                 LEAX    D,X             add offset
0460 E6E0             (           main.s):01059                 LDB     ,S+
0462 E784             (           main.s):01060                 STB     ,X
                      (           main.s):01061         * Line main.c:208: function call: int_to_string()
0464 3052             (           main.s):01062                 LEAX    -14,U           address of array cstr
                      (           main.s):01063         * optim: mergePushXPushD
0466 EC46             (           main.s):01064                 LDD     6,U             variable `x', declared at main.c:200
0468 3416             (           main.s):01065                 PSHS    X,B,A           optim: mergePushXPushD
046A BD0000           (           main.s):01066                 JSR     _int_to_string
046D 3264             (           main.s):01067                 LEAS    4,S
                      (           main.s):01068         * Line main.c:210: assignment: =
046F 4F               (           main.s):01069                 CLRA
0470 5F               (           main.s):01070                 CLRB
0471 ED5E             (           main.s):01071                 STD     -2,U
                      (           main.s):01072         * Line main.c:211: while
0473 2020             (           main.s):01073                 BRA     L00161          jump to while condition
     0475             (           main.s):01074         L00160  EQU     *               while body
                      (           main.s):01075         * Line main.c:212: assignment: =
0475 EC5E             (           main.s):01076                 LDD     -2,U            variable i
0477 3052             (           main.s):01077                 LEAX    -14,U           address of array cstr
                      (           main.s):01078         * optim: optimizeLoadDX
0479 E68B             (           main.s):01079                 LDB     D,X             get r-value (optim: optimizeLoadDX)
047B 3404             (           main.s):01080                 PSHS    B               right side of assignment
047D EC50             (           main.s):01081                 LDD     -16,U           variable `pos', declared at main.c:212
047F C30001           (           main.s):01082                 ADDD    #1
0482 ED50             (           main.s):01083                 STD     -16,U
0484 830001           (           main.s):01084                 SUBD    #1              post increment yields initial value
0487 AE44             (           main.s):01085                 LDX     4,U             pointer buf
0489 308B             (           main.s):01086                 LEAX    D,X             add offset
048B E6E0             (           main.s):01087                 LDB     ,S+
048D E784             (           main.s):01088                 STB     ,X
                      (           main.s):01089         * Line main.c:213: post-increment
048F AE5E             (           main.s):01090                 LDX     -2,U            variable `i', declared at main.c:213
0491 3001             (           main.s):01091                 LEAX    1,X
0493 AF5E             (           main.s):01092                 STX     -2,U
     0495             (           main.s):01093         L00161  EQU     *               while condition at main.c:211
0495 EC5E             (           main.s):01094                 LDD     -2,U            variable i
0497 3052             (           main.s):01095                 LEAX    -14,U           address of array cstr
                      (           main.s):01096         * optim: optimizeLoadDX
0499 E68B             (           main.s):01097                 LDB     D,X             get r-value (optim: optimizeLoadDX)
                      (           main.s):01098         * optim: loadCmpZeroBeqOrBne
049B 26D8             (           main.s):01099                 BNE     L00160
                      (           main.s):01100         * optim: branchToNextLocation
                      (           main.s):01101         * Useless label L00162 removed
                      (           main.s):01102         * Line main.c:216: assignment: =
049D C620             (           main.s):01103                 LDB     #$20            decimal 32 signed
049F 3404             (           main.s):01104                 PSHS    B               right side of assignment
04A1 EC50             (           main.s):01105                 LDD     -16,U           variable `pos', declared at main.c:216
04A3 C30001           (           main.s):01106                 ADDD    #1
04A6 ED50             (           main.s):01107                 STD     -16,U
04A8 830001           (           main.s):01108                 SUBD    #1              post increment yields initial value
04AB AE44             (           main.s):01109                 LDX     4,U             pointer buf
04AD 308B             (           main.s):01110                 LEAX    D,X             add offset
04AF E6E0             (           main.s):01111                 LDB     ,S+
04B1 E784             (           main.s):01112                 STB     ,X
                      (           main.s):01113         * Line main.c:217: assignment: =
04B3 C659             (           main.s):01114                 LDB     #$59            decimal 89 signed
04B5 3404             (           main.s):01115                 PSHS    B               right side of assignment
04B7 EC50             (           main.s):01116                 LDD     -16,U           variable `pos', declared at main.c:217
04B9 C30001           (           main.s):01117                 ADDD    #1
04BC ED50             (           main.s):01118                 STD     -16,U
04BE 830001           (           main.s):01119                 SUBD    #1              post increment yields initial value
04C1 AE44             (           main.s):01120                 LDX     4,U             pointer buf
04C3 308B             (           main.s):01121                 LEAX    D,X             add offset
04C5 E6E0             (           main.s):01122                 LDB     ,S+
04C7 E784             (           main.s):01123                 STB     ,X
                      (           main.s):01124         * Line main.c:218: assignment: =
04C9 C63A             (           main.s):01125                 LDB     #$3A            decimal 58 signed
04CB 3404             (           main.s):01126                 PSHS    B               right side of assignment
04CD EC50             (           main.s):01127                 LDD     -16,U           variable `pos', declared at main.c:218
04CF C30001           (           main.s):01128                 ADDD    #1
04D2 ED50             (           main.s):01129                 STD     -16,U
04D4 830001           (           main.s):01130                 SUBD    #1              post increment yields initial value
04D7 AE44             (           main.s):01131                 LDX     4,U             pointer buf
04D9 308B             (           main.s):01132                 LEAX    D,X             add offset
04DB E6E0             (           main.s):01133                 LDB     ,S+
04DD E784             (           main.s):01134                 STB     ,X
                      (           main.s):01135         * Line main.c:219: function call: int_to_string()
04DF 3052             (           main.s):01136                 LEAX    -14,U           address of array cstr
                      (           main.s):01137         * optim: mergePushXPushD
04E1 EC48             (           main.s):01138                 LDD     8,U             variable `y', declared at main.c:200
04E3 3416             (           main.s):01139                 PSHS    X,B,A           optim: mergePushXPushD
04E5 BD0000           (           main.s):01140                 JSR     _int_to_string
04E8 3264             (           main.s):01141                 LEAS    4,S
                      (           main.s):01142         * Line main.c:221: assignment: =
04EA 4F               (           main.s):01143                 CLRA
04EB 5F               (           main.s):01144                 CLRB
04EC ED5E             (           main.s):01145                 STD     -2,U
                      (           main.s):01146         * Line main.c:222: while
04EE 2020             (           main.s):01147                 BRA     L00164          jump to while condition
     04F0             (           main.s):01148         L00163  EQU     *               while body
                      (           main.s):01149         * Line main.c:223: assignment: =
04F0 EC5E             (           main.s):01150                 LDD     -2,U            variable i
04F2 3052             (           main.s):01151                 LEAX    -14,U           address of array cstr
                      (           main.s):01152         * optim: optimizeLoadDX
04F4 E68B             (           main.s):01153                 LDB     D,X             get r-value (optim: optimizeLoadDX)
04F6 3404             (           main.s):01154                 PSHS    B               right side of assignment
04F8 EC50             (           main.s):01155                 LDD     -16,U           variable `pos', declared at main.c:223
04FA C30001           (           main.s):01156                 ADDD    #1
04FD ED50             (           main.s):01157                 STD     -16,U
04FF 830001           (           main.s):01158                 SUBD    #1              post increment yields initial value
0502 AE44             (           main.s):01159                 LDX     4,U             pointer buf
0504 308B             (           main.s):01160                 LEAX    D,X             add offset
0506 E6E0             (           main.s):01161                 LDB     ,S+
0508 E784             (           main.s):01162                 STB     ,X
                      (           main.s):01163         * Line main.c:224: post-increment
050A AE5E             (           main.s):01164                 LDX     -2,U            variable `i', declared at main.c:224
050C 3001             (           main.s):01165                 LEAX    1,X
050E AF5E             (           main.s):01166                 STX     -2,U
     0510             (           main.s):01167         L00164  EQU     *               while condition at main.c:222
0510 EC5E             (           main.s):01168                 LDD     -2,U            variable i
0512 3052             (           main.s):01169                 LEAX    -14,U           address of array cstr
                      (           main.s):01170         * optim: optimizeLoadDX
0514 E68B             (           main.s):01171                 LDB     D,X             get r-value (optim: optimizeLoadDX)
                      (           main.s):01172         * optim: loadCmpZeroBeqOrBne
0516 26D8             (           main.s):01173                 BNE     L00163
                      (           main.s):01174         * optim: branchToNextLocation
                      (           main.s):01175         * Useless label L00165 removed
                      (           main.s):01176         * Line main.c:227: assignment: =
0518 C620             (           main.s):01177                 LDB     #$20            decimal 32 signed
051A 3404             (           main.s):01178                 PSHS    B               right side of assignment
051C EC50             (           main.s):01179                 LDD     -16,U           variable `pos', declared at main.c:227
051E C30001           (           main.s):01180                 ADDD    #1
0521 ED50             (           main.s):01181                 STD     -16,U
0523 830001           (           main.s):01182                 SUBD    #1              post increment yields initial value
0526 AE44             (           main.s):01183                 LDX     4,U             pointer buf
0528 308B             (           main.s):01184                 LEAX    D,X             add offset
052A E6E0             (           main.s):01185                 LDB     ,S+
052C E784             (           main.s):01186                 STB     ,X
                      (           main.s):01187         * Line main.c:228: assignment: =
052E C65A             (           main.s):01188                 LDB     #$5A            decimal 90 signed
0530 3404             (           main.s):01189                 PSHS    B               right side of assignment
0532 EC50             (           main.s):01190                 LDD     -16,U           variable `pos', declared at main.c:228
0534 C30001           (           main.s):01191                 ADDD    #1
0537 ED50             (           main.s):01192                 STD     -16,U
0539 830001           (           main.s):01193                 SUBD    #1              post increment yields initial value
053C AE44             (           main.s):01194                 LDX     4,U             pointer buf
053E 308B             (           main.s):01195                 LEAX    D,X             add offset
0540 E6E0             (           main.s):01196                 LDB     ,S+
0542 E784             (           main.s):01197                 STB     ,X
                      (           main.s):01198         * Line main.c:229: assignment: =
0544 C63A             (           main.s):01199                 LDB     #$3A            decimal 58 signed
0546 3404             (           main.s):01200                 PSHS    B               right side of assignment
0548 EC50             (           main.s):01201                 LDD     -16,U           variable `pos', declared at main.c:229
054A C30001           (           main.s):01202                 ADDD    #1
054D ED50             (           main.s):01203                 STD     -16,U
054F 830001           (           main.s):01204                 SUBD    #1              post increment yields initial value
0552 AE44             (           main.s):01205                 LDX     4,U             pointer buf
0554 308B             (           main.s):01206                 LEAX    D,X             add offset
0556 E6E0             (           main.s):01207                 LDB     ,S+
0558 E784             (           main.s):01208                 STB     ,X
                      (           main.s):01209         * Line main.c:230: function call: int_to_string()
055A 3052             (           main.s):01210                 LEAX    -14,U           address of array cstr
                      (           main.s):01211         * optim: mergePushXPushD
055C EC4A             (           main.s):01212                 LDD     10,U            variable `z', declared at main.c:200
055E 3416             (           main.s):01213                 PSHS    X,B,A           optim: mergePushXPushD
0560 BD0000           (           main.s):01214                 JSR     _int_to_string
0563 3264             (           main.s):01215                 LEAS    4,S
                      (           main.s):01216         * Line main.c:232: assignment: =
0565 4F               (           main.s):01217                 CLRA
0566 5F               (           main.s):01218                 CLRB
0567 ED5E             (           main.s):01219                 STD     -2,U
                      (           main.s):01220         * Line main.c:233: while
0569 2020             (           main.s):01221                 BRA     L00167          jump to while condition
     056B             (           main.s):01222         L00166  EQU     *               while body
                      (           main.s):01223         * Line main.c:234: assignment: =
056B EC5E             (           main.s):01224                 LDD     -2,U            variable i
056D 3052             (           main.s):01225                 LEAX    -14,U           address of array cstr
                      (           main.s):01226         * optim: optimizeLoadDX
056F E68B             (           main.s):01227                 LDB     D,X             get r-value (optim: optimizeLoadDX)
0571 3404             (           main.s):01228                 PSHS    B               right side of assignment
0573 EC50             (           main.s):01229                 LDD     -16,U           variable `pos', declared at main.c:234
0575 C30001           (           main.s):01230                 ADDD    #1
0578 ED50             (           main.s):01231                 STD     -16,U
057A 830001           (           main.s):01232                 SUBD    #1              post increment yields initial value
057D AE44             (           main.s):01233                 LDX     4,U             pointer buf
057F 308B             (           main.s):01234                 LEAX    D,X             add offset
0581 E6E0             (           main.s):01235                 LDB     ,S+
0583 E784             (           main.s):01236                 STB     ,X
                      (           main.s):01237         * Line main.c:235: post-increment
0585 AE5E             (           main.s):01238                 LDX     -2,U            variable `i', declared at main.c:235
0587 3001             (           main.s):01239                 LEAX    1,X
0589 AF5E             (           main.s):01240                 STX     -2,U
     058B             (           main.s):01241         L00167  EQU     *               while condition at main.c:233
058B EC5E             (           main.s):01242                 LDD     -2,U            variable i
058D 3052             (           main.s):01243                 LEAX    -14,U           address of array cstr
                      (           main.s):01244         * optim: optimizeLoadDX
058F E68B             (           main.s):01245                 LDB     D,X             get r-value (optim: optimizeLoadDX)
                      (           main.s):01246         * optim: loadCmpZeroBeqOrBne
0591 26D8             (           main.s):01247                 BNE     L00166
                      (           main.s):01248         * optim: branchToNextLocation
                      (           main.s):01249         * Useless label L00168 removed
                      (           main.s):01250         * Line main.c:238: assignment: =
0593 5F               (           main.s):01251                 CLRB
0594 3404             (           main.s):01252                 PSHS    B               right side of assignment
0596 EC50             (           main.s):01253                 LDD     -16,U           variable pos
0598 AE44             (           main.s):01254                 LDX     4,U             pointer buf
059A 308B             (           main.s):01255                 LEAX    D,X             add offset
059C E6E0             (           main.s):01256                 LDB     ,S+
059E E784             (           main.s):01257                 STB     ,X
                      (           main.s):01258         * Useless label L00044 removed
05A0 32C4             (           main.s):01259                 LEAS    ,U
05A2 35C0             (           main.s):01260                 PULS    U,PC
                      (           main.s):01261         * END FUNCTION build_position_string(): defined at main.c:200
     05A4             (           main.s):01262         funcend_build_position_string   EQU *
     0176             (           main.s):01263         funcsize_build_position_string  EQU     funcend_build_position_string-_build_position_string
                      (           main.s):01264         _build_rotation_string  EXPORT
                      (           main.s):01265         
                      (           main.s):01266         
                      (           main.s):01267         *******************************************************************************
                      (           main.s):01268         
                      (           main.s):01269         * FUNCTION build_rotation_string(): defined at main.c:241
     05A4             (           main.s):01270         _build_rotation_string  EQU     *
                      (           main.s):01271         * Prototype: void build_rotation_string(char *, int, int)
                      (           main.s):01272         * Calling convention: 0 (CMOC Default)
05A4 3440             (           main.s):01273                 PSHS    U
05A6 33E4             (           main.s):01274                 LEAU    ,S
05A8 3270             (           main.s):01275                 LEAS    -16,S
                      (           main.s):01276         * Formal parameter(s):
                      (           main.s):01277         *      4,U:    2 bytes: buf: char *: line 241
                      (           main.s):01278         *      6,U:    2 bytes: x: int: line 241
                      (           main.s):01279         *      8,U:    2 bytes: y: int: line 241
                      (           main.s):01280         * Local non-static variable(s):
                      (           main.s):01281         *    -16,U:    2 bytes: pos: int: line 243
                      (           main.s):01282         *    -14,U:   12 bytes: cstr: char[]: line 244
                      (           main.s):01283         *     -2,U:    2 bytes: i: int: line 245
                      (           main.s):01284         * Line main.c:243: init of variable pos
05AA 4F               (           main.s):01285                 CLRA
05AB 5F               (           main.s):01286                 CLRB
05AC ED50             (           main.s):01287                 STD     -16,U           variable pos
                      (           main.s):01288         * Line main.c:247: assignment: =
05AE C652             (           main.s):01289                 LDB     #$52            decimal 82 signed
05B0 3404             (           main.s):01290                 PSHS    B               right side of assignment
05B2 EC50             (           main.s):01291                 LDD     -16,U           variable `pos', declared at main.c:247
05B4 C30001           (           main.s):01292                 ADDD    #1
05B7 ED50             (           main.s):01293                 STD     -16,U
05B9 830001           (           main.s):01294                 SUBD    #1              post increment yields initial value
05BC AE44             (           main.s):01295                 LDX     4,U             pointer buf
05BE 308B             (           main.s):01296                 LEAX    D,X             add offset
05C0 E6E0             (           main.s):01297                 LDB     ,S+
05C2 E784             (           main.s):01298                 STB     ,X
                      (           main.s):01299         * Line main.c:248: assignment: =
05C4 C620             (           main.s):01300                 LDB     #$20            decimal 32 signed
05C6 3404             (           main.s):01301                 PSHS    B               right side of assignment
05C8 EC50             (           main.s):01302                 LDD     -16,U           variable `pos', declared at main.c:248
05CA C30001           (           main.s):01303                 ADDD    #1
05CD ED50             (           main.s):01304                 STD     -16,U
05CF 830001           (           main.s):01305                 SUBD    #1              post increment yields initial value
05D2 AE44             (           main.s):01306                 LDX     4,U             pointer buf
05D4 308B             (           main.s):01307                 LEAX    D,X             add offset
05D6 E6E0             (           main.s):01308                 LDB     ,S+
05D8 E784             (           main.s):01309                 STB     ,X
                      (           main.s):01310         * Line main.c:249: assignment: =
05DA C658             (           main.s):01311                 LDB     #$58            decimal 88 signed
05DC 3404             (           main.s):01312                 PSHS    B               right side of assignment
05DE EC50             (           main.s):01313                 LDD     -16,U           variable `pos', declared at main.c:249
05E0 C30001           (           main.s):01314                 ADDD    #1
05E3 ED50             (           main.s):01315                 STD     -16,U
05E5 830001           (           main.s):01316                 SUBD    #1              post increment yields initial value
05E8 AE44             (           main.s):01317                 LDX     4,U             pointer buf
05EA 308B             (           main.s):01318                 LEAX    D,X             add offset
05EC E6E0             (           main.s):01319                 LDB     ,S+
05EE E784             (           main.s):01320                 STB     ,X
                      (           main.s):01321         * Line main.c:250: assignment: =
05F0 C63A             (           main.s):01322                 LDB     #$3A            decimal 58 signed
05F2 3404             (           main.s):01323                 PSHS    B               right side of assignment
05F4 EC50             (           main.s):01324                 LDD     -16,U           variable `pos', declared at main.c:250
05F6 C30001           (           main.s):01325                 ADDD    #1
05F9 ED50             (           main.s):01326                 STD     -16,U
05FB 830001           (           main.s):01327                 SUBD    #1              post increment yields initial value
05FE AE44             (           main.s):01328                 LDX     4,U             pointer buf
0600 308B             (           main.s):01329                 LEAX    D,X             add offset
0602 E6E0             (           main.s):01330                 LDB     ,S+
0604 E784             (           main.s):01331                 STB     ,X
                      (           main.s):01332         * Line main.c:251: function call: int_to_string()
0606 3052             (           main.s):01333                 LEAX    -14,U           address of array `cstr`
0608 1F10             (           main.s):01334                 TFR     X,D             as r-value
                      (           main.s):01335         * Emitted no code to cast `char[]' to `char *'
060A 3406             (           main.s):01336                 PSHS    B,A             C function argument 2 of int_to_string(): char *
060C EC46             (           main.s):01337                 LDD     6,U             variable `x', declared at main.c:241
060E 3406             (           main.s):01338                 PSHS    B,A             C function argument 1 of int_to_string(): int
0610 BD0000           (           main.s):01339                 JSR     _int_to_string
0613 3264             (           main.s):01340                 LEAS    4,S
                      (           main.s):01341         * Line main.c:253: assignment: =
0615 4F               (           main.s):01342                 CLRA
0616 5F               (           main.s):01343                 CLRB
0617 ED5E             (           main.s):01344                 STD     -2,U
                      (           main.s):01345         * Line main.c:254: while
0619 2020             (           main.s):01346                 BRA     L00170          jump to while condition
     061B             (           main.s):01347         L00169  EQU     *               while body
                      (           main.s):01348         * Line main.c:255: assignment: =
061B EC5E             (           main.s):01349                 LDD     -2,U            variable i
061D 3052             (           main.s):01350                 LEAX    -14,U           address of array cstr
                      (           main.s):01351         * optim: optimizeLoadDX
061F E68B             (           main.s):01352                 LDB     D,X             get r-value (optim: optimizeLoadDX)
0621 3404             (           main.s):01353                 PSHS    B               right side of assignment
0623 EC50             (           main.s):01354                 LDD     -16,U           variable `pos', declared at main.c:255
0625 C30001           (           main.s):01355                 ADDD    #1
0628 ED50             (           main.s):01356                 STD     -16,U
062A 830001           (           main.s):01357                 SUBD    #1              post increment yields initial value
062D AE44             (           main.s):01358                 LDX     4,U             pointer buf
062F 308B             (           main.s):01359                 LEAX    D,X             add offset
0631 E6E0             (           main.s):01360                 LDB     ,S+
0633 E784             (           main.s):01361                 STB     ,X
                      (           main.s):01362         * Line main.c:256: post-increment
0635 AE5E             (           main.s):01363                 LDX     -2,U            variable `i', declared at main.c:256
0637 3001             (           main.s):01364                 LEAX    1,X
0639 AF5E             (           main.s):01365                 STX     -2,U
     063B             (           main.s):01366         L00170  EQU     *               while condition at main.c:254
063B EC5E             (           main.s):01367                 LDD     -2,U            variable i
063D 3052             (           main.s):01368                 LEAX    -14,U           address of array cstr
                      (           main.s):01369         * optim: optimizeLoadDX
063F E68B             (           main.s):01370                 LDB     D,X             get r-value (optim: optimizeLoadDX)
                      (           main.s):01371         * optim: loadCmpZeroBeqOrBne
0641 26D8             (           main.s):01372                 BNE     L00169
                      (           main.s):01373         * optim: branchToNextLocation
                      (           main.s):01374         * Useless label L00171 removed
                      (           main.s):01375         * Line main.c:259: assignment: =
0643 C620             (           main.s):01376                 LDB     #$20            decimal 32 signed
0645 3404             (           main.s):01377                 PSHS    B               right side of assignment
0647 EC50             (           main.s):01378                 LDD     -16,U           variable `pos', declared at main.c:259
0649 C30001           (           main.s):01379                 ADDD    #1
064C ED50             (           main.s):01380                 STD     -16,U
064E 830001           (           main.s):01381                 SUBD    #1              post increment yields initial value
0651 AE44             (           main.s):01382                 LDX     4,U             pointer buf
0653 308B             (           main.s):01383                 LEAX    D,X             add offset
0655 E6E0             (           main.s):01384                 LDB     ,S+
0657 E784             (           main.s):01385                 STB     ,X
                      (           main.s):01386         * Line main.c:260: assignment: =
0659 C659             (           main.s):01387                 LDB     #$59            decimal 89 signed
065B 3404             (           main.s):01388                 PSHS    B               right side of assignment
065D EC50             (           main.s):01389                 LDD     -16,U           variable `pos', declared at main.c:260
065F C30001           (           main.s):01390                 ADDD    #1
0662 ED50             (           main.s):01391                 STD     -16,U
0664 830001           (           main.s):01392                 SUBD    #1              post increment yields initial value
0667 AE44             (           main.s):01393                 LDX     4,U             pointer buf
0669 308B             (           main.s):01394                 LEAX    D,X             add offset
066B E6E0             (           main.s):01395                 LDB     ,S+
066D E784             (           main.s):01396                 STB     ,X
                      (           main.s):01397         * Line main.c:261: assignment: =
066F C63A             (           main.s):01398                 LDB     #$3A            decimal 58 signed
0671 3404             (           main.s):01399                 PSHS    B               right side of assignment
0673 EC50             (           main.s):01400                 LDD     -16,U           variable `pos', declared at main.c:261
0675 C30001           (           main.s):01401                 ADDD    #1
0678 ED50             (           main.s):01402                 STD     -16,U
067A 830001           (           main.s):01403                 SUBD    #1              post increment yields initial value
067D AE44             (           main.s):01404                 LDX     4,U             pointer buf
067F 308B             (           main.s):01405                 LEAX    D,X             add offset
0681 E6E0             (           main.s):01406                 LDB     ,S+
0683 E784             (           main.s):01407                 STB     ,X
                      (           main.s):01408         * Line main.c:262: function call: int_to_string()
0685 3052             (           main.s):01409                 LEAX    -14,U           address of array cstr
                      (           main.s):01410         * optim: mergePushXPushD
0687 EC48             (           main.s):01411                 LDD     8,U             variable `y', declared at main.c:241
0689 3416             (           main.s):01412                 PSHS    X,B,A           optim: mergePushXPushD
068B BD0000           (           main.s):01413                 JSR     _int_to_string
068E 3264             (           main.s):01414                 LEAS    4,S
                      (           main.s):01415         * Line main.c:264: assignment: =
0690 4F               (           main.s):01416                 CLRA
0691 5F               (           main.s):01417                 CLRB
0692 ED5E             (           main.s):01418                 STD     -2,U
                      (           main.s):01419         * Line main.c:265: while
0694 2020             (           main.s):01420                 BRA     L00173          jump to while condition
     0696             (           main.s):01421         L00172  EQU     *               while body
                      (           main.s):01422         * Line main.c:266: assignment: =
0696 EC5E             (           main.s):01423                 LDD     -2,U            variable i
0698 3052             (           main.s):01424                 LEAX    -14,U           address of array cstr
                      (           main.s):01425         * optim: optimizeLoadDX
069A E68B             (           main.s):01426                 LDB     D,X             get r-value (optim: optimizeLoadDX)
069C 3404             (           main.s):01427                 PSHS    B               right side of assignment
069E EC50             (           main.s):01428                 LDD     -16,U           variable `pos', declared at main.c:266
06A0 C30001           (           main.s):01429                 ADDD    #1
06A3 ED50             (           main.s):01430                 STD     -16,U
06A5 830001           (           main.s):01431                 SUBD    #1              post increment yields initial value
06A8 AE44             (           main.s):01432                 LDX     4,U             pointer buf
06AA 308B             (           main.s):01433                 LEAX    D,X             add offset
06AC E6E0             (           main.s):01434                 LDB     ,S+
06AE E784             (           main.s):01435                 STB     ,X
                      (           main.s):01436         * Line main.c:267: post-increment
06B0 AE5E             (           main.s):01437                 LDX     -2,U            variable `i', declared at main.c:267
06B2 3001             (           main.s):01438                 LEAX    1,X
06B4 AF5E             (           main.s):01439                 STX     -2,U
     06B6             (           main.s):01440         L00173  EQU     *               while condition at main.c:265
06B6 EC5E             (           main.s):01441                 LDD     -2,U            variable i
06B8 3052             (           main.s):01442                 LEAX    -14,U           address of array cstr
                      (           main.s):01443         * optim: optimizeLoadDX
06BA E68B             (           main.s):01444                 LDB     D,X             get r-value (optim: optimizeLoadDX)
                      (           main.s):01445         * optim: loadCmpZeroBeqOrBne
06BC 26D8             (           main.s):01446                 BNE     L00172
                      (           main.s):01447         * optim: branchToNextLocation
                      (           main.s):01448         * Useless label L00174 removed
                      (           main.s):01449         * Line main.c:270: assignment: =
06BE 5F               (           main.s):01450                 CLRB
06BF 3404             (           main.s):01451                 PSHS    B               right side of assignment
06C1 EC50             (           main.s):01452                 LDD     -16,U           variable pos
06C3 AE44             (           main.s):01453                 LDX     4,U             pointer buf
06C5 308B             (           main.s):01454                 LEAX    D,X             add offset
06C7 E6E0             (           main.s):01455                 LDB     ,S+
06C9 E784             (           main.s):01456                 STB     ,X
                      (           main.s):01457         * Useless label L00045 removed
06CB 32C4             (           main.s):01458                 LEAS    ,U
06CD 35C0             (           main.s):01459                 PULS    U,PC
                      (           main.s):01460         * END FUNCTION build_rotation_string(): defined at main.c:241
     06CF             (           main.s):01461         funcend_build_rotation_string   EQU *
     012B             (           main.s):01462         funcsize_build_rotation_string  EQU     funcend_build_rotation_string-_build_rotation_string
                      (           main.s):01463         _GetSin EXPORT
                      (           main.s):01464         
                      (           main.s):01465         
                      (           main.s):01466         *******************************************************************************
                      (           main.s):01467         
                      (           main.s):01468         * FUNCTION GetSin(): defined at main.c:273
     06CF             (           main.s):01469         _GetSin EQU     *
                      (           main.s):01470         * Prototype: void GetSin(int *, unsigned char)
                      (           main.s):01471         * Calling convention: 0 (CMOC Default)
06CF 3440             (           main.s):01472                 PSHS    U
06D1 33E4             (           main.s):01473                 LEAU    ,S
                      (           main.s):01474         * Formal parameter(s):
                      (           main.s):01475         *      4,U:    2 bytes: out: int *: line 273
                      (           main.s):01476         *      7,U:    1 byte : angle: unsigned char: line 273
                      (           main.s):01477         * Line main.c:275: if
06D3 E647             (           main.s):01478                 LDB     7,U             variable angle
06D5 C140             (           main.s):01479                 CMPB    #$40
06D7 240E             (           main.s):01480                 BHS     L00176           (optim: condBranchOverUncondBranch)
                      (           main.s):01481         * optim: condBranchOverUncondBranch
                      (           main.s):01482         * Useless label L00175 removed
                      (           main.s):01483         * Line main.c:275
                      (           main.s):01484         * Line main.c:276: assignment: =
06D9 E647             (           main.s):01485                 LDB     7,U             variable angle
06DB 8E0000           (           main.s):01486                 LDX     #_sin_table+0   address of array sin_table (optim: removePCRIfRelocatabilityNotSupported)
06DE 3A               (           main.s):01487                 ABX                     add unsigned 8-bit offset
06DF E684             (           main.s):01488                 LDB     ,X              get r-value
06E1 4F               (           main.s):01489                 CLRA
                      (           main.s):01490         * optim: stripUselessPushPull
                      (           main.s):01491         * optim: optimizeLdx
                      (           main.s):01492         * optim: stripUselessPushPull
06E2 EDD804           (           main.s):01493                 STD     [4,U]           optim: optimizeLdx
06E5 2044             (           main.s):01494                 BRA     L00177          jump over else clause
     06E7             (           main.s):01495         L00176  EQU     *               else clause of if() started at main.c:275
                      (           main.s):01496         * Line main.c:286
                      (           main.s):01497         * Line main.c:278: if
06E7 E647             (           main.s):01498                 LDB     7,U             variable angle
06E9 C180             (           main.s):01499                 CMPB    #$80
06EB 2410             (           main.s):01500                 BHS     L00179           (optim: condBranchOverUncondBranch)
                      (           main.s):01501         * optim: condBranchOverUncondBranch
                      (           main.s):01502         * Useless label L00178 removed
                      (           main.s):01503         * Line main.c:278
                      (           main.s):01504         * Line main.c:279: assignment: =
                      (           main.s):01505         * optim: optimize8BitStackOps
                      (           main.s):01506         * optim: optimize8BitStackOps
06ED C67F             (           main.s):01507                 LDB     #$7F            decimal 127 signed
06EF E047             (           main.s):01508                 SUBB    7,U             optim: optimize8BitStackOps
06F1 8E0000           (           main.s):01509                 LDX     #_sin_table+0   address of array sin_table (optim: removePCRIfRelocatabilityNotSupported)
06F4 3A               (           main.s):01510                 ABX                     add unsigned 8-bit offset
06F5 E684             (           main.s):01511                 LDB     ,X              get r-value
06F7 4F               (           main.s):01512                 CLRA
                      (           main.s):01513         * optim: stripUselessPushPull
                      (           main.s):01514         * optim: optimizeLdx
                      (           main.s):01515         * optim: stripUselessPushPull
06F8 EDD804           (           main.s):01516                 STD     [4,U]           optim: optimizeLdx
06FB 202E             (           main.s):01517                 BRA     L00180          jump over else clause
     06FD             (           main.s):01518         L00179  EQU     *               else clause of if() started at main.c:278
                      (           main.s):01519         * Line main.c:286
                      (           main.s):01520         * Line main.c:281: if
06FD E647             (           main.s):01521                 LDB     7,U             variable angle
06FF C1C0             (           main.s):01522                 CMPB    #$C0
0701 2415             (           main.s):01523                 BHS     L00182           (optim: condBranchOverUncondBranch)
                      (           main.s):01524         * optim: condBranchOverUncondBranch
                      (           main.s):01525         * Useless label L00181 removed
                      (           main.s):01526         * Line main.c:281
                      (           main.s):01527         * Line main.c:282: assignment: =
0703 E647             (           main.s):01528                 LDB     7,U             variable angle
0705 CB80             (           main.s):01529                 ADDB    #$80            128
0707 8E0000           (           main.s):01530                 LDX     #_sin_table+0   address of array sin_table (optim: removePCRIfRelocatabilityNotSupported)
070A 3A               (           main.s):01531                 ABX                     add unsigned 8-bit offset
070B E684             (           main.s):01532                 LDB     ,X              get r-value
070D 4F               (           main.s):01533                 CLRA                    promotion of binary operand
070E 3406             (           main.s):01534                 PSHS    B,A             operands of subtraction are not both byte-sized
                      (           main.s):01535         * optim: stripExtraClrA_B
0710 5F               (           main.s):01536                 CLRB
0711 A3E1             (           main.s):01537                 SUBD    ,S++
                      (           main.s):01538         * optim: stripUselessPushPull
                      (           main.s):01539         * optim: optimizeLdx
                      (           main.s):01540         * optim: stripUselessPushPull
0713 EDD804           (           main.s):01541                 STD     [4,U]           optim: optimizeLdx
0716 2013             (           main.s):01542                 BRA     L00183          jump over else clause
     0718             (           main.s):01543         L00182  EQU     *               else clause of if() started at main.c:281
                      (           main.s):01544         * Line main.c:284
                      (           main.s):01545         * Line main.c:285: assignment: =
0718 C6FF             (           main.s):01546                 LDB     #$FF            variable `angle', declared at main.c:273 (optim: negbToSubb)
                      (           main.s):01547         * optim: removePushBBeforeSubB
                      (           main.s):01548         * optim: negbToSubb
071A E047             (           main.s):01549                 SUBB    7,U             optim: removePushBBeforeSubB (optim: negbToSubb)
071C 8E0000           (           main.s):01550                 LDX     #_sin_table+0   address of array sin_table (optim: removePCRIfRelocatabilityNotSupported)
071F 3A               (           main.s):01551                 ABX                     add unsigned 8-bit offset
0720 E684             (           main.s):01552                 LDB     ,X              get r-value
0722 4F               (           main.s):01553                 CLRA                    promotion of binary operand
0723 3406             (           main.s):01554                 PSHS    B,A             operands of subtraction are not both byte-sized
                      (           main.s):01555         * optim: stripExtraClrA_B
0725 5F               (           main.s):01556                 CLRB
0726 A3E1             (           main.s):01557                 SUBD    ,S++
                      (           main.s):01558         * optim: stripUselessPushPull
                      (           main.s):01559         * optim: optimizeLdx
                      (           main.s):01560         * optim: stripUselessPushPull
0728 EDD804           (           main.s):01561                 STD     [4,U]           optim: optimizeLdx
     072B             (           main.s):01562         L00183  EQU     *               end of if() started at main.c:281
     072B             (           main.s):01563         L00180  EQU     *               end of if() started at main.c:278
     072B             (           main.s):01564         L00177  EQU     *               end of if() started at main.c:275
                      (           main.s):01565         * Useless label L00046 removed
072B 32C4             (           main.s):01566                 LEAS    ,U
072D 35C0             (           main.s):01567                 PULS    U,PC
                      (           main.s):01568         * END FUNCTION GetSin(): defined at main.c:273
     072F             (           main.s):01569         funcend_GetSin  EQU *
     0060             (           main.s):01570         funcsize_GetSin EQU     funcend_GetSin-_GetSin
                      (           main.s):01571         _UpdateDirections       EXPORT
                      (           main.s):01572         
                      (           main.s):01573         
                      (           main.s):01574         *******************************************************************************
                      (           main.s):01575         
                      (           main.s):01576         * FUNCTION UpdateDirections(): defined at main.c:289
     072F             (           main.s):01577         _UpdateDirections       EQU     *
                      (           main.s):01578         * Prototype: void UpdateDirections(...)
                      (           main.s):01579         * Calling convention: 0 (CMOC Default)
072F 3440             (           main.s):01580                 PSHS    U
0731 33E4             (           main.s):01581                 LEAU    ,S
0733 327E             (           main.s):01582                 LEAS    -2,S
                      (           main.s):01583         * Local non-static variable(s):
                      (           main.s):01584         *     -2,U:    1 byte : anglev: unsigned char: line 292
                      (           main.s):01585         *     -1,U:    1 byte : angleu: unsigned char: line 293
                      (           main.s):01586         * Line main.c:292: init of variable anglev
0735 FC0000           (           main.s):01587                 LDD     _playerrotation+0       member x of AnonStruct_main.c:16, via variable playerrotation (optim: removePCRIfRelocatabilityNotSupported)
0738 C30080           (           main.s):01588                 ADDD    #128            add right side
                      (           main.s):01589         * Cast from `int' to byte: result already in B
073B E75E             (           main.s):01590                 STB     -2,U            variable anglev
                      (           main.s):01591         * Line main.c:293: init of variable angleu
073D FC0000           (           main.s):01592                 LDD     _playerrotation+2       member y of AnonStruct_main.c:16, via variable playerrotation (optim: removePCRIfRelocatabilityNotSupported)
                      (           main.s):01593         * Cast from `int' to byte: result already in B
0740 E75F             (           main.s):01594                 STB     -1,U            variable angleu
                      (           main.s):01595         * Line main.c:294: function call: GetSin()
0742 E65E             (           main.s):01596                 LDB     -2,U            variable `anglev', declared at main.c:292
0744 4F               (           main.s):01597                 CLRA                    promoting byte argument to word
0745 3406             (           main.s):01598                 PSHS    B,A             C function argument 2 of GetSin(): unsigned char
0747 8E0000           (           main.s):01599                 LDX     #_sinv+0        variable `sinv', declared at main.c:53 (optim: removePCRIfRelocatabilityNotSupported)
074A 3410             (           main.s):01600                 PSHS    X               C function argument 1 of GetSin(): int *
074C BD0000           (           main.s):01601                 JSR     _GetSin
074F 3264             (           main.s):01602                 LEAS    4,S
                      (           main.s):01603         * Line main.c:295: function call: GetSin()
0751 E65E             (           main.s):01604                 LDB     -2,U            variable anglev
0753 CB40             (           main.s):01605                 ADDB    #$40            64
0755 4F               (           main.s):01606                 CLRA                    promoting byte argument to word
0756 3406             (           main.s):01607                 PSHS    B,A             C function argument 2 of GetSin(): unsigned char
0758 8E0000           (           main.s):01608                 LDX     #_cosv+0        variable `cosv', declared at main.c:53 (optim: removePCRIfRelocatabilityNotSupported)
075B 3410             (           main.s):01609                 PSHS    X               C function argument 1 of GetSin(): int *
075D BD0000           (           main.s):01610                 JSR     _GetSin
0760 3264             (           main.s):01611                 LEAS    4,S
                      (           main.s):01612         * Line main.c:297: function call: GetSin()
0762 E65F             (           main.s):01613                 LDB     -1,U            variable `angleu', declared at main.c:293
0764 4F               (           main.s):01614                 CLRA                    promoting byte argument to word
0765 3406             (           main.s):01615                 PSHS    B,A             C function argument 2 of GetSin(): unsigned char
0767 8E0000           (           main.s):01616                 LDX     #_sinu+0        variable `sinu', declared at main.c:53 (optim: removePCRIfRelocatabilityNotSupported)
076A 3410             (           main.s):01617                 PSHS    X               C function argument 1 of GetSin(): int *
076C BD0000           (           main.s):01618                 JSR     _GetSin
076F 3264             (           main.s):01619                 LEAS    4,S
                      (           main.s):01620         * Line main.c:298: function call: GetSin()
0771 E65F             (           main.s):01621                 LDB     -1,U            variable angleu
0773 CB40             (           main.s):01622                 ADDB    #$40            64
0775 4F               (           main.s):01623                 CLRA                    promoting byte argument to word
0776 3406             (           main.s):01624                 PSHS    B,A             C function argument 2 of GetSin(): unsigned char
0778 8E0000           (           main.s):01625                 LDX     #_cosu+0        variable `cosu', declared at main.c:53 (optim: removePCRIfRelocatabilityNotSupported)
077B 3410             (           main.s):01626                 PSHS    X               C function argument 1 of GetSin(): int *
077D BD0000           (           main.s):01627                 JSR     _GetSin
                      (           main.s):01628         * optim: removeUnneededLEAS
                      (           main.s):01629         * Useless label L00047 removed
0780 32C4             (           main.s):01630                 LEAS    ,U
0782 35C0             (           main.s):01631                 PULS    U,PC
                      (           main.s):01632         * END FUNCTION UpdateDirections(): defined at main.c:289
     0784             (           main.s):01633         funcend_UpdateDirections        EQU *
     0055             (           main.s):01634         funcsize_UpdateDirections       EQU     funcend_UpdateDirections-_UpdateDirections
                      (           main.s):01635         _MovePlayer     EXPORT
                      (           main.s):01636         
                      (           main.s):01637         
                      (           main.s):01638         *******************************************************************************
                      (           main.s):01639         
                      (           main.s):01640         * FUNCTION MovePlayer(): defined at main.c:301
     0784             (           main.s):01641         _MovePlayer     EQU     *
                      (           main.s):01642         * Prototype: void MovePlayer(char, unsigned char)
                      (           main.s):01643         * Calling convention: 0 (CMOC Default)
0784 3440             (           main.s):01644                 PSHS    U
0786 33E4             (           main.s):01645                 LEAU    ,S
0788 3270             (           main.s):01646                 LEAS    -16,S
                      (           main.s):01647         * Formal parameter(s):
                      (           main.s):01648         *      5,U:    1 byte : dist: char: line 301
                      (           main.s):01649         *      7,U:    1 byte : move_angle: unsigned char: line 301
                      (           main.s):01650         * Local non-static variable(s):
                      (           main.s):01651         *    -16,U:    4 bytes: $V00077: long: line 302
                      (           main.s):01652         *    -12,U:    4 bytes: $V00078: long: line 302
                      (           main.s):01653         *     -8,U:    4 bytes: $V00079: long: line 303
                      (           main.s):01654         *     -4,U:    4 bytes: $V00080: long: line 303
                      (           main.s):01655         * Line main.c:302: assignment: +=
                      (           main.s):01656         * Push right operand of add.
                      (           main.s):01657         * Push right operand of mul.
078A FC0000           (           main.s):01658                 LDD     _cosv+0         variable `cosv', declared at main.c:53 (optim: removePCRIfRelocatabilityNotSupported)
078D 3406             (           main.s):01659                 PSHS    B,A
                      (           main.s):01660         * Push left operand of mul.
078F E645             (           main.s):01661                 LDB     5,U             variable `dist', declared at main.c:301
0791 1D               (           main.s):01662                 SEX                     promote to word
0792 3054             (           main.s):01663                 LEAX    -12,U           destination of cast
0794 170000           (           main.s):01664                 LBSR    initDWordFromSignedWord
0797 3410             (           main.s):01665                 PSHS    X
0799 3050             (           main.s):01666                 LEAX    -16,U           temporary destination, type long
079B 170000           (           main.s):01667                 LBSR    mulDWordInt     preserves X
079E 3264             (           main.s):01668                 LEAS    4,S
07A0 3410             (           main.s):01669                 PSHS    X
                      (           main.s):01670         * Push left operand of add.
07A2 8E0000           (           main.s):01671                 LDX     #_decimalz+0    variable `decimalz', declared at main.c:50 (optim: removePCRIfRelocatabilityNotSupported)
07A5 3410             (           main.s):01672                 PSHS    X
07A7 170000           (           main.s):01673                 LBSR    addDWordDWord   preserves X
07AA 3264             (           main.s):01674                 LEAS    4,S
                      (           main.s):01675         * Line main.c:303: assignment: +=
                      (           main.s):01676         * Push right operand of add.
                      (           main.s):01677         * Push right operand of mul.
07AC FC0000           (           main.s):01678                 LDD     _sinv+0         variable `sinv', declared at main.c:53 (optim: removePCRIfRelocatabilityNotSupported)
07AF 3406             (           main.s):01679                 PSHS    B,A
                      (           main.s):01680         * Push left operand of mul.
07B1 E645             (           main.s):01681                 LDB     5,U             variable `dist', declared at main.c:301
07B3 1D               (           main.s):01682                 SEX                     promote to word
07B4 305C             (           main.s):01683                 LEAX    -4,U            destination of cast
07B6 170000           (           main.s):01684                 LBSR    initDWordFromSignedWord
07B9 3410             (           main.s):01685                 PSHS    X
07BB 3058             (           main.s):01686                 LEAX    -8,U            temporary destination, type long
07BD 170000           (           main.s):01687                 LBSR    mulDWordInt     preserves X
07C0 3264             (           main.s):01688                 LEAS    4,S
07C2 3410             (           main.s):01689                 PSHS    X
                      (           main.s):01690         * Push left operand of add.
07C4 8E0000           (           main.s):01691                 LDX     #_decimalx+0    variable `decimalx', declared at main.c:49 (optim: removePCRIfRelocatabilityNotSupported)
07C7 3410             (           main.s):01692                 PSHS    X
07C9 170000           (           main.s):01693                 LBSR    addDWordDWord   preserves X
07CC 3264             (           main.s):01694                 LEAS    4,S
                      (           main.s):01695         * Line main.c:305: while
07CE 201C             (           main.s):01696                 BRA     L00185          jump to while condition
     07D0             (           main.s):01697         L00184  EQU     *               while body
                      (           main.s):01698         * Line main.c:305: assignment: -=
                      (           main.s):01699         * Push right operand of sub.
07D0 4F               (           main.s):01700                 CLRA
07D1 C6FF             (           main.s):01701                 LDB     #$FF            decimal 255 signed
07D3 3406             (           main.s):01702                 PSHS    B,A
                      (           main.s):01703         * Push left operand of sub.
07D5 8E0000           (           main.s):01704                 LDX     #_decimalz+0    variable `decimalz', declared at main.c:50 (optim: removePCRIfRelocatabilityNotSupported)
07D8 3410             (           main.s):01705                 PSHS    X
07DA 170000           (           main.s):01706                 LBSR    subDWordInt     preserves X
07DD 3264             (           main.s):01707                 LEAS    4,S
                      (           main.s):01708         * Line main.c:305: assignment: +=
07DF 4F               (           main.s):01709                 CLRA
07E0 C601             (           main.s):01710                 LDB     #$01            decimal 1 signed
                      (           main.s):01711         * PSHS B,A optim: optimizeStackOperations1
07E2 8E0000           (           main.s):01712                 LDX     #_playerposition+4      member z of AnonStruct_main.c:26, via variable playerposition (optim: removePCRIfRelocatabilityNotSupported)
07E5 EC84             (           main.s):01713                 LDD     ,X
07E7 C30001           (           main.s):01714                 ADDD    #1              optim: optimizeStackOperations1
07EA ED84             (           main.s):01715                 STD     ,X
     07EC             (           main.s):01716         L00185  EQU     *               while condition at main.c:305
                      (           main.s):01717         * push right operand of comparison
07EC 4F               (           main.s):01718                 CLRA
07ED C6FF             (           main.s):01719                 LDB     #$FF            decimal 255 signed
07EF 3406             (           main.s):01720                 PSHS    B,A
                      (           main.s):01721         * push left operand of comparison
07F1 8E0000           (           main.s):01722                 LDX     #_decimalz+0    variable `decimalz', declared at main.c:50 (optim: removePCRIfRelocatabilityNotSupported)
07F4 3410             (           main.s):01723                 PSHS    X
07F6 170000           (           main.s):01724                 LBSR    cmpDWordSignedInt       sets N, Z, V, C; preserves X
07F9 3264             (           main.s):01725                 LEAS    4,S
07FB 2ED3             (           main.s):01726                 BGT     L00184
                      (           main.s):01727         * optim: branchToNextLocation
                      (           main.s):01728         * Useless label L00186 removed
                      (           main.s):01729         * Line main.c:306: while
07FD 201C             (           main.s):01730                 BRA     L00188          jump to while condition
     07FF             (           main.s):01731         L00187  EQU     *               while body
                      (           main.s):01732         * Line main.c:306: assignment: -=
                      (           main.s):01733         * Push right operand of sub.
07FF 4F               (           main.s):01734                 CLRA
0800 C6FF             (           main.s):01735                 LDB     #$FF            decimal 255 signed
0802 3406             (           main.s):01736                 PSHS    B,A
                      (           main.s):01737         * Push left operand of sub.
0804 8E0000           (           main.s):01738                 LDX     #_decimalx+0    variable `decimalx', declared at main.c:49 (optim: removePCRIfRelocatabilityNotSupported)
0807 3410             (           main.s):01739                 PSHS    X
0809 170000           (           main.s):01740                 LBSR    subDWordInt     preserves X
080C 3264             (           main.s):01741                 LEAS    4,S
                      (           main.s):01742         * Line main.c:306: assignment: +=
080E 4F               (           main.s):01743                 CLRA
080F C601             (           main.s):01744                 LDB     #$01            decimal 1 signed
                      (           main.s):01745         * PSHS B,A optim: optimizeStackOperations1
0811 8E0000           (           main.s):01746                 LDX     #_playerposition+0      member x of AnonStruct_main.c:26, via variable playerposition (optim: removePCRIfRelocatabilityNotSupported)
0814 EC84             (           main.s):01747                 LDD     ,X
0816 C30001           (           main.s):01748                 ADDD    #1              optim: optimizeStackOperations1
0819 ED84             (           main.s):01749                 STD     ,X
     081B             (           main.s):01750         L00188  EQU     *               while condition at main.c:306
                      (           main.s):01751         * push right operand of comparison
081B 4F               (           main.s):01752                 CLRA
081C C6FF             (           main.s):01753                 LDB     #$FF            decimal 255 signed
081E 3406             (           main.s):01754                 PSHS    B,A
                      (           main.s):01755         * push left operand of comparison
0820 8E0000           (           main.s):01756                 LDX     #_decimalx+0    variable `decimalx', declared at main.c:49 (optim: removePCRIfRelocatabilityNotSupported)
0823 3410             (           main.s):01757                 PSHS    X
0825 170000           (           main.s):01758                 LBSR    cmpDWordSignedInt       sets N, Z, V, C; preserves X
0828 3264             (           main.s):01759                 LEAS    4,S
082A 2ED3             (           main.s):01760                 BGT     L00187
                      (           main.s):01761         * optim: branchToNextLocation
                      (           main.s):01762         * Useless label L00189 removed
                      (           main.s):01763         * Line main.c:307: while
082C 201C             (           main.s):01764                 BRA     L00191          jump to while condition
     082E             (           main.s):01765         L00190  EQU     *               while body
                      (           main.s):01766         * Line main.c:307: assignment: +=
                      (           main.s):01767         * Push right operand of add.
082E 4F               (           main.s):01768                 CLRA
082F C6FF             (           main.s):01769                 LDB     #$FF            decimal 255 signed
0831 3406             (           main.s):01770                 PSHS    B,A
                      (           main.s):01771         * Push left operand of add.
0833 8E0000           (           main.s):01772                 LDX     #_decimalx+0    variable `decimalx', declared at main.c:49 (optim: removePCRIfRelocatabilityNotSupported)
0836 3410             (           main.s):01773                 PSHS    X
0838 170000           (           main.s):01774                 LBSR    addDWordInt     preserves X
083B 3264             (           main.s):01775                 LEAS    4,S
                      (           main.s):01776         * Line main.c:307: assignment: -=
083D 4F               (           main.s):01777                 CLRA
083E C601             (           main.s):01778                 LDB     #$01            decimal 1 signed
                      (           main.s):01779         * PSHS B,A optim: optimizeStackOperations1
0840 8E0000           (           main.s):01780                 LDX     #_playerposition+0      member x of AnonStruct_main.c:26, via variable playerposition (optim: removePCRIfRelocatabilityNotSupported)
0843 EC84             (           main.s):01781                 LDD     ,X
0845 830001           (           main.s):01782                 SUBD    #1              optim: optimizeStackOperations1
0848 ED84             (           main.s):01783                 STD     ,X
     084A             (           main.s):01784         L00191  EQU     *               while condition at main.c:307
                      (           main.s):01785         * push right operand of comparison
084A CCFF01           (           main.s):01786                 LDD     #$FF01          constant expression: 65281 decimal, signed
084D 3406             (           main.s):01787                 PSHS    B,A
                      (           main.s):01788         * push left operand of comparison
084F 8E0000           (           main.s):01789                 LDX     #_decimalx+0    variable `decimalx', declared at main.c:49 (optim: removePCRIfRelocatabilityNotSupported)
0852 3410             (           main.s):01790                 PSHS    X
0854 170000           (           main.s):01791                 LBSR    cmpDWordSignedInt       sets N, Z, V, C; preserves X
0857 3264             (           main.s):01792                 LEAS    4,S
0859 2DD3             (           main.s):01793                 BLT     L00190
                      (           main.s):01794         * optim: branchToNextLocation
                      (           main.s):01795         * Useless label L00192 removed
                      (           main.s):01796         * Line main.c:308: while
085B 201C             (           main.s):01797                 BRA     L00194          jump to while condition
     085D             (           main.s):01798         L00193  EQU     *               while body
                      (           main.s):01799         * Line main.c:308: assignment: +=
                      (           main.s):01800         * Push right operand of add.
085D 4F               (           main.s):01801                 CLRA
085E C6FF             (           main.s):01802                 LDB     #$FF            decimal 255 signed
0860 3406             (           main.s):01803                 PSHS    B,A
                      (           main.s):01804         * Push left operand of add.
0862 8E0000           (           main.s):01805                 LDX     #_decimalz+0    variable `decimalz', declared at main.c:50 (optim: removePCRIfRelocatabilityNotSupported)
0865 3410             (           main.s):01806                 PSHS    X
0867 170000           (           main.s):01807                 LBSR    addDWordInt     preserves X
086A 3264             (           main.s):01808                 LEAS    4,S
                      (           main.s):01809         * Line main.c:308: assignment: -=
086C 4F               (           main.s):01810                 CLRA
086D C601             (           main.s):01811                 LDB     #$01            decimal 1 signed
                      (           main.s):01812         * PSHS B,A optim: optimizeStackOperations1
086F 8E0000           (           main.s):01813                 LDX     #_playerposition+4      member z of AnonStruct_main.c:26, via variable playerposition (optim: removePCRIfRelocatabilityNotSupported)
0872 EC84             (           main.s):01814                 LDD     ,X
0874 830001           (           main.s):01815                 SUBD    #1              optim: optimizeStackOperations1
0877 ED84             (           main.s):01816                 STD     ,X
     0879             (           main.s):01817         L00194  EQU     *               while condition at main.c:308
                      (           main.s):01818         * push right operand of comparison
0879 CCFF01           (           main.s):01819                 LDD     #$FF01          constant expression: 65281 decimal, signed
087C 3406             (           main.s):01820                 PSHS    B,A
                      (           main.s):01821         * push left operand of comparison
087E 8E0000           (           main.s):01822                 LDX     #_decimalz+0    variable `decimalz', declared at main.c:50 (optim: removePCRIfRelocatabilityNotSupported)
0881 3410             (           main.s):01823                 PSHS    X
0883 170000           (           main.s):01824                 LBSR    cmpDWordSignedInt       sets N, Z, V, C; preserves X
0886 3264             (           main.s):01825                 LEAS    4,S
0888 2DD3             (           main.s):01826                 BLT     L00193
                      (           main.s):01827         * optim: branchToNextLocation
                      (           main.s):01828         * Useless label L00195 removed
                      (           main.s):01829         * Useless label L00048 removed
088A 32C4             (           main.s):01830                 LEAS    ,U
088C 35C0             (           main.s):01831                 PULS    U,PC
                      (           main.s):01832         * END FUNCTION MovePlayer(): defined at main.c:301
     088E             (           main.s):01833         funcend_MovePlayer      EQU *
     010A             (           main.s):01834         funcsize_MovePlayer     EQU     funcend_MovePlayer-_MovePlayer
                      (           main.s):01835         _project_point  EXPORT
                      (           main.s):01836         
                      (           main.s):01837         
                      (           main.s):01838         *******************************************************************************
                      (           main.s):01839         
                      (           main.s):01840         * FUNCTION project_point(): defined at main.c:311
     088E             (           main.s):01841         _project_point  EQU     *
                      (           main.s):01842         * Prototype: void project_point(struct AnonStruct_main.c:26, struct AnonStruct_main.c:16 *)
                      (           main.s):01843         * Calling convention: 0 (CMOC Default)
088E 3440             (           main.s):01844                 PSHS    U
0890 33E4             (           main.s):01845                 LEAU    ,S
0892 32E9FF5D         (           main.s):01846                 LEAS    -163,S
                      (           main.s):01847         * Formal parameter(s):
                      (           main.s):01848         *      4,U:    6 bytes: p: struct AnonStruct_main.c:26: line 311
                      (           main.s):01849         *     10,U:    2 bytes: out: struct AnonStruct_main.c:16 *: line 311
                      (           main.s):01850         * Local non-static variable(s):
                      (           main.s):01851         *   -163,U:    2 bytes: dz: int: line 314
                      (           main.s):01852         *   -161,U:    2 bytes: dy: int: line 315
                      (           main.s):01853         *   -159,U:    2 bytes: dx: int: line 316
                      (           main.s):01854         *   -157,U:    1 byte : c_dz: char: line 324
                      (           main.s):01855         *   -156,U:    1 byte : c_dy: char: line 325
                      (           main.s):01856         *   -155,U:    1 byte : c_dx: char: line 326
                      (           main.s):01857         *   -154,U:    4 bytes: r1z: long: line 331
                      (           main.s):01858         *   -150,U:    4 bytes: r1x: long: line 334
                      (           main.s):01859         *   -146,U:    4 bytes: r2y: long: line 340
                      (           main.s):01860         *   -142,U:    4 bytes: r2z: long: line 341
                      (           main.s):01861         *   -138,U:    2 bytes: r2zShift: int: line 345
                      (           main.s):01862         *   -136,U:    4 bytes: fx: long: line 359
                      (           main.s):01863         *   -132,U:    4 bytes: fy: long: line 360
                      (           main.s):01864         *   -128,U:    4 bytes: $V00081: long: line 332
                      (           main.s):01865         *   -124,U:    4 bytes: $V00082: long: line 331
                      (           main.s):01866         *   -120,U:    4 bytes: $V00083: long: line 331
                      (           main.s):01867         *   -116,U:    4 bytes: $V00084: long: line 332
                      (           main.s):01868         *   -112,U:    4 bytes: $V00085: long: line 332
                      (           main.s):01869         *   -108,U:    4 bytes: $V00086: long: line 335
                      (           main.s):01870         *   -104,U:    4 bytes: $V00087: long: line 334
                      (           main.s):01871         *   -100,U:    4 bytes: $V00088: long: line 334
                      (           main.s):01872         *    -96,U:    4 bytes: $V00089: long: line 335
                      (           main.s):01873         *    -92,U:    4 bytes: $V00090: long: line 335
                      (           main.s):01874         *    -88,U:    4 bytes: $V00091: long: line 340
                      (           main.s):01875         *    -84,U:    4 bytes: $V00092: long: line 340
                      (           main.s):01876         *    -80,U:    4 bytes: $V00093: long: line 340
                      (           main.s):01877         *    -76,U:    4 bytes: $V00094: long: line 340
                      (           main.s):01878         *    -72,U:    4 bytes: $V00095: long: line 340
                      (           main.s):01879         *    -68,U:    4 bytes: $V00096: long: line 341
                      (           main.s):01880         *    -64,U:    4 bytes: $V00097: long: line 341
                      (           main.s):01881         *    -60,U:    4 bytes: $V00098: long: line 341
                      (           main.s):01882         *    -56,U:    4 bytes: $V00099: long: line 341
                      (           main.s):01883         *    -52,U:    4 bytes: $V00100: long: line 341
                      (           main.s):01884         *    -48,U:    4 bytes: $V00101: long: line 345
                      (           main.s):01885         *    -44,U:    4 bytes: $V00102: long: line 359
                      (           main.s):01886         *    -40,U:    4 bytes: $V00103: long: line 359
                      (           main.s):01887         *    -36,U:    4 bytes: $V00104: long: line 359
                      (           main.s):01888         *    -32,U:    4 bytes: $V00105: long: line 359
                      (           main.s):01889         *    -28,U:    4 bytes: $V00106: long: line 359
                      (           main.s):01890         *    -24,U:    4 bytes: $V00107: long: line 360
                      (           main.s):01891         *    -20,U:    4 bytes: $V00108: long: line 360
                      (           main.s):01892         *    -16,U:    4 bytes: $V00109: long: line 360
                      (           main.s):01893         *    -12,U:    4 bytes: $V00110: long: line 360
                      (           main.s):01894         *     -8,U:    4 bytes: $V00111: long: line 360
                      (           main.s):01895         *     -4,U:    4 bytes: $V00112: long: line 360
                      (           main.s):01896         * Line main.c:314: init of variable dz
                      (           main.s):01897         * optim: optimizeStackOperations4
                      (           main.s):01898         * optim: optimizeStackOperations4
0896 EC48             (           main.s):01899                 LDD     8,U             member z of AnonStruct_main.c:26, via variable p
0898 A38D0000         (           main.s):01900                 SUBD    _playerposition+4,PCR   optim: optimizeStackOperations4
089C EDC9FF5D         (           main.s):01901                 STD     -163,U          variable dz
                      (           main.s):01902         * Line main.c:315: init of variable dy
                      (           main.s):01903         * optim: optimizeStackOperations4
                      (           main.s):01904         * optim: optimizeStackOperations4
08A0 EC46             (           main.s):01905                 LDD     6,U             member y of AnonStruct_main.c:26, via variable p
08A2 A38D0000         (           main.s):01906                 SUBD    _playerposition+2,PCR   optim: optimizeStackOperations4
08A6 EDC9FF5F         (           main.s):01907                 STD     -161,U          variable dy
                      (           main.s):01908         * Line main.c:316: init of variable dx
                      (           main.s):01909         * optim: optimizeStackOperations4
                      (           main.s):01910         * optim: optimizeStackOperations4
08AA EC44             (           main.s):01911                 LDD     4,U             member x of AnonStruct_main.c:26, via variable p
08AC A38D0000         (           main.s):01912                 SUBD    _playerposition+0,PCR   optim: optimizeStackOperations4
08B0 EDC9FF61         (           main.s):01913                 STD     -159,U          variable dx
                      (           main.s):01914         * Line main.c:318: if
                      (           main.s):01915         * optim: storeLoad
08B4 1083005A         (           main.s):01916                 CMPD    #$5A
08B8 2C32             (           main.s):01917                 BGE     L00196
                      (           main.s):01918         * optim: branchToNextLocation
                      (           main.s):01919         * Useless label L00202 removed
08BA ECC9FF5F         (           main.s):01920                 LDD     -161,U          variable dy
08BE 1083005A         (           main.s):01921                 CMPD    #$5A
08C2 2C28             (           main.s):01922                 BGE     L00196
                      (           main.s):01923         * optim: branchToNextLocation
                      (           main.s):01924         * Useless label L00201 removed
08C4 ECC9FF5D         (           main.s):01925                 LDD     -163,U          variable dz
08C8 1083005A         (           main.s):01926                 CMPD    #$5A
08CC 2C1E             (           main.s):01927                 BGE     L00196
                      (           main.s):01928         * optim: branchToNextLocation
                      (           main.s):01929         * Useless label L00200 removed
08CE ECC9FF61         (           main.s):01930                 LDD     -159,U          variable dx
08D2 1083FFA6         (           main.s):01931                 CMPD    #$FFA6
08D6 2F14             (           main.s):01932                 BLE     L00196
                      (           main.s):01933         * optim: branchToNextLocation
                      (           main.s):01934         * Useless label L00199 removed
08D8 ECC9FF5F         (           main.s):01935                 LDD     -161,U          variable dy
08DC 1083FFA6         (           main.s):01936                 CMPD    #$FFA6
08E0 2F0A             (           main.s):01937                 BLE     L00196
                      (           main.s):01938         * optim: branchToNextLocation
                      (           main.s):01939         * Useless label L00198 removed
08E2 ECC9FF5D         (           main.s):01940                 LDD     -163,U          variable dz
08E6 1083FFA6         (           main.s):01941                 CMPD    #$FFA6
08EA 2E10             (           main.s):01942                 BGT     L00197           (optim: condBranchOverUncondBranch)
                      (           main.s):01943         * optim: condBranchOverUncondBranch
     08EC             (           main.s):01944         L00196  EQU     *               then clause of if() started at main.c:318
                      (           main.s):01945         * Line main.c:318
                      (           main.s):01946         * Line main.c:319: assignment: =
08EC CCFF80           (           main.s):01947                 LDD     #$FF80          constant expression: 65408 decimal, signed
                      (           main.s):01948         * optim: stripUselessPushPull
                      (           main.s):01949         * optim: optimizeLdx
                      (           main.s):01950         * optim: stripUselessPushPull
08EF EDD80A           (           main.s):01951                 STD     [10,U]          optim: optimizeLdx
                      (           main.s):01952         * Line main.c:320: assignment: =
08F2 CCFF80           (           main.s):01953                 LDD     #$FF80          constant expression: 65408 decimal, signed
                      (           main.s):01954         * optim: stripUselessPushPull
08F5 AE4A             (           main.s):01955                 LDX     10,U            variable out
                      (           main.s):01956         * optim: optimizeLeax
                      (           main.s):01957         * optim: stripUselessPushPull
08F7 ED02             (           main.s):01958                 STD     2,X             optim: optimizeLeax
08F9 160315           (           main.s):01959                 LBRA    L00049          return (main.c:321)
     08FC             (           main.s):01960         L00197  EQU     *               else clause of if() started at main.c:318
                      (           main.s):01961         * Useless label L00203 removed
                      (           main.s):01962         * Line main.c:324: init of variable c_dz
08FC ECC9FF5D         (           main.s):01963                 LDD     -163,U          variable `dz', declared at main.c:314
                      (           main.s):01964         * Cast from `int' to byte: result already in B
0900 E7C9FF63         (           main.s):01965                 STB     -157,U          variable c_dz
                      (           main.s):01966         * Line main.c:325: init of variable c_dy
0904 ECC9FF5F         (           main.s):01967                 LDD     -161,U          variable `dy', declared at main.c:315
                      (           main.s):01968         * Cast from `int' to byte: result already in B
0908 E7C9FF64         (           main.s):01969                 STB     -156,U          variable c_dy
                      (           main.s):01970         * Line main.c:326: init of variable c_dx
090C ECC9FF61         (           main.s):01971                 LDD     -159,U          variable `dx', declared at main.c:316
                      (           main.s):01972         * Cast from `int' to byte: result already in B
0910 E7C9FF65         (           main.s):01973                 STB     -155,U          variable c_dx
                      (           main.s):01974         * Line main.c:331: init of variable r1z
                      (           main.s):01975         * Push right operand of add.
                      (           main.s):01976         * Line main.c:332: function call: mul_signed()
0914 CC0000           (           main.s):01977                 LDD     #_mul8_u        address of mul8_u(), defined at main.c:89
0917 3406             (           main.s):01978                 PSHS    B,A             C function argument 3 of mul_signed(): long (*)(long, long)
0919 FC0000           (           main.s):01979                 LDD     _cosv+0         variable `cosv', declared at main.c:53 (optim: removePCRIfRelocatabilityNotSupported)
091C 327C             (           main.s):01980                 LEAS    -4,S            slot for argument 2
091E 30E4             (           main.s):01981                 LEAX    ,S
0920 170000           (           main.s):01982                 LBSR    initDWordFromSignedWord
0923 E6C9FF63         (           main.s):01983                 LDB     -157,U          variable `c_dz', declared at main.c:324
0927 1D               (           main.s):01984                 SEX                     promoting byte argument to word
0928 327C             (           main.s):01985                 LEAS    -4,S            slot for argument 1
092A 30E4             (           main.s):01986                 LEAX    ,S
092C 170000           (           main.s):01987                 LBSR    initDWordFromSignedWord
092F 30C890           (           main.s):01988                 LEAX    -112,U          address of struct/union to be returned by mul_signed()
0932 3410             (           main.s):01989                 PSHS    X               hidden argument
0934 BD0000           (           main.s):01990                 JSR     _mul_signed
0937 326C             (           main.s):01991                 LEAS    12,S
0939 30C890           (           main.s):01992                 LEAX    -112,U          address of struct/union returned by mul_signed()
                      (           main.s):01993         * optim: mergePushXPushD
                      (           main.s):01994         * Push left operand of add.
                      (           main.s):01995         * Line main.c:331: function call: mul_signed()
093C CC0000           (           main.s):01996                 LDD     #_mul8_u        address of mul8_u(), defined at main.c:89
093F 3416             (           main.s):01997                 PSHS    X,B,A           optim: mergePushXPushD
0941 FC0000           (           main.s):01998                 LDD     _sinv+0         variable `sinv', declared at main.c:53 (optim: removePCRIfRelocatabilityNotSupported)
0944 327C             (           main.s):01999                 LEAS    -4,S            slot for argument 2
0946 30E4             (           main.s):02000                 LEAX    ,S
0948 170000           (           main.s):02001                 LBSR    initDWordFromSignedWord
094B E6C9FF65         (           main.s):02002                 LDB     -155,U          variable `c_dx', declared at main.c:326
094F 1D               (           main.s):02003                 SEX                     promoting byte argument to word
0950 327C             (           main.s):02004                 LEAS    -4,S            slot for argument 1
0952 30E4             (           main.s):02005                 LEAX    ,S
0954 170000           (           main.s):02006                 LBSR    initDWordFromSignedWord
0957 30C888           (           main.s):02007                 LEAX    -120,U          address of struct/union to be returned by mul_signed()
095A 3410             (           main.s):02008                 PSHS    X               hidden argument
095C BD0000           (           main.s):02009                 JSR     _mul_signed
095F 326C             (           main.s):02010                 LEAS    12,S
0961 30C888           (           main.s):02011                 LEAX    -120,U          address of struct/union returned by mul_signed()
0964 3410             (           main.s):02012                 PSHS    X
0966 30C880           (           main.s):02013                 LEAX    -128,U          temporary destination, type long
0969 170000           (           main.s):02014                 LBSR    addDWordDWord   preserves X
096C 3264             (           main.s):02015                 LEAS    4,S
096E 1F10             (           main.s):02016                 TFR     X,D             address of source number
0970 30C9FF66         (           main.s):02017                 LEAX    -154,U          variable r1z
0974 170000           (           main.s):02018                 LBSR    copyDWord
                      (           main.s):02019         * Line main.c:334: init of variable r1x
                      (           main.s):02020         * Push right operand of sub.
                      (           main.s):02021         * Line main.c:335: function call: mul_signed()
0977 CC0000           (           main.s):02022                 LDD     #_mul8_u        address of mul8_u(), defined at main.c:89
097A 3406             (           main.s):02023                 PSHS    B,A             C function argument 3 of mul_signed(): long (*)(long, long)
097C FC0000           (           main.s):02024                 LDD     _sinv+0         variable `sinv', declared at main.c:53 (optim: removePCRIfRelocatabilityNotSupported)
097F 327C             (           main.s):02025                 LEAS    -4,S            slot for argument 2
0981 30E4             (           main.s):02026                 LEAX    ,S
0983 170000           (           main.s):02027                 LBSR    initDWordFromSignedWord
0986 E6C9FF63         (           main.s):02028                 LDB     -157,U          variable `c_dz', declared at main.c:324
098A 1D               (           main.s):02029                 SEX                     promoting byte argument to word
098B 327C             (           main.s):02030                 LEAS    -4,S            slot for argument 1
098D 30E4             (           main.s):02031                 LEAX    ,S
098F 170000           (           main.s):02032                 LBSR    initDWordFromSignedWord
0992 30C8A4           (           main.s):02033                 LEAX    -92,U           address of struct/union to be returned by mul_signed()
0995 3410             (           main.s):02034                 PSHS    X               hidden argument
0997 BD0000           (           main.s):02035                 JSR     _mul_signed
099A 326C             (           main.s):02036                 LEAS    12,S
099C 30C8A4           (           main.s):02037                 LEAX    -92,U           address of struct/union returned by mul_signed()
                      (           main.s):02038         * optim: mergePushXPushD
                      (           main.s):02039         * Push left operand of sub.
                      (           main.s):02040         * Line main.c:334: function call: mul_signed()
099F CC0000           (           main.s):02041                 LDD     #_mul8_u        address of mul8_u(), defined at main.c:89
09A2 3416             (           main.s):02042                 PSHS    X,B,A           optim: mergePushXPushD
09A4 FC0000           (           main.s):02043                 LDD     _cosv+0         variable `cosv', declared at main.c:53 (optim: removePCRIfRelocatabilityNotSupported)
09A7 327C             (           main.s):02044                 LEAS    -4,S            slot for argument 2
09A9 30E4             (           main.s):02045                 LEAX    ,S
09AB 170000           (           main.s):02046                 LBSR    initDWordFromSignedWord
09AE E6C9FF65         (           main.s):02047                 LDB     -155,U          variable `c_dx', declared at main.c:326
09B2 1D               (           main.s):02048                 SEX                     promoting byte argument to word
09B3 327C             (           main.s):02049                 LEAS    -4,S            slot for argument 1
09B5 30E4             (           main.s):02050                 LEAX    ,S
09B7 170000           (           main.s):02051                 LBSR    initDWordFromSignedWord
09BA 30C89C           (           main.s):02052                 LEAX    -100,U          address of struct/union to be returned by mul_signed()
09BD 3410             (           main.s):02053                 PSHS    X               hidden argument
09BF BD0000           (           main.s):02054                 JSR     _mul_signed
09C2 326C             (           main.s):02055                 LEAS    12,S
09C4 30C89C           (           main.s):02056                 LEAX    -100,U          address of struct/union returned by mul_signed()
09C7 3410             (           main.s):02057                 PSHS    X
09C9 30C894           (           main.s):02058                 LEAX    -108,U          temporary destination, type long
09CC 170000           (           main.s):02059                 LBSR    subDWordDWord   preserves X
09CF 3264             (           main.s):02060                 LEAS    4,S
09D1 1F10             (           main.s):02061                 TFR     X,D             address of source number
09D3 30C9FF6A         (           main.s):02062                 LEAX    -150,U          variable r1x
09D7 170000           (           main.s):02063                 LBSR    copyDWord
                      (           main.s):02064         * Line main.c:340: init of variable r2y
                      (           main.s):02065         * Push right operand of sub.
                      (           main.s):02066         * Line main.c:340: function call: mul_signed()
09DA CC0000           (           main.s):02067                 LDD     #_mul16x8_u     address of mul16x8_u(), defined at main.c:93
09DD 3406             (           main.s):02068                 PSHS    B,A             C function argument 3 of mul_signed(): long (*)(long, long)
09DF FC0000           (           main.s):02069                 LDD     _sinu+0         variable `sinu', declared at main.c:53 (optim: removePCRIfRelocatabilityNotSupported)
09E2 327C             (           main.s):02070                 LEAS    -4,S            slot for argument 2
09E4 30E4             (           main.s):02071                 LEAX    ,S
09E6 170000           (           main.s):02072                 LBSR    initDWordFromSignedWord
09E9 30C9FF66         (           main.s):02073                 LEAX    -154,U          variable `r1z', declared at main.c:331
09ED 327C             (           main.s):02074                 LEAS    -4,S            pass long by value
09EF 170000           (           main.s):02075                 LBSR    push4ByteStruct C function argument 1 of mul_signed(): long
09F2 30C8B8           (           main.s):02076                 LEAX    -72,U           address of struct/union to be returned by mul_signed()
09F5 3410             (           main.s):02077                 PSHS    X               hidden argument
09F7 BD0000           (           main.s):02078                 JSR     _mul_signed
09FA 326C             (           main.s):02079                 LEAS    12,S
09FC 30C8B8           (           main.s):02080                 LEAX    -72,U           address of struct/union returned by mul_signed()
09FF 3410             (           main.s):02081                 PSHS    X
                      (           main.s):02082         * Push left operand of sub.
0A01 4F               (           main.s):02083                 CLRA
0A02 C608             (           main.s):02084                 LDB     #$08            decimal 8 signed
0A04 3404             (           main.s):02085                 PSHS    B               number of bits to shift
                      (           main.s):02086         * Line main.c:340: function call: mul_signed()
0A06 CC0000           (           main.s):02087                 LDD     #_mul8_u        address of mul8_u(), defined at main.c:89
0A09 3406             (           main.s):02088                 PSHS    B,A             C function argument 3 of mul_signed(): long (*)(long, long)
0A0B FC0000           (           main.s):02089                 LDD     _cosu+0         variable `cosu', declared at main.c:53 (optim: removePCRIfRelocatabilityNotSupported)
0A0E 327C             (           main.s):02090                 LEAS    -4,S            slot for argument 2
0A10 30E4             (           main.s):02091                 LEAX    ,S
0A12 170000           (           main.s):02092                 LBSR    initDWordFromSignedWord
0A15 ECC9FF5F         (           main.s):02093                 LDD     -161,U          variable `dy', declared at main.c:315
0A19 327C             (           main.s):02094                 LEAS    -4,S            slot for argument 1
0A1B 30E4             (           main.s):02095                 LEAX    ,S
0A1D 170000           (           main.s):02096                 LBSR    initDWordFromSignedWord
0A20 30C8B4           (           main.s):02097                 LEAX    -76,U           address of struct/union to be returned by mul_signed()
0A23 3410             (           main.s):02098                 PSHS    X               hidden argument
0A25 BD0000           (           main.s):02099                 JSR     _mul_signed
0A28 326C             (           main.s):02100                 LEAS    12,S
0A2A 30C8B4           (           main.s):02101                 LEAX    -76,U           address of struct/union returned by mul_signed()
0A2D 3410             (           main.s):02102                 PSHS    X               address of input dword to be shifted
0A2F 30C8B0           (           main.s):02103                 LEAX    -80,U           temporary destination, type long
0A32 170000           (           main.s):02104                 LBSR    leftShiftDWord  preserves X
0A35 3263             (           main.s):02105                 LEAS    3,S
0A37 3410             (           main.s):02106                 PSHS    X
0A39 30C8AC           (           main.s):02107                 LEAX    -84,U           temporary destination, type long
0A3C 170000           (           main.s):02108                 LBSR    subDWordDWord   preserves X
0A3F 3264             (           main.s):02109                 LEAS    4,S
0A41 1F10             (           main.s):02110                 TFR     X,D             address of source number
0A43 30C9FF6E         (           main.s):02111                 LEAX    -146,U          variable r2y
0A47 170000           (           main.s):02112                 LBSR    copyDWord
                      (           main.s):02113         * Line main.c:341: init of variable r2z
                      (           main.s):02114         * Push right operand of add.
                      (           main.s):02115         * Line main.c:341: function call: mul_signed()
0A4A CC0000           (           main.s):02116                 LDD     #_mul16x8_u     address of mul16x8_u(), defined at main.c:93
0A4D 3406             (           main.s):02117                 PSHS    B,A             C function argument 3 of mul_signed(): long (*)(long, long)
0A4F FC0000           (           main.s):02118                 LDD     _cosu+0         variable `cosu', declared at main.c:53 (optim: removePCRIfRelocatabilityNotSupported)
0A52 327C             (           main.s):02119                 LEAS    -4,S            slot for argument 2
0A54 30E4             (           main.s):02120                 LEAX    ,S
0A56 170000           (           main.s):02121                 LBSR    initDWordFromSignedWord
0A59 30C9FF66         (           main.s):02122                 LEAX    -154,U          variable `r1z', declared at main.c:331
0A5D 327C             (           main.s):02123                 LEAS    -4,S            pass long by value
0A5F 170000           (           main.s):02124                 LBSR    push4ByteStruct C function argument 1 of mul_signed(): long
0A62 30C8CC           (           main.s):02125                 LEAX    -52,U           address of struct/union to be returned by mul_signed()
0A65 3410             (           main.s):02126                 PSHS    X               hidden argument
0A67 BD0000           (           main.s):02127                 JSR     _mul_signed
0A6A 326C             (           main.s):02128                 LEAS    12,S
0A6C 30C8CC           (           main.s):02129                 LEAX    -52,U           address of struct/union returned by mul_signed()
0A6F 3410             (           main.s):02130                 PSHS    X
                      (           main.s):02131         * Push left operand of add.
0A71 4F               (           main.s):02132                 CLRA
0A72 C608             (           main.s):02133                 LDB     #$08            decimal 8 signed
0A74 3404             (           main.s):02134                 PSHS    B               number of bits to shift
                      (           main.s):02135         * Line main.c:341: function call: mul_signed()
0A76 CC0000           (           main.s):02136                 LDD     #_mul8_u        address of mul8_u(), defined at main.c:89
0A79 3406             (           main.s):02137                 PSHS    B,A             C function argument 3 of mul_signed(): long (*)(long, long)
0A7B FC0000           (           main.s):02138                 LDD     _sinu+0         variable `sinu', declared at main.c:53 (optim: removePCRIfRelocatabilityNotSupported)
0A7E 327C             (           main.s):02139                 LEAS    -4,S            slot for argument 2
0A80 30E4             (           main.s):02140                 LEAX    ,S
0A82 170000           (           main.s):02141                 LBSR    initDWordFromSignedWord
0A85 ECC9FF5F         (           main.s):02142                 LDD     -161,U          variable `dy', declared at main.c:315
0A89 327C             (           main.s):02143                 LEAS    -4,S            slot for argument 1
0A8B 30E4             (           main.s):02144                 LEAX    ,S
0A8D 170000           (           main.s):02145                 LBSR    initDWordFromSignedWord
0A90 30C8C8           (           main.s):02146                 LEAX    -56,U           address of struct/union to be returned by mul_signed()
0A93 3410             (           main.s):02147                 PSHS    X               hidden argument
0A95 BD0000           (           main.s):02148                 JSR     _mul_signed
0A98 326C             (           main.s):02149                 LEAS    12,S
0A9A 30C8C8           (           main.s):02150                 LEAX    -56,U           address of struct/union returned by mul_signed()
0A9D 3410             (           main.s):02151                 PSHS    X               address of input dword to be shifted
0A9F 30C8C4           (           main.s):02152                 LEAX    -60,U           temporary destination, type long
0AA2 170000           (           main.s):02153                 LBSR    leftShiftDWord  preserves X
0AA5 3263             (           main.s):02154                 LEAS    3,S
0AA7 3410             (           main.s):02155                 PSHS    X
0AA9 30C8C0           (           main.s):02156                 LEAX    -64,U           temporary destination, type long
0AAC 170000           (           main.s):02157                 LBSR    addDWordDWord   preserves X
0AAF 3264             (           main.s):02158                 LEAS    4,S
0AB1 1F10             (           main.s):02159                 TFR     X,D             address of source number
0AB3 30C9FF72         (           main.s):02160                 LEAX    -142,U          variable r2z
0AB7 170000           (           main.s):02161                 LBSR    copyDWord
                      (           main.s):02162         * Line main.c:345: init of variable r2zShift
                      (           main.s):02163         * Shifting a long right by 16 bits into a word. Emitting expression to be shifted.
                      (           main.s):02164         * optim: optimizeIndexedX2: LEAX -142,U
0ABA ECC9FF72         (           main.s):02165                 LDD     -142,U          shift long right by 16 bits by keeping high word; optim: optimizeIndexedX2
0ABE EDC9FF76         (           main.s):02166                 STD     -138,U          variable r2zShift
                      (           main.s):02167         * Line main.c:347: if
                      (           main.s):02168         * optim: storeLoad
0AC2 C30000           (           main.s):02169                 ADDD    #0
0AC5 2E10             (           main.s):02170                 BGT     L00205           (optim: condBranchOverUncondBranch)
                      (           main.s):02171         * optim: condBranchOverUncondBranch
                      (           main.s):02172         * Useless label L00204 removed
                      (           main.s):02173         * Line main.c:347
                      (           main.s):02174         * Line main.c:348: assignment: =
0AC7 C680             (           main.s):02175                 LDB     #$80            optim: lddToLDB
                      (           main.s):02176         * Cast from `int' to byte: result already in B
0AC9 1D               (           main.s):02177                 SEX
                      (           main.s):02178         * optim: stripUselessPushPull
                      (           main.s):02179         * optim: optimizeLdx
                      (           main.s):02180         * optim: stripUselessPushPull
0ACA EDD80A           (           main.s):02181                 STD     [10,U]          optim: optimizeLdx
                      (           main.s):02182         * Line main.c:349: assignment: =
0ACD C680             (           main.s):02183                 LDB     #$80            optim: lddToLDB
                      (           main.s):02184         * Cast from `int' to byte: result already in B
0ACF 1D               (           main.s):02185                 SEX
                      (           main.s):02186         * optim: stripUselessPushPull
0AD0 AE4A             (           main.s):02187                 LDX     10,U            variable out
                      (           main.s):02188         * optim: optimizeLeax
                      (           main.s):02189         * optim: stripUselessPushPull
0AD2 ED02             (           main.s):02190                 STD     2,X             optim: optimizeLeax
0AD4 16013A           (           main.s):02191                 LBRA    L00049          return (main.c:350)
     0AD7             (           main.s):02192         L00205  EQU     *               else clause of if() started at main.c:347
                      (           main.s):02193         * Useless label L00206 removed
                      (           main.s):02194         * Line main.c:359: init of variable fx
0AD7 4F               (           main.s):02195                 CLRA
0AD8 C612             (           main.s):02196                 LDB     #$12            decimal 18 signed
0ADA 86FF             (           main.s):02197                 LDA     #$FF            request sign extension
0ADC 3406             (           main.s):02198                 PSHS    B,A             A=sign/zero ext flag, B=number of bits to shift
                      (           main.s):02199         * Push right operand of mul.
0ADE 4F               (           main.s):02200                 CLRA
0ADF C60C             (           main.s):02201                 LDB     #$0C            decimal 12 signed
0AE1 86FF             (           main.s):02202                 LDA     #$FF            request sign extension
0AE3 3406             (           main.s):02203                 PSHS    B,A             A=sign/zero ext flag, B=number of bits to shift
0AE5 30C9FF72         (           main.s):02204                 LEAX    -142,U          variable `r2z', declared at main.c:341
0AE9 3410             (           main.s):02205                 PSHS    X               address of input dword to be shifted
0AEB 30C8E4           (           main.s):02206                 LEAX    -28,U           temporary destination, type long
0AEE 170000           (           main.s):02207                 LBSR    rightShiftDWord preserves X
0AF1 3264             (           main.s):02208                 LEAS    4,S
0AF3 1F10             (           main.s):02209                 TFR     X,D             cast to `int': address of source number in D
0AF5 327E             (           main.s):02210                 LEAS    -2,S            result of cast
0AF7 30E4             (           main.s):02211                 LEAX    ,S
0AF9 170000           (           main.s):02212                 LBSR    initWordFromDWord
0AFC 3506             (           main.s):02213                 PULS    A,B             result of cast
0AFE 58               (           main.s):02214                 LSLB
0AFF 49               (           main.s):02215                 ROLA
0B00 8E0000           (           main.s):02216                 LDX     #_recip_table+0 address of array recip_table (optim: removePCRIfRelocatabilityNotSupported)
                      (           main.s):02217         * optim: optimizeLoadDX
0B03 EC8B             (           main.s):02218                 LDD     D,X             get r-value (optim: optimizeLoadDX)
0B05 30C8E0           (           main.s):02219                 LEAX    -32,U           destination of cast
0B08 170000           (           main.s):02220                 LBSR    initDWordFromUnsignedWord
0B0B 3410             (           main.s):02221                 PSHS    X
                      (           main.s):02222         * Push left operand of mul.
0B0D 30C9FF6A         (           main.s):02223                 LEAX    -150,U          variable `r1x', declared at main.c:334
0B11 3410             (           main.s):02224                 PSHS    X
0B13 30C8D8           (           main.s):02225                 LEAX    -40,U           temporary destination, type long
0B16 170000           (           main.s):02226                 LBSR    mulDWordDWord   preserves X
0B19 3264             (           main.s):02227                 LEAS    4,S
0B1B 3410             (           main.s):02228                 PSHS    X               address of input dword to be shifted
0B1D 30C8D4           (           main.s):02229                 LEAX    -44,U           temporary destination, type long
0B20 170000           (           main.s):02230                 LBSR    rightShiftDWord preserves X
0B23 3264             (           main.s):02231                 LEAS    4,S
0B25 1F10             (           main.s):02232                 TFR     X,D             address of source number
0B27 30C9FF78         (           main.s):02233                 LEAX    -136,U          variable fx
0B2B 170000           (           main.s):02234                 LBSR    copyDWord
                      (           main.s):02235         * Line main.c:360: init of variable fy
0B2E 4F               (           main.s):02236                 CLRA
0B2F C612             (           main.s):02237                 LDB     #$12            decimal 18 signed
0B31 86FF             (           main.s):02238                 LDA     #$FF            request sign extension
0B33 3406             (           main.s):02239                 PSHS    B,A             A=sign/zero ext flag, B=number of bits to shift
                      (           main.s):02240         * Push right operand of mul.
0B35 4F               (           main.s):02241                 CLRA
0B36 C60C             (           main.s):02242                 LDB     #$0C            decimal 12 signed
0B38 86FF             (           main.s):02243                 LDA     #$FF            request sign extension
0B3A 3406             (           main.s):02244                 PSHS    B,A             A=sign/zero ext flag, B=number of bits to shift
0B3C 30C9FF72         (           main.s):02245                 LEAX    -142,U          variable `r2z', declared at main.c:341
0B40 3410             (           main.s):02246                 PSHS    X               address of input dword to be shifted
0B42 305C             (           main.s):02247                 LEAX    -4,U            temporary destination, type long
0B44 170000           (           main.s):02248                 LBSR    rightShiftDWord preserves X
0B47 3264             (           main.s):02249                 LEAS    4,S
0B49 1F10             (           main.s):02250                 TFR     X,D             cast to `int': address of source number in D
0B4B 327E             (           main.s):02251                 LEAS    -2,S            result of cast
0B4D 30E4             (           main.s):02252                 LEAX    ,S
0B4F 170000           (           main.s):02253                 LBSR    initWordFromDWord
0B52 3506             (           main.s):02254                 PULS    A,B             result of cast
0B54 58               (           main.s):02255                 LSLB
0B55 49               (           main.s):02256                 ROLA
0B56 8E0000           (           main.s):02257                 LDX     #_recip_table+0 address of array recip_table (optim: removePCRIfRelocatabilityNotSupported)
                      (           main.s):02258         * optim: optimizeLoadDX
0B59 EC8B             (           main.s):02259                 LDD     D,X             get r-value (optim: optimizeLoadDX)
0B5B 3058             (           main.s):02260                 LEAX    -8,U            destination of cast
0B5D 170000           (           main.s):02261                 LBSR    initDWordFromUnsignedWord
0B60 3410             (           main.s):02262                 PSHS    X
                      (           main.s):02263         * Push left operand of mul.
0B62 4F               (           main.s):02264                 CLRA
0B63 C608             (           main.s):02265                 LDB     #$08            decimal 8 signed
0B65 86FF             (           main.s):02266                 LDA     #$FF            request sign extension
0B67 3406             (           main.s):02267                 PSHS    B,A             A=sign/zero ext flag, B=number of bits to shift
0B69 30C9FF6E         (           main.s):02268                 LEAX    -146,U          variable `r2y', declared at main.c:340
0B6D 3410             (           main.s):02269                 PSHS    X               address of input dword to be shifted
0B6F 3054             (           main.s):02270                 LEAX    -12,U           temporary destination, type long
0B71 170000           (           main.s):02271                 LBSR    rightShiftDWord preserves X
0B74 3264             (           main.s):02272                 LEAS    4,S
0B76 3410             (           main.s):02273                 PSHS    X
0B78 30C8EC           (           main.s):02274                 LEAX    -20,U           temporary destination, type long
0B7B 170000           (           main.s):02275                 LBSR    mulDWordDWord   preserves X
0B7E 3264             (           main.s):02276                 LEAS    4,S
0B80 3410             (           main.s):02277                 PSHS    X               address of input dword to be shifted
0B82 30C8E8           (           main.s):02278                 LEAX    -24,U           temporary destination, type long
0B85 170000           (           main.s):02279                 LBSR    rightShiftDWord preserves X
0B88 3264             (           main.s):02280                 LEAS    4,S
0B8A 1F10             (           main.s):02281                 TFR     X,D             address of source number
0B8C 30C9FF7C         (           main.s):02282                 LEAX    -132,U          variable fy
0B90 170000           (           main.s):02283                 LBSR    copyDWord
                      (           main.s):02284         * Line main.c:362: if
                      (           main.s):02285         * push right operand of comparison
0B93 4F               (           main.s):02286                 CLRA
0B94 C67F             (           main.s):02287                 LDB     #$7F            decimal 127 signed
0B96 3406             (           main.s):02288                 PSHS    B,A
                      (           main.s):02289         * push left operand of comparison
0B98 30C9FF78         (           main.s):02290                 LEAX    -136,U          variable `fx', declared at main.c:359
0B9C 3410             (           main.s):02291                 PSHS    X
0B9E 170000           (           main.s):02292                 LBSR    cmpDWordSignedInt       sets N, Z, V, C; preserves X
0BA1 3264             (           main.s):02293                 LEAS    4,S
0BA3 2E36             (           main.s):02294                 BGT     L00207
                      (           main.s):02295         * optim: branchToNextLocation
                      (           main.s):02296         * Useless label L00211 removed
                      (           main.s):02297         * push right operand of comparison
0BA5 CCFF81           (           main.s):02298                 LDD     #$FF81          constant expression: 65409 decimal, signed
0BA8 3406             (           main.s):02299                 PSHS    B,A
                      (           main.s):02300         * push left operand of comparison
0BAA 30C9FF78         (           main.s):02301                 LEAX    -136,U          variable `fx', declared at main.c:359
0BAE 3410             (           main.s):02302                 PSHS    X
0BB0 170000           (           main.s):02303                 LBSR    cmpDWordSignedInt       sets N, Z, V, C; preserves X
0BB3 3264             (           main.s):02304                 LEAS    4,S
0BB5 2D24             (           main.s):02305                 BLT     L00207
                      (           main.s):02306         * optim: branchToNextLocation
                      (           main.s):02307         * Useless label L00210 removed
                      (           main.s):02308         * push right operand of comparison
0BB7 4F               (           main.s):02309                 CLRA
0BB8 C67F             (           main.s):02310                 LDB     #$7F            decimal 127 signed
0BBA 3406             (           main.s):02311                 PSHS    B,A
                      (           main.s):02312         * push left operand of comparison
0BBC 30C9FF7C         (           main.s):02313                 LEAX    -132,U          variable `fy', declared at main.c:360
0BC0 3410             (           main.s):02314                 PSHS    X
0BC2 170000           (           main.s):02315                 LBSR    cmpDWordSignedInt       sets N, Z, V, C; preserves X
0BC5 3264             (           main.s):02316                 LEAS    4,S
0BC7 2E12             (           main.s):02317                 BGT     L00207
                      (           main.s):02318         * optim: branchToNextLocation
                      (           main.s):02319         * Useless label L00209 removed
                      (           main.s):02320         * push right operand of comparison
0BC9 CCFF81           (           main.s):02321                 LDD     #$FF81          constant expression: 65409 decimal, signed
0BCC 3406             (           main.s):02322                 PSHS    B,A
                      (           main.s):02323         * push left operand of comparison
0BCE 30C9FF7C         (           main.s):02324                 LEAX    -132,U          variable `fy', declared at main.c:360
0BD2 3410             (           main.s):02325                 PSHS    X
0BD4 170000           (           main.s):02326                 LBSR    cmpDWordSignedInt       sets N, Z, V, C; preserves X
0BD7 3264             (           main.s):02327                 LEAS    4,S
0BD9 2C0F             (           main.s):02328                 BGE     L00208           (optim: condBranchOverUncondBranch)
                      (           main.s):02329         * optim: condBranchOverUncondBranch
     0BDB             (           main.s):02330         L00207  EQU     *               then clause of if() started at main.c:362
                      (           main.s):02331         * Line main.c:362
                      (           main.s):02332         * Line main.c:363: assignment: =
0BDB CCFF80           (           main.s):02333                 LDD     #$FF80          constant expression: 65408 decimal, signed
                      (           main.s):02334         * optim: stripUselessPushPull
                      (           main.s):02335         * optim: optimizeLdx
                      (           main.s):02336         * optim: stripUselessPushPull
0BDE EDD80A           (           main.s):02337                 STD     [10,U]          optim: optimizeLdx
                      (           main.s):02338         * Line main.c:364: assignment: =
0BE1 CCFF80           (           main.s):02339                 LDD     #$FF80          constant expression: 65408 decimal, signed
                      (           main.s):02340         * optim: stripUselessPushPull
0BE4 AE4A             (           main.s):02341                 LDX     10,U            variable out
                      (           main.s):02342         * optim: optimizeLeax
                      (           main.s):02343         * optim: stripUselessPushPull
0BE6 ED02             (           main.s):02344                 STD     2,X             optim: optimizeLeax
0BE8 2027             (           main.s):02345                 BRA     L00049          return (main.c:365)
     0BEA             (           main.s):02346         L00208  EQU     *               else clause of if() started at main.c:362
                      (           main.s):02347         * Useless label L00212 removed
                      (           main.s):02348         * Line main.c:368: assignment: =
0BEA 30C9FF78         (           main.s):02349                 LEAX    -136,U          variable `fx', declared at main.c:359
0BEE 1F10             (           main.s):02350                 TFR     X,D             cast to `char': address of source number in D
0BF0 327F             (           main.s):02351                 LEAS    -1,S            result of cast
0BF2 30E4             (           main.s):02352                 LEAX    ,S
0BF4 170000           (           main.s):02353                 LBSR    initByteFromDWord
0BF7 3504             (           main.s):02354                 PULS    B               result of cast
0BF9 1D               (           main.s):02355                 SEX
                      (           main.s):02356         * optim: stripUselessPushPull
                      (           main.s):02357         * optim: optimizeLdx
                      (           main.s):02358         * optim: stripUselessPushPull
0BFA EDD80A           (           main.s):02359                 STD     [10,U]          optim: optimizeLdx
                      (           main.s):02360         * Line main.c:369: assignment: =
0BFD 30C9FF7C         (           main.s):02361                 LEAX    -132,U          variable `fy', declared at main.c:360
0C01 1F10             (           main.s):02362                 TFR     X,D             cast to `char': address of source number in D
0C03 327F             (           main.s):02363                 LEAS    -1,S            result of cast
0C05 30E4             (           main.s):02364                 LEAX    ,S
0C07 170000           (           main.s):02365                 LBSR    initByteFromDWord
0C0A 3504             (           main.s):02366                 PULS    B               result of cast
0C0C 1D               (           main.s):02367                 SEX
                      (           main.s):02368         * optim: stripUselessPushPull
0C0D AE4A             (           main.s):02369                 LDX     10,U            variable out
                      (           main.s):02370         * optim: optimizeLeax
                      (           main.s):02371         * optim: stripUselessPushPull
0C0F ED02             (           main.s):02372                 STD     2,X             optim: optimizeLeax
     0C11             (           main.s):02373         L00049  EQU     *               end of project_point()
0C11 32C4             (           main.s):02374                 LEAS    ,U
0C13 35C0             (           main.s):02375                 PULS    U,PC
                      (           main.s):02376         * END FUNCTION project_point(): defined at main.c:311
     0C15             (           main.s):02377         funcend_project_point   EQU *
     0387             (           main.s):02378         funcsize_project_point  EQU     funcend_project_point-_project_point
                      (           main.s):02379         _drawcube       EXPORT
                      (           main.s):02380         
                      (           main.s):02381         
                      (           main.s):02382         *******************************************************************************
                      (           main.s):02383         
                      (           main.s):02384         * FUNCTION drawcube(): defined at main.c:376
     0C15             (           main.s):02385         _drawcube       EQU     *
                      (           main.s):02386         * Prototype: void drawcube(struct AnonStruct_main.c:26 *, char[] *)
                      (           main.s):02387         * Calling convention: 0 (CMOC Default)
0C15 3440             (           main.s):02388                 PSHS    U
0C17 33E4             (           main.s):02389                 LEAU    ,S
0C19 32E8CF           (           main.s):02390                 LEAS    -49,S
                      (           main.s):02391         * Formal parameter(s):
                      (           main.s):02392         *      4,U:    2 bytes: cube: struct AnonStruct_main.c:26 *: line 376
                      (           main.s):02393         *      6,U:    2 bytes: edges: char[] *: line 376
                      (           main.s):02394         * Local non-static variable(s):
                      (           main.s):02395         *    -49,U:    4 bytes: p1: struct AnonStruct_main.c:16: line 404
                      (           main.s):02396         *    -45,U:    4 bytes: p2: struct AnonStruct_main.c:16: line 405
                      (           main.s):02397         *    -41,U:    1 byte : move_dy: char: line 412
                      (           main.s):02398         *    -40,U:    1 byte : move_dx: char: line 413
                      (           main.s):02399         *    -39,U:    1 byte : deltax: char: line 422
                      (           main.s):02400         *    -38,U:    1 byte : deltay: char: line 423
                      (           main.s):02401         *    -37,U:    1 byte : i: unsigned char: line 380
                      (           main.s):02402         *    -37,U:    1 byte : i: unsigned char: line 401
                      (           main.s):02403         *    -36,U:   32 bytes: pts: struct AnonStruct_main.c:16[]: line 379
                      (           main.s):02404         *     -4,U:    1 byte : currentposx: char: line 389
                      (           main.s):02405         *     -3,U:    1 byte : currentposy: char: line 390
                      (           main.s):02406         *     -2,U:    1 byte : newposx: char: line 391
                      (           main.s):02407         *     -1,U:    1 byte : newposy: char: line 392
                      (           main.s):02408         * Line main.c:380: for init
                      (           main.s):02409         * Line main.c:380: init of variable i
0C1C 6FC8DB           (           main.s):02410                 CLR     -37,U           init of variable i
0C1F 160066           (           main.s):02411                 LBRA    L00214          jump to for condition
     0C22             (           main.s):02412         L00213  EQU     *
                      (           main.s):02413         * Line main.c:380: for body
                      (           main.s):02414         * Line main.c:381: if
0C22 E6C8DB           (           main.s):02415                 LDB     -37,U           variable i
                      (           main.s):02416         * optim: stripOpToDeadReg
0C25 8606             (           main.s):02417                 LDA     #6              size of array element
0C27 3D               (           main.s):02418                 MUL                     get offset in bytes in D
0C28 AE44             (           main.s):02419                 LDX     4,U             pointer cube
                      (           main.s):02420         * optim: optimizeLoadDX
0C2A EC8B             (           main.s):02421                 LDD     D,X             member x of AnonStruct_main.c:26 (optim: optimizeLoadDX)
0C2C 1083FF80         (           main.s):02422                 CMPD    #65408
0C30 262E             (           main.s):02423                 BNE     L00218           (optim: condBranchOverUncondBranch)
                      (           main.s):02424         * optim: condBranchOverUncondBranch
                      (           main.s):02425         * Useless label L00217 removed
                      (           main.s):02426         * Line main.c:381
                      (           main.s):02427         * Line main.c:382: assignment: =
0C32 CCFF80           (           main.s):02428                 LDD     #$FF80          constant expression: 65408 decimal, signed
0C35 3406             (           main.s):02429                 PSHS    B,A             right side of assignment
0C37 E6C8DB           (           main.s):02430                 LDB     -37,U           variable i
0C3A 4F               (           main.s):02431                 CLRA                    index expression is of byte type
0C3B 58               (           main.s):02432                 LSLB
0C3C 49               (           main.s):02433                 ROLA
0C3D 58               (           main.s):02434                 LSLB
0C3E 49               (           main.s):02435                 ROLA
0C3F 30C8DC           (           main.s):02436                 LEAX    -36,U           address of array pts
0C42 308B             (           main.s):02437                 LEAX    D,X             add offset
0C44 3506             (           main.s):02438                 PULS    A,B             retrieve value to store
0C46 ED84             (           main.s):02439                 STD     ,X
                      (           main.s):02440         * Line main.c:383: assignment: =
0C48 CCFF80           (           main.s):02441                 LDD     #$FF80          constant expression: 65408 decimal, signed
0C4B 3406             (           main.s):02442                 PSHS    B,A             right side of assignment
0C4D E6C8DB           (           main.s):02443                 LDB     -37,U           variable i
0C50 4F               (           main.s):02444                 CLRA                    index expression is of byte type
0C51 58               (           main.s):02445                 LSLB
0C52 49               (           main.s):02446                 ROLA
0C53 58               (           main.s):02447                 LSLB
0C54 49               (           main.s):02448                 ROLA
0C55 30C8DC           (           main.s):02449                 LEAX    -36,U           address of array pts
0C58 308B             (           main.s):02450                 LEAX    D,X             add offset
                      (           main.s):02451         * optim: optimizeLeax
0C5A 3506             (           main.s):02452                 PULS    A,B             retrieve value to store
0C5C ED02             (           main.s):02453                 STD     2,X             optim: optimizeLeax
0C5E 2025             (           main.s):02454                 BRA     L00219          jump over else clause
     0C60             (           main.s):02455         L00218  EQU     *               else clause of if() started at main.c:381
                      (           main.s):02456         * Line main.c:384
                      (           main.s):02457         * Line main.c:385: function call: project_point()
0C60 E6C8DB           (           main.s):02458                 LDB     -37,U           variable i
0C63 4F               (           main.s):02459                 CLRA                    index expression is of byte type
0C64 58               (           main.s):02460                 LSLB
0C65 49               (           main.s):02461                 ROLA
0C66 58               (           main.s):02462                 LSLB
0C67 49               (           main.s):02463                 ROLA
0C68 30C8DC           (           main.s):02464                 LEAX    -36,U           address of array pts
0C6B 308B             (           main.s):02465                 LEAX    D,X             add offset
0C6D 3410             (           main.s):02466                 PSHS    X               C function argument 2 of project_point(): struct AnonStruct_main.c:16 *
0C6F E6C8DB           (           main.s):02467                 LDB     -37,U           variable i
                      (           main.s):02468         * optim: stripOpToDeadReg
0C72 8606             (           main.s):02469                 LDA     #6              size of array element
0C74 3D               (           main.s):02470                 MUL                     get offset in bytes in D
0C75 AE44             (           main.s):02471                 LDX     4,U             pointer cube
0C77 308B             (           main.s):02472                 LEAX    D,X             add offset
0C79 C606             (           main.s):02473                 LDB     #6              size of struct AnonStruct_main.c:26
0C7B 327A             (           main.s):02474                 LEAS    -6,S            pass struct AnonStruct_main.c:26 by value
0C7D 170000           (           main.s):02475                 LBSR    pushSmallStruct C function argument 1 of project_point(): struct AnonStruct_main.c:26
0C80 BD0000           (           main.s):02476                 JSR     _project_point
0C83 3268             (           main.s):02477                 LEAS    8,S
     0C85             (           main.s):02478         L00219  EQU     *               end of if() started at main.c:381
                      (           main.s):02479         * Useless label L00215 removed
                      (           main.s):02480         * Line main.c:380: for increment(s)
0C85 6CC8DB           (           main.s):02481                 INC     -37,U
     0C88             (           main.s):02482         L00214  EQU     *
                      (           main.s):02483         * Line main.c:380: for condition
0C88 E6C8DB           (           main.s):02484                 LDB     -37,U           variable i
0C8B C108             (           main.s):02485                 CMPB    #$08
0C8D 1025FF91         (           main.s):02486                 LBLO    L00213
                      (           main.s):02487         * optim: branchToNextLocation
                      (           main.s):02488         * Useless label L00216 removed
                      (           main.s):02489         * Line main.c:393: assignment: =
0C91 6F5C             (           main.s):02490                 CLR     -4,U            assignment to variable currentposx
                      (           main.s):02491         * Line main.c:394: assignment: =
0C93 6F5D             (           main.s):02492                 CLR     -3,U            assignment to variable currentposy
                      (           main.s):02493         * Line main.c:397: function call: reset_beam()
0C95 BD0000           (           main.s):02494                 JSR     _reset_beam
                      (           main.s):02495         * Line main.c:401: for init
                      (           main.s):02496         * Line main.c:401: init of variable i
0C98 6FC8DB           (           main.s):02497                 CLR     -37,U           init of variable i
0C9B 1600DE           (           main.s):02498                 LBRA    L00221          jump to for condition
     0C9E             (           main.s):02499         L00220  EQU     *
                      (           main.s):02500         * Line main.c:401: for body
                      (           main.s):02501         * Line main.c:402: if
0C9E E6C8DB           (           main.s):02502                 LDB     -37,U           variable i
0CA1 4F               (           main.s):02503                 CLRA                    index expression is of byte type
0CA2 58               (           main.s):02504                 LSLB
0CA3 49               (           main.s):02505                 ROLA
0CA4 AE46             (           main.s):02506                 LDX     6,U             pointer edges
0CA6 308B             (           main.s):02507                 LEAX    D,X             add offset
0CA8 1F10             (           main.s):02508                 TFR     X,D             array address as r-value
                      (           main.s):02509         * optim: stripConsecOppositeTFRs
0CAA E684             (           main.s):02510                 LDB     ,X              get r-value
0CAC C1FF             (           main.s):02511                 CMPB    #255
0CAE 102700C7         (           main.s):02512                 LBEQ    L00222           (optim: condBranchOverUncondBranch) (optim: condBranchOverUncondBranch)
                      (           main.s):02513         * optim: condBranchOverUncondBranch
                      (           main.s):02514         * Useless label L00224 removed
                      (           main.s):02515         * Line main.c:402
                      (           main.s):02516         * optim: condBranchOverUncondBranch
                      (           main.s):02517         * Useless label L00225 removed
                      (           main.s):02518         * Useless label L00226 removed
                      (           main.s):02519         * Line main.c:404: init of variable p1
0CB2 E6C8DB           (           main.s):02520                 LDB     -37,U           variable i
0CB5 4F               (           main.s):02521                 CLRA                    index expression is of byte type
0CB6 58               (           main.s):02522                 LSLB
0CB7 49               (           main.s):02523                 ROLA
0CB8 AE46             (           main.s):02524                 LDX     6,U             pointer edges
0CBA 308B             (           main.s):02525                 LEAX    D,X             add offset
0CBC 1F10             (           main.s):02526                 TFR     X,D             array address as r-value
                      (           main.s):02527         * optim: stripConsecOppositeTFRs
0CBE E684             (           main.s):02528                 LDB     ,X              get r-value
0CC0 1D               (           main.s):02529                 SEX                     index expression is of byte type
0CC1 58               (           main.s):02530                 LSLB
0CC2 49               (           main.s):02531                 ROLA
0CC3 58               (           main.s):02532                 LSLB
0CC4 49               (           main.s):02533                 ROLA
0CC5 30C8DC           (           main.s):02534                 LEAX    -36,U           address of array pts
0CC8 308B             (           main.s):02535                 LEAX    D,X             add offset
0CCA 3410             (           main.s):02536                 PSHS    X               source struct
0CCC CC0004           (           main.s):02537                 LDD     #4              size of struct AnonStruct_main.c:16
0CCF 30C8CF           (           main.s):02538                 LEAX    -49,U           destination struct: p1
0CD2 170000           (           main.s):02539                 LBSR    copyMem         initialize struct
0CD5 3262             (           main.s):02540                 LEAS    2,S
                      (           main.s):02541         * Line main.c:405: init of variable p2
0CD7 E6C8DB           (           main.s):02542                 LDB     -37,U           variable i
0CDA 4F               (           main.s):02543                 CLRA                    index expression is of byte type
0CDB 58               (           main.s):02544                 LSLB
0CDC 49               (           main.s):02545                 ROLA
0CDD AE46             (           main.s):02546                 LDX     6,U             pointer edges
0CDF 308B             (           main.s):02547                 LEAX    D,X             add offset
0CE1 1F10             (           main.s):02548                 TFR     X,D             array address as r-value
                      (           main.s):02549         * optim: stripConsecOppositeTFRs
                      (           main.s):02550         * optim: optimizeLeax
0CE3 E601             (           main.s):02551                 LDB     1,X             optim: optimizeLeax
0CE5 1D               (           main.s):02552                 SEX                     index expression is of byte type
0CE6 58               (           main.s):02553                 LSLB
0CE7 49               (           main.s):02554                 ROLA
0CE8 58               (           main.s):02555                 LSLB
0CE9 49               (           main.s):02556                 ROLA
0CEA 30C8DC           (           main.s):02557                 LEAX    -36,U           address of array pts
0CED 308B             (           main.s):02558                 LEAX    D,X             add offset
0CEF 3410             (           main.s):02559                 PSHS    X               source struct
0CF1 CC0004           (           main.s):02560                 LDD     #4              size of struct AnonStruct_main.c:16
0CF4 30C8D3           (           main.s):02561                 LEAX    -45,U           destination struct: p2
0CF7 170000           (           main.s):02562                 LBSR    copyMem         initialize struct
0CFA 3262             (           main.s):02563                 LEAS    2,S
                      (           main.s):02564         * Line main.c:407: if
0CFC ECC8CF           (           main.s):02565                 LDD     -49,U           member x of AnonStruct_main.c:16, via variable p1
0CFF 1083FF80         (           main.s):02566                 CMPD    #65408
0D03 10270072         (           main.s):02567                 LBEQ    L00222
                      (           main.s):02568         * optim: branchToNextLocation
                      (           main.s):02569         * Useless label L00229 removed
0D07 ECC8D3           (           main.s):02570                 LDD     -45,U           member x of AnonStruct_main.c:16, via variable p2
0D0A 1083FF80         (           main.s):02571                 CMPD    #65408
0D0E 10270067         (           main.s):02572                 LBEQ    L00222           (optim: condBranchOverUncondBranch) (optim: condBranchOverUncondBranch)
                      (           main.s):02573         * optim: condBranchOverUncondBranch
                      (           main.s):02574         * Useless label L00227 removed
                      (           main.s):02575         * Line main.c:407
                      (           main.s):02576         * optim: condBranchOverUncondBranch
                      (           main.s):02577         * Useless label L00228 removed
                      (           main.s):02578         * Useless label L00230 removed
                      (           main.s):02579         * Line main.c:409: assignment: =
0D12 ECC8CF           (           main.s):02580                 LDD     -49,U           member x of AnonStruct_main.c:16, via variable p1
0D15 E75E             (           main.s):02581                 STB     -2,U
                      (           main.s):02582         * Line main.c:410: assignment: =
0D17 ECC8D1           (           main.s):02583                 LDD     -47,U           member y of AnonStruct_main.c:16, via variable p1
0D1A E75F             (           main.s):02584                 STB     -1,U
                      (           main.s):02585         * Line main.c:412: init of variable move_dy
                      (           main.s):02586         * optim: storeLoad
0D1C E05D             (           main.s):02587                 SUBB    -3,U            variable currentposy
0D1E E7C8D7           (           main.s):02588                 STB     -41,U           variable move_dy
                      (           main.s):02589         * Line main.c:413: init of variable move_dx
0D21 E65E             (           main.s):02590                 LDB     -2,U            variable newposx
0D23 E05C             (           main.s):02591                 SUBB    -4,U            variable currentposx
0D25 E7C8D8           (           main.s):02592                 STB     -40,U           variable move_dx
                      (           main.s):02593         * Line main.c:415: if
                      (           main.s):02594         * optim: storeLoad
                      (           main.s):02595         * optim: loadCmpZeroBeqOrBne
0D28 2605             (           main.s):02596                 BNE     L00231
                      (           main.s):02597         * optim: branchToNextLocation
                      (           main.s):02598         * Useless label L00233 removed
0D2A E6C8D7           (           main.s):02599                 LDB     -41,U           variable `move_dy', declared at main.c:412
                      (           main.s):02600         * optim: loadCmpZeroBeqOrBne
0D2D 2719             (           main.s):02601                 BEQ     L00232           (optim: condBranchOverUncondBranch)
                      (           main.s):02602         * optim: condBranchOverUncondBranch
     0D2F             (           main.s):02603         L00231  EQU     *               then clause of if() started at main.c:415
                      (           main.s):02604         * Line main.c:415
                      (           main.s):02605         * Line main.c:416: function call: move()
0D2F E6C8D8           (           main.s):02606                 LDB     -40,U           variable `move_dx', declared at main.c:413
0D32 1D               (           main.s):02607                 SEX                     promoting byte argument to word
0D33 3406             (           main.s):02608                 PSHS    B,A             C function argument 2 of move(): char
0D35 E6C8D7           (           main.s):02609                 LDB     -41,U           variable `move_dy', declared at main.c:412
0D38 1D               (           main.s):02610                 SEX                     promoting byte argument to word
0D39 3406             (           main.s):02611                 PSHS    B,A             C function argument 1 of move(): char
0D3B BD0000           (           main.s):02612                 JSR     _move
0D3E 3264             (           main.s):02613                 LEAS    4,S
                      (           main.s):02614         * Line main.c:418: assignment: =
0D40 E65E             (           main.s):02615                 LDB     -2,U            variable `newposx', declared at main.c:391
0D42 E75C             (           main.s):02616                 STB     -4,U
                      (           main.s):02617         * Line main.c:419: assignment: =
0D44 E65F             (           main.s):02618                 LDB     -1,U            variable `newposy', declared at main.c:392
0D46 E75D             (           main.s):02619                 STB     -3,U
     0D48             (           main.s):02620         L00232  EQU     *               else clause of if() started at main.c:415
                      (           main.s):02621         * Useless label L00234 removed
                      (           main.s):02622         * Line main.c:422: init of variable deltax
                      (           main.s):02623         * optim: optimizeStackOperations4
                      (           main.s):02624         * optim: optimizeStackOperations4
0D48 ECC8D3           (           main.s):02625                 LDD     -45,U           member x of AnonStruct_main.c:16, via variable p2
0D4B A3C8CF           (           main.s):02626                 SUBD    -49,U           optim: optimizeStackOperations4
0D4E E7C8D9           (           main.s):02627                 STB     -39,U           variable deltax
                      (           main.s):02628         * Line main.c:423: init of variable deltay
                      (           main.s):02629         * optim: optimizeStackOperations4
                      (           main.s):02630         * optim: optimizeStackOperations4
0D51 ECC8D5           (           main.s):02631                 LDD     -43,U           member y of AnonStruct_main.c:16, via variable p2
0D54 A3C8D1           (           main.s):02632                 SUBD    -47,U           optim: optimizeStackOperations4
0D57 E7C8DA           (           main.s):02633                 STB     -38,U           variable deltay
                      (           main.s):02634         * Line main.c:425: function call: line()
0D5A E6C8D9           (           main.s):02635                 LDB     -39,U           variable `deltax', declared at main.c:422
0D5D 1D               (           main.s):02636                 SEX                     promoting byte argument to word
0D5E 3406             (           main.s):02637                 PSHS    B,A             C function argument 2 of line(): char
0D60 E6C8DA           (           main.s):02638                 LDB     -38,U           variable `deltay', declared at main.c:423
0D63 1D               (           main.s):02639                 SEX                     promoting byte argument to word
0D64 3406             (           main.s):02640                 PSHS    B,A             C function argument 1 of line(): char
0D66 BD0000           (           main.s):02641                 JSR     _line
0D69 3264             (           main.s):02642                 LEAS    4,S
                      (           main.s):02643         * Line main.c:427: assignment: +=
0D6B E65C             (           main.s):02644                 LDB     -4,U            variable currentposx
0D6D EBC8D9           (           main.s):02645                 ADDB    -39,U           variable deltax
0D70 E75C             (           main.s):02646                 STB     -4,U            variable currentposx
                      (           main.s):02647         * Line main.c:428: assignment: +=
0D72 E65D             (           main.s):02648                 LDB     -3,U            variable currentposy
0D74 EBC8DA           (           main.s):02649                 ADDB    -38,U           variable deltay
0D77 E75D             (           main.s):02650                 STB     -3,U            variable currentposy
     0D79             (           main.s):02651         L00222  EQU     *
                      (           main.s):02652         * Line main.c:401: for increment(s)
0D79 6CC8DB           (           main.s):02653                 INC     -37,U
     0D7C             (           main.s):02654         L00221  EQU     *
                      (           main.s):02655         * Line main.c:401: for condition
0D7C E6C8DB           (           main.s):02656                 LDB     -37,U           variable i
0D7F C10C             (           main.s):02657                 CMPB    #$0C
0D81 1025FF19         (           main.s):02658                 LBLO    L00220
                      (           main.s):02659         * optim: branchToNextLocation
                      (           main.s):02660         * Useless label L00223 removed
                      (           main.s):02661         * Useless label L00050 removed
0D85 32C4             (           main.s):02662                 LEAS    ,U
0D87 35C0             (           main.s):02663                 PULS    U,PC
                      (           main.s):02664         * END FUNCTION drawcube(): defined at main.c:376
     0D89             (           main.s):02665         funcend_drawcube        EQU *
     0174             (           main.s):02666         funcsize_drawcube       EQU     funcend_drawcube-_drawcube
                      (           main.s):02667         _createcubeat   EXPORT
                      (           main.s):02668         
                      (           main.s):02669         
                      (           main.s):02670         *******************************************************************************
                      (           main.s):02671         
                      (           main.s):02672         * FUNCTION createcubeat(): defined at main.c:432
     0D89             (           main.s):02673         _createcubeat   EQU     *
                      (           main.s):02674         * Prototype: void createcubeat(struct AnonStruct_main.c:26, char[] *, struct AnonStruct_main.c:26 *)
                      (           main.s):02675         * Calling convention: 0 (CMOC Default)
0D89 3440             (           main.s):02676                 PSHS    U
0D8B 33E4             (           main.s):02677                 LEAU    ,S
0D8D 32E8EB           (           main.s):02678                 LEAS    -21,S
                      (           main.s):02679         * Formal parameter(s):
                      (           main.s):02680         *      4,U:    6 bytes: cubepos: struct AnonStruct_main.c:26: line 432
                      (           main.s):02681         *     10,U:    2 bytes: edges: char[] *: line 432
                      (           main.s):02682         *     12,U:    2 bytes: out: struct AnonStruct_main.c:26 *: line 432
                      (           main.s):02683         * Local non-static variable(s):
                      (           main.s):02684         *    -21,U:    1 byte : x: char: line 467
                      (           main.s):02685         *    -20,U:    1 byte : y: char: line 468
                      (           main.s):02686         *    -19,U:    1 byte : z: char: line 469
                      (           main.s):02687         *    -18,U:    1 byte : upBlock: char: line 472
                      (           main.s):02688         *    -17,U:    1 byte : downBlock: char: line 473
                      (           main.s):02689         *    -16,U:    1 byte : leftBlock: char: line 475
                      (           main.s):02690         *    -15,U:    1 byte : rightBlock: char: line 476
                      (           main.s):02691         *    -14,U:    1 byte : frontBlock: char: line 478
                      (           main.s):02692         *    -13,U:    1 byte : backBlock: char: line 479
                      (           main.s):02693         *    -12,U:    1 byte : upInvis: char: line 482
                      (           main.s):02694         *    -11,U:    1 byte : downInvis: char: line 483
                      (           main.s):02695         *    -10,U:    1 byte : leftInvis: char: line 485
                      (           main.s):02696         *     -9,U:    1 byte : rightInvis: char: line 486
                      (           main.s):02697         *     -8,U:    1 byte : frontInvis: char: line 488
                      (           main.s):02698         *     -7,U:    1 byte : backInvis: char: line 489
                      (           main.s):02699         *     -6,U:    1 byte : up: char: line 492
                      (           main.s):02700         *     -5,U:    1 byte : down: char: line 493
                      (           main.s):02701         *     -4,U:    1 byte : left: char: line 495
                      (           main.s):02702         *     -3,U:    1 byte : right: char: line 496
                      (           main.s):02703         *     -2,U:    1 byte : front: char: line 498
                      (           main.s):02704         *     -1,U:    1 byte : back: char: line 499
                      (           main.s):02705         * Line main.c:434: assignment: =
                      (           main.s):02706         * optim: stripOpToDeadReg
                      (           main.s):02707         * optim: stripOpToDeadReg
                      (           main.s):02708         * PSHS B,A optim: optimizeStackOperations1
0D90 EC44             (           main.s):02709                 LDD     4,U             member x of AnonStruct_main.c:26, via variable cubepos
0D92 830008           (           main.s):02710                 SUBD    #8              optim: optimizeStackOperations1
                      (           main.s):02711         * optim: stripUselessPushPull
                      (           main.s):02712         * optim: optimizeLdx
                      (           main.s):02713         * optim: stripUselessPushPull
0D95 EDD80C           (           main.s):02714                 STD     [12,U]          optim: optimizeLdx
                      (           main.s):02715         * Line main.c:435: assignment: =
                      (           main.s):02716         * LDD #$08 optim: optimizeStackOperations1
                      (           main.s):02717         * PSHS B,A optim: optimizeStackOperations1
0D98 EC46             (           main.s):02718                 LDD     6,U             member y of AnonStruct_main.c:26, via variable cubepos
0D9A 830008           (           main.s):02719                 SUBD    #8              optim: optimizeStackOperations1
                      (           main.s):02720         * optim: stripUselessPushPull
0D9D AE4C             (           main.s):02721                 LDX     12,U            get pointer value from variable out
                      (           main.s):02722         * optim: optimizeLeax
                      (           main.s):02723         * optim: stripUselessPushPull
0D9F ED02             (           main.s):02724                 STD     2,X             optim: optimizeLeax
                      (           main.s):02725         * Line main.c:436: assignment: =
                      (           main.s):02726         * optim: stripOpToDeadReg
                      (           main.s):02727         * optim: stripOpToDeadReg
                      (           main.s):02728         * PSHS B,A optim: optimizeStackOperations1
0DA1 EC48             (           main.s):02729                 LDD     8,U             member z of AnonStruct_main.c:26, via variable cubepos
0DA3 830008           (           main.s):02730                 SUBD    #8              optim: optimizeStackOperations1
                      (           main.s):02731         * optim: stripUselessPushPull
0DA6 AE4C             (           main.s):02732                 LDX     12,U            get pointer value from variable out
                      (           main.s):02733         * optim: optimizeLeax
                      (           main.s):02734         * optim: stripUselessPushPull
0DA8 ED04             (           main.s):02735                 STD     4,X             optim: optimizeLeax
                      (           main.s):02736         * Line main.c:438: assignment: =
0DAA EC44             (           main.s):02737                 LDD     4,U             member x of AnonStruct_main.c:26, via variable cubepos
                      (           main.s):02738         * optim: stripUselessPushPull
                      (           main.s):02739         * optim: removeRepeatedLDX
                      (           main.s):02740         * optim: optimizeLeax
                      (           main.s):02741         * optim: stripUselessPushPull
0DAC ED06             (           main.s):02742                 STD     6,X             optim: optimizeLeax
                      (           main.s):02743         * Line main.c:439: assignment: =
                      (           main.s):02744         * LDD #$08 optim: optimizeStackOperations1
                      (           main.s):02745         * PSHS B,A optim: optimizeStackOperations1
0DAE EC46             (           main.s):02746                 LDD     6,U             member y of AnonStruct_main.c:26, via variable cubepos
0DB0 830008           (           main.s):02747                 SUBD    #8              optim: optimizeStackOperations1
                      (           main.s):02748         * optim: stripUselessPushPull
0DB3 AE4C             (           main.s):02749                 LDX     12,U            get pointer value from variable out
                      (           main.s):02750         * optim: optimizeLeax
                      (           main.s):02751         * optim: coalesceConsecutiveLeax
                      (           main.s):02752         * optim: stripUselessPushPull
0DB5 ED08             (           main.s):02753                 STD     8,X             optim: optimizeLeax
                      (           main.s):02754         * Line main.c:440: assignment: =
                      (           main.s):02755         * optim: stripOpToDeadReg
                      (           main.s):02756         * optim: stripOpToDeadReg
                      (           main.s):02757         * PSHS B,A optim: optimizeStackOperations1
0DB7 EC48             (           main.s):02758                 LDD     8,U             member z of AnonStruct_main.c:26, via variable cubepos
0DB9 830008           (           main.s):02759                 SUBD    #8              optim: optimizeStackOperations1
                      (           main.s):02760         * optim: stripUselessPushPull
0DBC AE4C             (           main.s):02761                 LDX     12,U            get pointer value from variable out
                      (           main.s):02762         * optim: optimizeLeax
                      (           main.s):02763         * optim: coalesceConsecutiveLeax
                      (           main.s):02764         * optim: stripUselessPushPull
0DBE ED0A             (           main.s):02765                 STD     10,X            optim: optimizeLeax
                      (           main.s):02766         * Line main.c:442: assignment: =
0DC0 EC44             (           main.s):02767                 LDD     4,U             member x of AnonStruct_main.c:26, via variable cubepos
                      (           main.s):02768         * optim: stripUselessPushPull
                      (           main.s):02769         * optim: removeRepeatedLDX
                      (           main.s):02770         * optim: optimizeLeax
                      (           main.s):02771         * optim: stripUselessPushPull
0DC2 ED0C             (           main.s):02772                 STD     12,X            optim: optimizeLeax
                      (           main.s):02773         * Line main.c:443: assignment: =
0DC4 EC46             (           main.s):02774                 LDD     6,U             member y of AnonStruct_main.c:26, via variable cubepos
                      (           main.s):02775         * optim: stripUselessPushPull
                      (           main.s):02776         * optim: removeRepeatedLDX
                      (           main.s):02777         * optim: optimizeLeax
                      (           main.s):02778         * optim: coalesceConsecutiveLeax
                      (           main.s):02779         * optim: stripUselessPushPull
0DC6 ED0E             (           main.s):02780                 STD     14,X            optim: optimizeLeax
                      (           main.s):02781         * Line main.c:444: assignment: =
                      (           main.s):02782         * LDD #$08 optim: optimizeStackOperations1
                      (           main.s):02783         * PSHS B,A optim: optimizeStackOperations1
0DC8 EC48             (           main.s):02784                 LDD     8,U             member z of AnonStruct_main.c:26, via variable cubepos
0DCA 830008           (           main.s):02785                 SUBD    #8              optim: optimizeStackOperations1
                      (           main.s):02786         * optim: stripUselessPushPull
0DCD AE4C             (           main.s):02787                 LDX     12,U            get pointer value from variable out
                      (           main.s):02788         * optim: optimizeLeax
                      (           main.s):02789         * optim: coalesceConsecutiveLeax
                      (           main.s):02790         * optim: stripUselessPushPull
0DCF ED8810           (           main.s):02791                 STD     16,X            optim: optimizeLeax
                      (           main.s):02792         * Line main.c:446: assignment: =
                      (           main.s):02793         * optim: stripOpToDeadReg
                      (           main.s):02794         * optim: stripOpToDeadReg
                      (           main.s):02795         * PSHS B,A optim: optimizeStackOperations1
0DD2 EC44             (           main.s):02796                 LDD     4,U             member x of AnonStruct_main.c:26, via variable cubepos
0DD4 830008           (           main.s):02797                 SUBD    #8              optim: optimizeStackOperations1
                      (           main.s):02798         * optim: stripUselessPushPull
0DD7 AE4C             (           main.s):02799                 LDX     12,U            get pointer value from variable out
                      (           main.s):02800         * optim: optimizeLeax
                      (           main.s):02801         * optim: stripUselessPushPull
0DD9 ED8812           (           main.s):02802                 STD     18,X            optim: optimizeLeax
                      (           main.s):02803         * Line main.c:447: assignment: =
0DDC EC46             (           main.s):02804                 LDD     6,U             member y of AnonStruct_main.c:26, via variable cubepos
                      (           main.s):02805         * optim: stripUselessPushPull
                      (           main.s):02806         * optim: removeRepeatedLDX
                      (           main.s):02807         * optim: optimizeLeax
                      (           main.s):02808         * optim: coalesceConsecutiveLeax
                      (           main.s):02809         * optim: stripUselessPushPull
0DDE ED8814           (           main.s):02810                 STD     20,X            optim: optimizeLeax
                      (           main.s):02811         * Line main.c:448: assignment: =
                      (           main.s):02812         * LDD #$08 optim: optimizeStackOperations1
                      (           main.s):02813         * PSHS B,A optim: optimizeStackOperations1
0DE1 EC48             (           main.s):02814                 LDD     8,U             member z of AnonStruct_main.c:26, via variable cubepos
0DE3 830008           (           main.s):02815                 SUBD    #8              optim: optimizeStackOperations1
                      (           main.s):02816         * optim: stripUselessPushPull
0DE6 AE4C             (           main.s):02817                 LDX     12,U            get pointer value from variable out
                      (           main.s):02818         * optim: optimizeLeax
                      (           main.s):02819         * optim: coalesceConsecutiveLeax
                      (           main.s):02820         * optim: stripUselessPushPull
0DE8 ED8816           (           main.s):02821                 STD     22,X            optim: optimizeLeax
                      (           main.s):02822         * Line main.c:450: assignment: =
                      (           main.s):02823         * optim: stripOpToDeadReg
                      (           main.s):02824         * optim: stripOpToDeadReg
                      (           main.s):02825         * PSHS B,A optim: optimizeStackOperations1
0DEB EC44             (           main.s):02826                 LDD     4,U             member x of AnonStruct_main.c:26, via variable cubepos
0DED 830008           (           main.s):02827                 SUBD    #8              optim: optimizeStackOperations1
                      (           main.s):02828         * optim: stripUselessPushPull
0DF0 AE4C             (           main.s):02829                 LDX     12,U            get pointer value from variable out
                      (           main.s):02830         * optim: optimizeLeax
                      (           main.s):02831         * optim: stripUselessPushPull
0DF2 ED8818           (           main.s):02832                 STD     24,X            optim: optimizeLeax
                      (           main.s):02833         * Line main.c:451: assignment: =
                      (           main.s):02834         * LDD #$08 optim: optimizeStackOperations1
                      (           main.s):02835         * PSHS B,A optim: optimizeStackOperations1
0DF5 EC46             (           main.s):02836                 LDD     6,U             member y of AnonStruct_main.c:26, via variable cubepos
0DF7 830008           (           main.s):02837                 SUBD    #8              optim: optimizeStackOperations1
                      (           main.s):02838         * optim: stripUselessPushPull
0DFA AE4C             (           main.s):02839                 LDX     12,U            get pointer value from variable out
                      (           main.s):02840         * optim: optimizeLeax
                      (           main.s):02841         * optim: coalesceConsecutiveLeax
                      (           main.s):02842         * optim: stripUselessPushPull
0DFC ED881A           (           main.s):02843                 STD     26,X            optim: optimizeLeax
                      (           main.s):02844         * Line main.c:452: assignment: =
0DFF EC48             (           main.s):02845                 LDD     8,U             member z of AnonStruct_main.c:26, via variable cubepos
                      (           main.s):02846         * optim: stripUselessPushPull
                      (           main.s):02847         * optim: removeRepeatedLDX
                      (           main.s):02848         * optim: optimizeLeax
                      (           main.s):02849         * optim: coalesceConsecutiveLeax
                      (           main.s):02850         * optim: stripUselessPushPull
0E01 ED881C           (           main.s):02851                 STD     28,X            optim: optimizeLeax
                      (           main.s):02852         * Line main.c:454: assignment: =
0E04 EC44             (           main.s):02853                 LDD     4,U             member x of AnonStruct_main.c:26, via variable cubepos
                      (           main.s):02854         * optim: stripUselessPushPull
                      (           main.s):02855         * optim: removeRepeatedLDX
                      (           main.s):02856         * optim: optimizeLeax
                      (           main.s):02857         * optim: stripUselessPushPull
0E06 ED881E           (           main.s):02858                 STD     30,X            optim: optimizeLeax
                      (           main.s):02859         * Line main.c:455: assignment: =
                      (           main.s):02860         * optim: stripOpToDeadReg
                      (           main.s):02861         * optim: stripOpToDeadReg
                      (           main.s):02862         * PSHS B,A optim: optimizeStackOperations1
0E09 EC46             (           main.s):02863                 LDD     6,U             member y of AnonStruct_main.c:26, via variable cubepos
0E0B 830008           (           main.s):02864                 SUBD    #8              optim: optimizeStackOperations1
                      (           main.s):02865         * optim: stripUselessPushPull
0E0E AE4C             (           main.s):02866                 LDX     12,U            get pointer value from variable out
                      (           main.s):02867         * optim: optimizeLeax
                      (           main.s):02868         * optim: coalesceConsecutiveLeax
                      (           main.s):02869         * optim: stripUselessPushPull
0E10 ED8820           (           main.s):02870                 STD     32,X            optim: optimizeLeax
                      (           main.s):02871         * Line main.c:456: assignment: =
0E13 EC48             (           main.s):02872                 LDD     8,U             member z of AnonStruct_main.c:26, via variable cubepos
                      (           main.s):02873         * optim: stripUselessPushPull
                      (           main.s):02874         * optim: removeRepeatedLDX
                      (           main.s):02875         * optim: optimizeLeax
                      (           main.s):02876         * optim: coalesceConsecutiveLeax
                      (           main.s):02877         * optim: stripUselessPushPull
0E15 ED8822           (           main.s):02878                 STD     34,X            optim: optimizeLeax
                      (           main.s):02879         * Line main.c:458: assignment: =
0E18 EC44             (           main.s):02880                 LDD     4,U             member x of AnonStruct_main.c:26, via variable cubepos
                      (           main.s):02881         * optim: stripUselessPushPull
                      (           main.s):02882         * optim: removeRepeatedLDX
                      (           main.s):02883         * optim: optimizeLeax
                      (           main.s):02884         * optim: stripUselessPushPull
0E1A ED8824           (           main.s):02885                 STD     36,X            optim: optimizeLeax
                      (           main.s):02886         * Line main.c:459: assignment: =
0E1D EC46             (           main.s):02887                 LDD     6,U             member y of AnonStruct_main.c:26, via variable cubepos
                      (           main.s):02888         * optim: stripUselessPushPull
                      (           main.s):02889         * optim: removeRepeatedLDX
                      (           main.s):02890         * optim: optimizeLeax
                      (           main.s):02891         * optim: coalesceConsecutiveLeax
                      (           main.s):02892         * optim: stripUselessPushPull
0E1F ED8826           (           main.s):02893                 STD     38,X            optim: optimizeLeax
                      (           main.s):02894         * Line main.c:460: assignment: =
0E22 EC48             (           main.s):02895                 LDD     8,U             member z of AnonStruct_main.c:26, via variable cubepos
                      (           main.s):02896         * optim: stripUselessPushPull
                      (           main.s):02897         * optim: removeRepeatedLDX
                      (           main.s):02898         * optim: optimizeLeax
                      (           main.s):02899         * optim: coalesceConsecutiveLeax
                      (           main.s):02900         * optim: stripUselessPushPull
0E24 ED8828           (           main.s):02901                 STD     40,X            optim: optimizeLeax
                      (           main.s):02902         * Line main.c:462: assignment: =
                      (           main.s):02903         * LDD #$08 optim: optimizeStackOperations1
                      (           main.s):02904         * PSHS B,A optim: optimizeStackOperations1
0E27 EC44             (           main.s):02905                 LDD     4,U             member x of AnonStruct_main.c:26, via variable cubepos
0E29 830008           (           main.s):02906                 SUBD    #8              optim: optimizeStackOperations1
                      (           main.s):02907         * optim: stripUselessPushPull
0E2C AE4C             (           main.s):02908                 LDX     12,U            get pointer value from variable out
                      (           main.s):02909         * optim: optimizeLeax
                      (           main.s):02910         * optim: stripUselessPushPull
0E2E ED882A           (           main.s):02911                 STD     42,X            optim: optimizeLeax
                      (           main.s):02912         * Line main.c:463: assignment: =
0E31 EC46             (           main.s):02913                 LDD     6,U             member y of AnonStruct_main.c:26, via variable cubepos
                      (           main.s):02914         * optim: stripUselessPushPull
                      (           main.s):02915         * optim: removeRepeatedLDX
                      (           main.s):02916         * optim: optimizeLeax
                      (           main.s):02917         * optim: coalesceConsecutiveLeax
                      (           main.s):02918         * optim: stripUselessPushPull
0E33 ED882C           (           main.s):02919                 STD     44,X            optim: optimizeLeax
                      (           main.s):02920         * Line main.c:464: assignment: =
0E36 EC48             (           main.s):02921                 LDD     8,U             member z of AnonStruct_main.c:26, via variable cubepos
                      (           main.s):02922         * optim: stripUselessPushPull
                      (           main.s):02923         * optim: removeRepeatedLDX
                      (           main.s):02924         * optim: optimizeLeax
                      (           main.s):02925         * optim: coalesceConsecutiveLeax
                      (           main.s):02926         * optim: stripUselessPushPull
0E38 ED882E           (           main.s):02927                 STD     46,X            optim: optimizeLeax
                      (           main.s):02928         * Line main.c:467: init of variable x
0E3B EC44             (           main.s):02929                 LDD     4,U             member x of AnonStruct_main.c:26, via variable cubepos
0E3D 47               (           main.s):02930                 ASRA
0E3E 56               (           main.s):02931                 RORB
0E3F 47               (           main.s):02932                 ASRA
0E40 56               (           main.s):02933                 RORB
0E41 47               (           main.s):02934                 ASRA
0E42 56               (           main.s):02935                 RORB
0E43 E7C8EB           (           main.s):02936                 STB     -21,U           variable x
                      (           main.s):02937         * Line main.c:468: init of variable y
0E46 EC46             (           main.s):02938                 LDD     6,U             member y of AnonStruct_main.c:26, via variable cubepos
0E48 47               (           main.s):02939                 ASRA
0E49 56               (           main.s):02940                 RORB
0E4A 47               (           main.s):02941                 ASRA
0E4B 56               (           main.s):02942                 RORB
0E4C 47               (           main.s):02943                 ASRA
0E4D 56               (           main.s):02944                 RORB
0E4E E7C8EC           (           main.s):02945                 STB     -20,U           variable y
                      (           main.s):02946         * Line main.c:469: init of variable z
0E51 EC48             (           main.s):02947                 LDD     8,U             member z of AnonStruct_main.c:26, via variable cubepos
0E53 47               (           main.s):02948                 ASRA
0E54 56               (           main.s):02949                 RORB
0E55 47               (           main.s):02950                 ASRA
0E56 56               (           main.s):02951                 RORB
0E57 47               (           main.s):02952                 ASRA
0E58 56               (           main.s):02953                 RORB
0E59 E7C8ED           (           main.s):02954                 STB     -19,U           variable z
                      (           main.s):02955         * Line main.c:472: init of variable upBlock
0E5C E6C8EC           (           main.s):02956                 LDB     -20,U           variable y
0E5F C102             (           main.s):02957                 CMPB    #$02
0E61 2D03             (           main.s):02958                 BLT     L00236          if true
0E63 5F               (           main.s):02959                 CLRB
0E64 2002             (           main.s):02960                 BRA     L00237          false
     0E66             (           main.s):02961         L00236  EQU     *
0E66 C601             (           main.s):02962                 LDB     #1
     0E68             (           main.s):02963         L00237  EQU     *
0E68 5D               (           main.s):02964                 TSTB                    &&
0E69 2733             (           main.s):02965                 BEQ     L00235          && at main.c:472 yields false, B == 0
0E6B E6C8ED           (           main.s):02966                 LDB     -19,U           variable z
0E6E 1D               (           main.s):02967                 SEX                     extend byte index expression
0E6F 3406             (           main.s):02968                 PSHS    B,A             preserve array index
0E71 E6C8EC           (           main.s):02969                 LDB     -20,U           variable y
0E74 CB01             (           main.s):02970                 ADDB    #$01            1
0E76 1D               (           main.s):02971                 SEX                     index expression is of byte type
0E77 8E0003           (           main.s):02972                 LDX     #3              size of array element
0E7A 170000           (           main.s):02973                 LBSR    MUL16           get offset in bytes in D
0E7D 3406             (           main.s):02974                 PSHS    B,A             preserve array index
0E7F E6C8EB           (           main.s):02975                 LDB     -21,U           variable x
0E82 1D               (           main.s):02976                 SEX                     index expression is of byte type
0E83 8E0009           (           main.s):02977                 LDX     #9              size of array element
0E86 170000           (           main.s):02978                 LBSR    MUL16           get offset in bytes in D
0E89 8E0000           (           main.s):02979                 LDX     #_world+0       address of array world (optim: removePCRIfRelocatabilityNotSupported)
0E8C 308B             (           main.s):02980                 LEAX    D,X             add offset
0E8E 1F10             (           main.s):02981                 TFR     X,D             array address as r-value
0E90 E3E1             (           main.s):02982                 ADDD    ,S++            add stacked array index to array address in D
0E92 1F01             (           main.s):02983                 TFR     D,X             put resulting address in X
                      (           main.s):02984         * optim: stripConsecOppositeTFRs
0E94 E3E1             (           main.s):02985                 ADDD    ,S++            add stacked array index to array address in D
0E96 1F01             (           main.s):02986                 TFR     D,X             put resulting address in X
0E98 E684             (           main.s):02987                 LDB     ,X              get r-value
                      (           main.s):02988         * optim: loadCmpZeroBeqOrBne
0E9A 2702             (           main.s):02989                 BEQ     L00235          && at main.c:472 yields false, B == 0
0E9C C601             (           main.s):02990                 LDB     #1              && yields true
     0E9E             (           main.s):02991         L00235  EQU     *
0E9E E7C8EE           (           main.s):02992                 STB     -18,U           variable upBlock
                      (           main.s):02993         * Line main.c:473: init of variable downBlock
0EA1 E6C8EC           (           main.s):02994                 LDB     -20,U           variable y
0EA4 C100             (           main.s):02995                 CMPB    #$00
0EA6 2E03             (           main.s):02996                 BGT     L00239          if true
0EA8 5F               (           main.s):02997                 CLRB
0EA9 2002             (           main.s):02998                 BRA     L00240          false
     0EAB             (           main.s):02999         L00239  EQU     *
0EAB C601             (           main.s):03000                 LDB     #1
     0EAD             (           main.s):03001         L00240  EQU     *
0EAD 5D               (           main.s):03002                 TSTB                    &&
0EAE 2733             (           main.s):03003                 BEQ     L00238          && at main.c:473 yields false, B == 0
0EB0 E6C8ED           (           main.s):03004                 LDB     -19,U           variable z
0EB3 1D               (           main.s):03005                 SEX                     extend byte index expression
0EB4 3406             (           main.s):03006                 PSHS    B,A             preserve array index
0EB6 E6C8EC           (           main.s):03007                 LDB     -20,U           variable y
0EB9 CBFF             (           main.s):03008                 ADDB    #$FF            255
0EBB 1D               (           main.s):03009                 SEX                     index expression is of byte type
0EBC 8E0003           (           main.s):03010                 LDX     #3              size of array element
0EBF 170000           (           main.s):03011                 LBSR    MUL16           get offset in bytes in D
0EC2 3406             (           main.s):03012                 PSHS    B,A             preserve array index
0EC4 E6C8EB           (           main.s):03013                 LDB     -21,U           variable x
0EC7 1D               (           main.s):03014                 SEX                     index expression is of byte type
0EC8 8E0009           (           main.s):03015                 LDX     #9              size of array element
0ECB 170000           (           main.s):03016                 LBSR    MUL16           get offset in bytes in D
0ECE 8E0000           (           main.s):03017                 LDX     #_world+0       address of array world (optim: removePCRIfRelocatabilityNotSupported)
0ED1 308B             (           main.s):03018                 LEAX    D,X             add offset
0ED3 1F10             (           main.s):03019                 TFR     X,D             array address as r-value
0ED5 E3E1             (           main.s):03020                 ADDD    ,S++            add stacked array index to array address in D
0ED7 1F01             (           main.s):03021                 TFR     D,X             put resulting address in X
                      (           main.s):03022         * optim: stripConsecOppositeTFRs
0ED9 E3E1             (           main.s):03023                 ADDD    ,S++            add stacked array index to array address in D
0EDB 1F01             (           main.s):03024                 TFR     D,X             put resulting address in X
0EDD E684             (           main.s):03025                 LDB     ,X              get r-value
                      (           main.s):03026         * optim: loadCmpZeroBeqOrBne
0EDF 2702             (           main.s):03027                 BEQ     L00238          && at main.c:473 yields false, B == 0
0EE1 C601             (           main.s):03028                 LDB     #1              && yields true
     0EE3             (           main.s):03029         L00238  EQU     *
0EE3 E7C8EF           (           main.s):03030                 STB     -17,U           variable downBlock
                      (           main.s):03031         * Line main.c:475: init of variable leftBlock
0EE6 E6C8EB           (           main.s):03032                 LDB     -21,U           variable x
0EE9 C100             (           main.s):03033                 CMPB    #$00
0EEB 2E03             (           main.s):03034                 BGT     L00242          if true
0EED 5F               (           main.s):03035                 CLRB
0EEE 2002             (           main.s):03036                 BRA     L00243          false
     0EF0             (           main.s):03037         L00242  EQU     *
0EF0 C601             (           main.s):03038                 LDB     #1
     0EF2             (           main.s):03039         L00243  EQU     *
0EF2 5D               (           main.s):03040                 TSTB                    &&
0EF3 2733             (           main.s):03041                 BEQ     L00241          && at main.c:475 yields false, B == 0
0EF5 E6C8ED           (           main.s):03042                 LDB     -19,U           variable z
0EF8 1D               (           main.s):03043                 SEX                     extend byte index expression
0EF9 3406             (           main.s):03044                 PSHS    B,A             preserve array index
0EFB E6C8EC           (           main.s):03045                 LDB     -20,U           variable y
0EFE 1D               (           main.s):03046                 SEX                     index expression is of byte type
0EFF 8E0003           (           main.s):03047                 LDX     #3              size of array element
0F02 170000           (           main.s):03048                 LBSR    MUL16           get offset in bytes in D
0F05 3406             (           main.s):03049                 PSHS    B,A             preserve array index
0F07 E6C8EB           (           main.s):03050                 LDB     -21,U           variable x
0F0A CBFF             (           main.s):03051                 ADDB    #$FF            255
0F0C 1D               (           main.s):03052                 SEX                     index expression is of byte type
0F0D 8E0009           (           main.s):03053                 LDX     #9              size of array element
0F10 170000           (           main.s):03054                 LBSR    MUL16           get offset in bytes in D
0F13 8E0000           (           main.s):03055                 LDX     #_world+0       address of array world (optim: removePCRIfRelocatabilityNotSupported)
0F16 308B             (           main.s):03056                 LEAX    D,X             add offset
0F18 1F10             (           main.s):03057                 TFR     X,D             array address as r-value
0F1A E3E1             (           main.s):03058                 ADDD    ,S++            add stacked array index to array address in D
0F1C 1F01             (           main.s):03059                 TFR     D,X             put resulting address in X
                      (           main.s):03060         * optim: stripConsecOppositeTFRs
0F1E E3E1             (           main.s):03061                 ADDD    ,S++            add stacked array index to array address in D
0F20 1F01             (           main.s):03062                 TFR     D,X             put resulting address in X
0F22 E684             (           main.s):03063                 LDB     ,X              get r-value
                      (           main.s):03064         * optim: loadCmpZeroBeqOrBne
0F24 2702             (           main.s):03065                 BEQ     L00241          && at main.c:475 yields false, B == 0
0F26 C601             (           main.s):03066                 LDB     #1              && yields true
     0F28             (           main.s):03067         L00241  EQU     *
0F28 E750             (           main.s):03068                 STB     -16,U           variable leftBlock
                      (           main.s):03069         * Line main.c:476: init of variable rightBlock
0F2A E6C8EB           (           main.s):03070                 LDB     -21,U           variable x
0F2D C102             (           main.s):03071                 CMPB    #$02
0F2F 2D03             (           main.s):03072                 BLT     L00245          if true
0F31 5F               (           main.s):03073                 CLRB
0F32 2002             (           main.s):03074                 BRA     L00246          false
     0F34             (           main.s):03075         L00245  EQU     *
0F34 C601             (           main.s):03076                 LDB     #1
     0F36             (           main.s):03077         L00246  EQU     *
0F36 5D               (           main.s):03078                 TSTB                    &&
0F37 2733             (           main.s):03079                 BEQ     L00244          && at main.c:476 yields false, B == 0
0F39 E6C8ED           (           main.s):03080                 LDB     -19,U           variable z
0F3C 1D               (           main.s):03081                 SEX                     extend byte index expression
0F3D 3406             (           main.s):03082                 PSHS    B,A             preserve array index
0F3F E6C8EC           (           main.s):03083                 LDB     -20,U           variable y
0F42 1D               (           main.s):03084                 SEX                     index expression is of byte type
0F43 8E0003           (           main.s):03085                 LDX     #3              size of array element
0F46 170000           (           main.s):03086                 LBSR    MUL16           get offset in bytes in D
0F49 3406             (           main.s):03087                 PSHS    B,A             preserve array index
0F4B E6C8EB           (           main.s):03088                 LDB     -21,U           variable x
0F4E CB01             (           main.s):03089                 ADDB    #$01            1
0F50 1D               (           main.s):03090                 SEX                     index expression is of byte type
0F51 8E0009           (           main.s):03091                 LDX     #9              size of array element
0F54 170000           (           main.s):03092                 LBSR    MUL16           get offset in bytes in D
0F57 8E0000           (           main.s):03093                 LDX     #_world+0       address of array world (optim: removePCRIfRelocatabilityNotSupported)
0F5A 308B             (           main.s):03094                 LEAX    D,X             add offset
0F5C 1F10             (           main.s):03095                 TFR     X,D             array address as r-value
0F5E E3E1             (           main.s):03096                 ADDD    ,S++            add stacked array index to array address in D
0F60 1F01             (           main.s):03097                 TFR     D,X             put resulting address in X
                      (           main.s):03098         * optim: stripConsecOppositeTFRs
0F62 E3E1             (           main.s):03099                 ADDD    ,S++            add stacked array index to array address in D
0F64 1F01             (           main.s):03100                 TFR     D,X             put resulting address in X
0F66 E684             (           main.s):03101                 LDB     ,X              get r-value
                      (           main.s):03102         * optim: loadCmpZeroBeqOrBne
0F68 2702             (           main.s):03103                 BEQ     L00244          && at main.c:476 yields false, B == 0
0F6A C601             (           main.s):03104                 LDB     #1              && yields true
     0F6C             (           main.s):03105         L00244  EQU     *
0F6C E751             (           main.s):03106                 STB     -15,U           variable rightBlock
                      (           main.s):03107         * Line main.c:478: init of variable frontBlock
0F6E E6C8ED           (           main.s):03108                 LDB     -19,U           variable z
0F71 C102             (           main.s):03109                 CMPB    #$02
0F73 2D03             (           main.s):03110                 BLT     L00248          if true
0F75 5F               (           main.s):03111                 CLRB
0F76 2002             (           main.s):03112                 BRA     L00249          false
     0F78             (           main.s):03113         L00248  EQU     *
0F78 C601             (           main.s):03114                 LDB     #1
     0F7A             (           main.s):03115         L00249  EQU     *
0F7A 5D               (           main.s):03116                 TSTB                    &&
0F7B 2733             (           main.s):03117                 BEQ     L00247          && at main.c:478 yields false, B == 0
0F7D E6C8ED           (           main.s):03118                 LDB     -19,U           variable z
0F80 CB01             (           main.s):03119                 ADDB    #$01            1
0F82 1D               (           main.s):03120                 SEX                     extend byte index expression
0F83 3406             (           main.s):03121                 PSHS    B,A             preserve array index
0F85 E6C8EC           (           main.s):03122                 LDB     -20,U           variable y
0F88 1D               (           main.s):03123                 SEX                     index expression is of byte type
0F89 8E0003           (           main.s):03124                 LDX     #3              size of array element
0F8C 170000           (           main.s):03125                 LBSR    MUL16           get offset in bytes in D
0F8F 3406             (           main.s):03126                 PSHS    B,A             preserve array index
0F91 E6C8EB           (           main.s):03127                 LDB     -21,U           variable x
0F94 1D               (           main.s):03128                 SEX                     index expression is of byte type
0F95 8E0009           (           main.s):03129                 LDX     #9              size of array element
0F98 170000           (           main.s):03130                 LBSR    MUL16           get offset in bytes in D
0F9B 8E0000           (           main.s):03131                 LDX     #_world+0       address of array world (optim: removePCRIfRelocatabilityNotSupported)
0F9E 308B             (           main.s):03132                 LEAX    D,X             add offset
0FA0 1F10             (           main.s):03133                 TFR     X,D             array address as r-value
0FA2 E3E1             (           main.s):03134                 ADDD    ,S++            add stacked array index to array address in D
0FA4 1F01             (           main.s):03135                 TFR     D,X             put resulting address in X
                      (           main.s):03136         * optim: stripConsecOppositeTFRs
0FA6 E3E1             (           main.s):03137                 ADDD    ,S++            add stacked array index to array address in D
0FA8 1F01             (           main.s):03138                 TFR     D,X             put resulting address in X
0FAA E684             (           main.s):03139                 LDB     ,X              get r-value
                      (           main.s):03140         * optim: loadCmpZeroBeqOrBne
0FAC 2702             (           main.s):03141                 BEQ     L00247          && at main.c:478 yields false, B == 0
0FAE C601             (           main.s):03142                 LDB     #1              && yields true
     0FB0             (           main.s):03143         L00247  EQU     *
0FB0 E752             (           main.s):03144                 STB     -14,U           variable frontBlock
                      (           main.s):03145         * Line main.c:479: init of variable backBlock
0FB2 E6C8ED           (           main.s):03146                 LDB     -19,U           variable z
0FB5 C100             (           main.s):03147                 CMPB    #$00
0FB7 2E03             (           main.s):03148                 BGT     L00251          if true
0FB9 5F               (           main.s):03149                 CLRB
0FBA 2002             (           main.s):03150                 BRA     L00252          false
     0FBC             (           main.s):03151         L00251  EQU     *
0FBC C601             (           main.s):03152                 LDB     #1
     0FBE             (           main.s):03153         L00252  EQU     *
0FBE 5D               (           main.s):03154                 TSTB                    &&
0FBF 2733             (           main.s):03155                 BEQ     L00250          && at main.c:479 yields false, B == 0
0FC1 E6C8ED           (           main.s):03156                 LDB     -19,U           variable z
0FC4 CBFF             (           main.s):03157                 ADDB    #$FF            255
0FC6 1D               (           main.s):03158                 SEX                     extend byte index expression
0FC7 3406             (           main.s):03159                 PSHS    B,A             preserve array index
0FC9 E6C8EC           (           main.s):03160                 LDB     -20,U           variable y
0FCC 1D               (           main.s):03161                 SEX                     index expression is of byte type
0FCD 8E0003           (           main.s):03162                 LDX     #3              size of array element
0FD0 170000           (           main.s):03163                 LBSR    MUL16           get offset in bytes in D
0FD3 3406             (           main.s):03164                 PSHS    B,A             preserve array index
0FD5 E6C8EB           (           main.s):03165                 LDB     -21,U           variable x
0FD8 1D               (           main.s):03166                 SEX                     index expression is of byte type
0FD9 8E0009           (           main.s):03167                 LDX     #9              size of array element
0FDC 170000           (           main.s):03168                 LBSR    MUL16           get offset in bytes in D
0FDF 8E0000           (           main.s):03169                 LDX     #_world+0       address of array world (optim: removePCRIfRelocatabilityNotSupported)
0FE2 308B             (           main.s):03170                 LEAX    D,X             add offset
0FE4 1F10             (           main.s):03171                 TFR     X,D             array address as r-value
0FE6 E3E1             (           main.s):03172                 ADDD    ,S++            add stacked array index to array address in D
0FE8 1F01             (           main.s):03173                 TFR     D,X             put resulting address in X
                      (           main.s):03174         * optim: stripConsecOppositeTFRs
0FEA E3E1             (           main.s):03175                 ADDD    ,S++            add stacked array index to array address in D
0FEC 1F01             (           main.s):03176                 TFR     D,X             put resulting address in X
0FEE E684             (           main.s):03177                 LDB     ,X              get r-value
                      (           main.s):03178         * optim: loadCmpZeroBeqOrBne
0FF0 2702             (           main.s):03179                 BEQ     L00250          && at main.c:479 yields false, B == 0
0FF2 C601             (           main.s):03180                 LDB     #1              && yields true
     0FF4             (           main.s):03181         L00250  EQU     *
0FF4 E753             (           main.s):03182                 STB     -13,U           variable backBlock
                      (           main.s):03183         * Line main.c:482: init of variable upInvis
                      (           main.s):03184         * optim: optimizeStackOperations4
                      (           main.s):03185         * optim: optimizeStackOperations4
0FF6 FC0000           (           main.s):03186                 LDD     _playerposition+2       member y of AnonStruct_main.c:26, via variable playerposition (optim: removePCRIfRelocatabilityNotSupported)
0FF9 10A346           (           main.s):03187                 CMPD    6,U             optim: optimizeStackOperations4
0FFC 2F03             (           main.s):03188                 BLE     L00253          if true
0FFE 5F               (           main.s):03189                 CLRB
0FFF 2002             (           main.s):03190                 BRA     L00254          false
     1001             (           main.s):03191         L00253  EQU     *
1001 C601             (           main.s):03192                 LDB     #1
     1003             (           main.s):03193         L00254  EQU     *
1003 E754             (           main.s):03194                 STB     -12,U           variable upInvis
                      (           main.s):03195         * Line main.c:483: init of variable downInvis
                      (           main.s):03196         * optim: stripOpToDeadReg
                      (           main.s):03197         * optim: stripOpToDeadReg
                      (           main.s):03198         * PSHS B,A optim: optimizeStackOperations1
1005 EC46             (           main.s):03199                 LDD     6,U             member y of AnonStruct_main.c:26, via variable cubepos
1007 830008           (           main.s):03200                 SUBD    #8              optim: optimizeStackOperations1
100A 3406             (           main.s):03201                 PSHS    B,A             operands of superior or equal are not both byte-sized
100C FC0000           (           main.s):03202                 LDD     _playerposition+2       member y of AnonStruct_main.c:26, via variable playerposition (optim: removePCRIfRelocatabilityNotSupported)
100F 10A3E1           (           main.s):03203                 CMPD    ,S++
1012 2C03             (           main.s):03204                 BGE     L00255          if true
1014 5F               (           main.s):03205                 CLRB
1015 2002             (           main.s):03206                 BRA     L00256          false
     1017             (           main.s):03207         L00255  EQU     *
1017 C601             (           main.s):03208                 LDB     #1
     1019             (           main.s):03209         L00256  EQU     *
1019 E755             (           main.s):03210                 STB     -11,U           variable downInvis
                      (           main.s):03211         * Line main.c:485: init of variable leftInvis
                      (           main.s):03212         * optim: stripOpToDeadReg
                      (           main.s):03213         * optim: stripOpToDeadReg
                      (           main.s):03214         * PSHS B,A optim: optimizeStackOperations1
101B EC44             (           main.s):03215                 LDD     4,U             member x of AnonStruct_main.c:26, via variable cubepos
101D 830008           (           main.s):03216                 SUBD    #8              optim: optimizeStackOperations1
1020 3406             (           main.s):03217                 PSHS    B,A             operands of superior or equal are not both byte-sized
1022 FC0000           (           main.s):03218                 LDD     _playerposition+0       member x of AnonStruct_main.c:26, via variable playerposition (optim: removePCRIfRelocatabilityNotSupported)
1025 10A3E1           (           main.s):03219                 CMPD    ,S++
1028 2C03             (           main.s):03220                 BGE     L00257          if true
102A 5F               (           main.s):03221                 CLRB
102B 2002             (           main.s):03222                 BRA     L00258          false
     102D             (           main.s):03223         L00257  EQU     *
102D C601             (           main.s):03224                 LDB     #1
     102F             (           main.s):03225         L00258  EQU     *
102F E756             (           main.s):03226                 STB     -10,U           variable leftInvis
                      (           main.s):03227         * Line main.c:486: init of variable rightInvis
                      (           main.s):03228         * optim: optimizeStackOperations4
                      (           main.s):03229         * optim: optimizeStackOperations4
1031 FC0000           (           main.s):03230                 LDD     _playerposition+0       member x of AnonStruct_main.c:26, via variable playerposition (optim: removePCRIfRelocatabilityNotSupported)
1034 10A344           (           main.s):03231                 CMPD    4,U             optim: optimizeStackOperations4
1037 2F03             (           main.s):03232                 BLE     L00259          if true
1039 5F               (           main.s):03233                 CLRB
103A 2002             (           main.s):03234                 BRA     L00260          false
     103C             (           main.s):03235         L00259  EQU     *
103C C601             (           main.s):03236                 LDB     #1
     103E             (           main.s):03237         L00260  EQU     *
103E E757             (           main.s):03238                 STB     -9,U            variable rightInvis
                      (           main.s):03239         * Line main.c:488: init of variable frontInvis
                      (           main.s):03240         * optim: optimizeStackOperations4
                      (           main.s):03241         * optim: optimizeStackOperations4
1040 FC0000           (           main.s):03242                 LDD     _playerposition+4       member z of AnonStruct_main.c:26, via variable playerposition (optim: removePCRIfRelocatabilityNotSupported)
1043 10A348           (           main.s):03243                 CMPD    8,U             optim: optimizeStackOperations4
1046 2F03             (           main.s):03244                 BLE     L00261          if true
1048 5F               (           main.s):03245                 CLRB
1049 2002             (           main.s):03246                 BRA     L00262          false
     104B             (           main.s):03247         L00261  EQU     *
104B C601             (           main.s):03248                 LDB     #1
     104D             (           main.s):03249         L00262  EQU     *
104D E758             (           main.s):03250                 STB     -8,U            variable frontInvis
                      (           main.s):03251         * Line main.c:489: init of variable backInvis
                      (           main.s):03252         * optim: stripOpToDeadReg
                      (           main.s):03253         * optim: stripOpToDeadReg
                      (           main.s):03254         * PSHS B,A optim: optimizeStackOperations1
104F EC48             (           main.s):03255                 LDD     8,U             member z of AnonStruct_main.c:26, via variable cubepos
1051 830008           (           main.s):03256                 SUBD    #8              optim: optimizeStackOperations1
1054 3406             (           main.s):03257                 PSHS    B,A             operands of superior or equal are not both byte-sized
1056 FC0000           (           main.s):03258                 LDD     _playerposition+4       member z of AnonStruct_main.c:26, via variable playerposition (optim: removePCRIfRelocatabilityNotSupported)
1059 10A3E1           (           main.s):03259                 CMPD    ,S++
105C 2C03             (           main.s):03260                 BGE     L00263          if true
105E 5F               (           main.s):03261                 CLRB
105F 2002             (           main.s):03262                 BRA     L00264          false
     1061             (           main.s):03263         L00263  EQU     *
1061 C601             (           main.s):03264                 LDB     #1
     1063             (           main.s):03265         L00264  EQU     *
1063 E759             (           main.s):03266                 STB     -7,U            variable backInvis
                      (           main.s):03267         * Line main.c:492: init of variable up
1065 E6C8EE           (           main.s):03268                 LDB     -18,U           variable `upBlock', declared at main.c:472
                      (           main.s):03269         * optim: loadCmpZeroBeqOrBne
1068 2604             (           main.s):03270                 BNE     L00265          || yields true
106A E654             (           main.s):03271                 LDB     -12,U           variable `upInvis', declared at main.c:482
                      (           main.s):03272         * optim: loadCmpZeroBeqOrBne
106C 2700             (           main.s):03273                 BEQ     L00266
     106E             (           main.s):03274         L00265  EQU     *               || at main.c:492 yields true, B != 0
     106E             (           main.s):03275         L00266  EQU     *
106E E75A             (           main.s):03276                 STB     -6,U            variable up
                      (           main.s):03277         * Line main.c:493: init of variable down
1070 E6C8EF           (           main.s):03278                 LDB     -17,U           variable `downBlock', declared at main.c:473
                      (           main.s):03279         * optim: loadCmpZeroBeqOrBne
1073 2604             (           main.s):03280                 BNE     L00267          || yields true
1075 E655             (           main.s):03281                 LDB     -11,U           variable `downInvis', declared at main.c:483
                      (           main.s):03282         * optim: loadCmpZeroBeqOrBne
1077 2700             (           main.s):03283                 BEQ     L00268
     1079             (           main.s):03284         L00267  EQU     *               || at main.c:493 yields true, B != 0
     1079             (           main.s):03285         L00268  EQU     *
1079 E75B             (           main.s):03286                 STB     -5,U            variable down
                      (           main.s):03287         * Line main.c:495: init of variable left
107B E650             (           main.s):03288                 LDB     -16,U           variable `leftBlock', declared at main.c:475
                      (           main.s):03289         * optim: loadCmpZeroBeqOrBne
107D 2604             (           main.s):03290                 BNE     L00269          || yields true
107F E656             (           main.s):03291                 LDB     -10,U           variable `leftInvis', declared at main.c:485
                      (           main.s):03292         * optim: loadCmpZeroBeqOrBne
1081 2700             (           main.s):03293                 BEQ     L00270
     1083             (           main.s):03294         L00269  EQU     *               || at main.c:495 yields true, B != 0
     1083             (           main.s):03295         L00270  EQU     *
1083 E75C             (           main.s):03296                 STB     -4,U            variable left
                      (           main.s):03297         * Line main.c:496: init of variable right
1085 E651             (           main.s):03298                 LDB     -15,U           variable `rightBlock', declared at main.c:476
                      (           main.s):03299         * optim: loadCmpZeroBeqOrBne
1087 2604             (           main.s):03300                 BNE     L00271          || yields true
1089 E657             (           main.s):03301                 LDB     -9,U            variable `rightInvis', declared at main.c:486
                      (           main.s):03302         * optim: loadCmpZeroBeqOrBne
108B 2700             (           main.s):03303                 BEQ     L00272
     108D             (           main.s):03304         L00271  EQU     *               || at main.c:496 yields true, B != 0
     108D             (           main.s):03305         L00272  EQU     *
108D E75D             (           main.s):03306                 STB     -3,U            variable right
                      (           main.s):03307         * Line main.c:498: init of variable front
108F E652             (           main.s):03308                 LDB     -14,U           variable `frontBlock', declared at main.c:478
                      (           main.s):03309         * optim: loadCmpZeroBeqOrBne
1091 2604             (           main.s):03310                 BNE     L00273          || yields true
1093 E658             (           main.s):03311                 LDB     -8,U            variable `frontInvis', declared at main.c:488
                      (           main.s):03312         * optim: loadCmpZeroBeqOrBne
1095 2700             (           main.s):03313                 BEQ     L00274
     1097             (           main.s):03314         L00273  EQU     *               || at main.c:498 yields true, B != 0
     1097             (           main.s):03315         L00274  EQU     *
1097 E75E             (           main.s):03316                 STB     -2,U            variable front
                      (           main.s):03317         * Line main.c:499: init of variable back
1099 E653             (           main.s):03318                 LDB     -13,U           variable `backBlock', declared at main.c:479
                      (           main.s):03319         * optim: loadCmpZeroBeqOrBne
109B 2604             (           main.s):03320                 BNE     L00275          || yields true
109D E659             (           main.s):03321                 LDB     -7,U            variable `backInvis', declared at main.c:489
                      (           main.s):03322         * optim: loadCmpZeroBeqOrBne
109F 2700             (           main.s):03323                 BEQ     L00276
     10A1             (           main.s):03324         L00275  EQU     *               || at main.c:499 yields true, B != 0
     10A1             (           main.s):03325         L00276  EQU     *
10A1 E75F             (           main.s):03326                 STB     -1,U            variable back
                      (           main.s):03327         * Line main.c:502: if
                      (           main.s):03328         * optim: storeLoad
                      (           main.s):03329         * optim: loadCmpZeroBeqOrBne
10A3 271A             (           main.s):03330                 BEQ     L00278           (optim: condBranchOverUncondBranch)
                      (           main.s):03331         * optim: condBranchOverUncondBranch
                      (           main.s):03332         * Useless label L00280 removed
10A5 E65B             (           main.s):03333                 LDB     -5,U            variable `down', declared at main.c:493
                      (           main.s):03334         * optim: loadCmpZeroBeqOrBne
10A7 2716             (           main.s):03335                 BEQ     L00278           (optim: condBranchOverUncondBranch)
                      (           main.s):03336         * optim: condBranchOverUncondBranch
                      (           main.s):03337         * Useless label L00279 removed
10A9 E65C             (           main.s):03338                 LDB     -4,U            variable `left', declared at main.c:495
                      (           main.s):03339         * optim: loadCmpZeroBeqOrBne
10AB 2712             (           main.s):03340                 BEQ     L00278           (optim: condBranchOverUncondBranch)
                      (           main.s):03341         * optim: condBranchOverUncondBranch
                      (           main.s):03342         * Useless label L00277 removed
                      (           main.s):03343         * Line main.c:502
                      (           main.s):03344         * Line main.c:503: assignment: =
10AD CCFF80           (           main.s):03345                 LDD     #$FF80          constant expression: 65408 decimal, signed
                      (           main.s):03346         * optim: stripUselessPushPull
                      (           main.s):03347         * optim: optimizeLdx
                      (           main.s):03348         * optim: stripUselessPushPull
10B0 EDD80C           (           main.s):03349                 STD     [12,U]          optim: optimizeLdx
                      (           main.s):03350         * Line main.c:504: assignment: =
10B3 CCFF80           (           main.s):03351                 LDD     #$FF80          constant expression: 65408 decimal, signed
                      (           main.s):03352         * optim: stripUselessPushPull
10B6 AE4C             (           main.s):03353                 LDX     12,U            get pointer value from variable out
                      (           main.s):03354         * optim: optimizeLeax
                      (           main.s):03355         * optim: stripUselessPushPull
10B8 ED02             (           main.s):03356                 STD     2,X             optim: optimizeLeax
                      (           main.s):03357         * Line main.c:505: assignment: =
10BA CCFF80           (           main.s):03358                 LDD     #$FF80          constant expression: 65408 decimal, signed
                      (           main.s):03359         * optim: stripUselessPushPull
                      (           main.s):03360         * optim: removeRepeatedLDX
                      (           main.s):03361         * optim: optimizeLeax
                      (           main.s):03362         * optim: stripUselessPushPull
10BD ED04             (           main.s):03363                 STD     4,X             optim: optimizeLeax
     10BF             (           main.s):03364         L00278  EQU     *               else clause of if() started at main.c:502
                      (           main.s):03365         * Useless label L00281 removed
                      (           main.s):03366         * Line main.c:508: if
10BF E65F             (           main.s):03367                 LDB     -1,U            variable `back', declared at main.c:499
                      (           main.s):03368         * optim: loadCmpZeroBeqOrBne
10C1 2719             (           main.s):03369                 BEQ     L00283           (optim: condBranchOverUncondBranch)
                      (           main.s):03370         * optim: condBranchOverUncondBranch
                      (           main.s):03371         * Useless label L00285 removed
10C3 E65B             (           main.s):03372                 LDB     -5,U            variable `down', declared at main.c:493
                      (           main.s):03373         * optim: loadCmpZeroBeqOrBne
10C5 2715             (           main.s):03374                 BEQ     L00283           (optim: condBranchOverUncondBranch)
                      (           main.s):03375         * optim: condBranchOverUncondBranch
                      (           main.s):03376         * Useless label L00284 removed
10C7 E65D             (           main.s):03377                 LDB     -3,U            variable `right', declared at main.c:496
                      (           main.s):03378         * optim: loadCmpZeroBeqOrBne
10C9 2711             (           main.s):03379                 BEQ     L00283           (optim: condBranchOverUncondBranch)
                      (           main.s):03380         * optim: condBranchOverUncondBranch
                      (           main.s):03381         * Useless label L00282 removed
                      (           main.s):03382         * Line main.c:508
                      (           main.s):03383         * Line main.c:509: assignment: =
10CB CCFF80           (           main.s):03384                 LDD     #$FF80          constant expression: 65408 decimal, signed
                      (           main.s):03385         * optim: stripUselessPushPull
10CE AE4C             (           main.s):03386                 LDX     12,U            get pointer value from variable out
                      (           main.s):03387         * optim: optimizeLeax
                      (           main.s):03388         * optim: stripUselessPushPull
10D0 ED06             (           main.s):03389                 STD     6,X             optim: optimizeLeax
                      (           main.s):03390         * Line main.c:510: assignment: =
10D2 CCFF80           (           main.s):03391                 LDD     #$FF80          constant expression: 65408 decimal, signed
                      (           main.s):03392         * optim: stripUselessPushPull
                      (           main.s):03393         * optim: removeRepeatedLDX
                      (           main.s):03394         * optim: optimizeLeax
                      (           main.s):03395         * optim: coalesceConsecutiveLeax
                      (           main.s):03396         * optim: stripUselessPushPull
10D5 ED08             (           main.s):03397                 STD     8,X             optim: optimizeLeax
                      (           main.s):03398         * Line main.c:511: assignment: =
10D7 CCFF80           (           main.s):03399                 LDD     #$FF80          constant expression: 65408 decimal, signed
                      (           main.s):03400         * optim: stripUselessPushPull
                      (           main.s):03401         * optim: removeRepeatedLDX
                      (           main.s):03402         * optim: optimizeLeax
                      (           main.s):03403         * optim: coalesceConsecutiveLeax
                      (           main.s):03404         * optim: stripUselessPushPull
10DA ED0A             (           main.s):03405                 STD     10,X            optim: optimizeLeax
     10DC             (           main.s):03406         L00283  EQU     *               else clause of if() started at main.c:508
                      (           main.s):03407         * Useless label L00286 removed
                      (           main.s):03408         * Line main.c:514: if
10DC E65F             (           main.s):03409                 LDB     -1,U            variable `back', declared at main.c:499
                      (           main.s):03410         * optim: loadCmpZeroBeqOrBne
10DE 271A             (           main.s):03411                 BEQ     L00288           (optim: condBranchOverUncondBranch)
                      (           main.s):03412         * optim: condBranchOverUncondBranch
                      (           main.s):03413         * Useless label L00290 removed
10E0 E65A             (           main.s):03414                 LDB     -6,U            variable `up', declared at main.c:492
                      (           main.s):03415         * optim: loadCmpZeroBeqOrBne
10E2 2716             (           main.s):03416                 BEQ     L00288           (optim: condBranchOverUncondBranch)
                      (           main.s):03417         * optim: condBranchOverUncondBranch
                      (           main.s):03418         * Useless label L00289 removed
10E4 E65D             (           main.s):03419                 LDB     -3,U            variable `right', declared at main.c:496
                      (           main.s):03420         * optim: loadCmpZeroBeqOrBne
10E6 2712             (           main.s):03421                 BEQ     L00288           (optim: condBranchOverUncondBranch)
                      (           main.s):03422         * optim: condBranchOverUncondBranch
                      (           main.s):03423         * Useless label L00287 removed
                      (           main.s):03424         * Line main.c:514
                      (           main.s):03425         * Line main.c:515: assignment: =
10E8 CCFF80           (           main.s):03426                 LDD     #$FF80          constant expression: 65408 decimal, signed
                      (           main.s):03427         * optim: stripUselessPushPull
10EB AE4C             (           main.s):03428                 LDX     12,U            get pointer value from variable out
                      (           main.s):03429         * optim: optimizeLeax
                      (           main.s):03430         * optim: stripUselessPushPull
10ED ED0C             (           main.s):03431                 STD     12,X            optim: optimizeLeax
                      (           main.s):03432         * Line main.c:516: assignment: =
10EF CCFF80           (           main.s):03433                 LDD     #$FF80          constant expression: 65408 decimal, signed
                      (           main.s):03434         * optim: stripUselessPushPull
                      (           main.s):03435         * optim: removeRepeatedLDX
                      (           main.s):03436         * optim: optimizeLeax
                      (           main.s):03437         * optim: coalesceConsecutiveLeax
                      (           main.s):03438         * optim: stripUselessPushPull
10F2 ED0E             (           main.s):03439                 STD     14,X            optim: optimizeLeax
                      (           main.s):03440         * Line main.c:517: assignment: =
10F4 CCFF80           (           main.s):03441                 LDD     #$FF80          constant expression: 65408 decimal, signed
                      (           main.s):03442         * optim: stripUselessPushPull
                      (           main.s):03443         * optim: removeRepeatedLDX
                      (           main.s):03444         * optim: optimizeLeax
                      (           main.s):03445         * optim: coalesceConsecutiveLeax
                      (           main.s):03446         * optim: stripUselessPushPull
10F7 ED8810           (           main.s):03447                 STD     16,X            optim: optimizeLeax
     10FA             (           main.s):03448         L00288  EQU     *               else clause of if() started at main.c:514
                      (           main.s):03449         * Useless label L00291 removed
                      (           main.s):03450         * Line main.c:520: if
10FA E65F             (           main.s):03451                 LDB     -1,U            variable `back', declared at main.c:499
                      (           main.s):03452         * optim: loadCmpZeroBeqOrBne
10FC 271C             (           main.s):03453                 BEQ     L00293           (optim: condBranchOverUncondBranch)
                      (           main.s):03454         * optim: condBranchOverUncondBranch
                      (           main.s):03455         * Useless label L00295 removed
10FE E65A             (           main.s):03456                 LDB     -6,U            variable `up', declared at main.c:492
                      (           main.s):03457         * optim: loadCmpZeroBeqOrBne
1100 2718             (           main.s):03458                 BEQ     L00293           (optim: condBranchOverUncondBranch)
                      (           main.s):03459         * optim: condBranchOverUncondBranch
                      (           main.s):03460         * Useless label L00294 removed
1102 E65C             (           main.s):03461                 LDB     -4,U            variable `left', declared at main.c:495
                      (           main.s):03462         * optim: loadCmpZeroBeqOrBne
1104 2714             (           main.s):03463                 BEQ     L00293           (optim: condBranchOverUncondBranch)
                      (           main.s):03464         * optim: condBranchOverUncondBranch
                      (           main.s):03465         * Useless label L00292 removed
                      (           main.s):03466         * Line main.c:520
                      (           main.s):03467         * Line main.c:521: assignment: =
1106 CCFF80           (           main.s):03468                 LDD     #$FF80          constant expression: 65408 decimal, signed
                      (           main.s):03469         * optim: stripUselessPushPull
1109 AE4C             (           main.s):03470                 LDX     12,U            get pointer value from variable out
                      (           main.s):03471         * optim: optimizeLeax
                      (           main.s):03472         * optim: stripUselessPushPull
110B ED8812           (           main.s):03473                 STD     18,X            optim: optimizeLeax
                      (           main.s):03474         * Line main.c:522: assignment: =
110E CCFF80           (           main.s):03475                 LDD     #$FF80          constant expression: 65408 decimal, signed
                      (           main.s):03476         * optim: stripUselessPushPull
                      (           main.s):03477         * optim: removeRepeatedLDX
                      (           main.s):03478         * optim: optimizeLeax
                      (           main.s):03479         * optim: coalesceConsecutiveLeax
                      (           main.s):03480         * optim: stripUselessPushPull
1111 ED8814           (           main.s):03481                 STD     20,X            optim: optimizeLeax
                      (           main.s):03482         * Line main.c:523: assignment: =
1114 CCFF80           (           main.s):03483                 LDD     #$FF80          constant expression: 65408 decimal, signed
                      (           main.s):03484         * optim: stripUselessPushPull
                      (           main.s):03485         * optim: removeRepeatedLDX
                      (           main.s):03486         * optim: optimizeLeax
                      (           main.s):03487         * optim: coalesceConsecutiveLeax
                      (           main.s):03488         * optim: stripUselessPushPull
1117 ED8816           (           main.s):03489                 STD     22,X            optim: optimizeLeax
     111A             (           main.s):03490         L00293  EQU     *               else clause of if() started at main.c:520
                      (           main.s):03491         * Useless label L00296 removed
                      (           main.s):03492         * Line main.c:526: if
111A E65E             (           main.s):03493                 LDB     -2,U            variable `front', declared at main.c:498
                      (           main.s):03494         * optim: loadCmpZeroBeqOrBne
111C 271C             (           main.s):03495                 BEQ     L00298           (optim: condBranchOverUncondBranch)
                      (           main.s):03496         * optim: condBranchOverUncondBranch
                      (           main.s):03497         * Useless label L00300 removed
111E E65B             (           main.s):03498                 LDB     -5,U            variable `down', declared at main.c:493
                      (           main.s):03499         * optim: loadCmpZeroBeqOrBne
1120 2718             (           main.s):03500                 BEQ     L00298           (optim: condBranchOverUncondBranch)
                      (           main.s):03501         * optim: condBranchOverUncondBranch
                      (           main.s):03502         * Useless label L00299 removed
1122 E65C             (           main.s):03503                 LDB     -4,U            variable `left', declared at main.c:495
                      (           main.s):03504         * optim: loadCmpZeroBeqOrBne
1124 2714             (           main.s):03505                 BEQ     L00298           (optim: condBranchOverUncondBranch)
                      (           main.s):03506         * optim: condBranchOverUncondBranch
                      (           main.s):03507         * Useless label L00297 removed
                      (           main.s):03508         * Line main.c:526
                      (           main.s):03509         * Line main.c:527: assignment: =
1126 CCFF80           (           main.s):03510                 LDD     #$FF80          constant expression: 65408 decimal, signed
                      (           main.s):03511         * optim: stripUselessPushPull
1129 AE4C             (           main.s):03512                 LDX     12,U            get pointer value from variable out
                      (           main.s):03513         * optim: optimizeLeax
                      (           main.s):03514         * optim: stripUselessPushPull
112B ED8818           (           main.s):03515                 STD     24,X            optim: optimizeLeax
                      (           main.s):03516         * Line main.c:528: assignment: =
112E CCFF80           (           main.s):03517                 LDD     #$FF80          constant expression: 65408 decimal, signed
                      (           main.s):03518         * optim: stripUselessPushPull
                      (           main.s):03519         * optim: removeRepeatedLDX
                      (           main.s):03520         * optim: optimizeLeax
                      (           main.s):03521         * optim: coalesceConsecutiveLeax
                      (           main.s):03522         * optim: stripUselessPushPull
1131 ED881A           (           main.s):03523                 STD     26,X            optim: optimizeLeax
                      (           main.s):03524         * Line main.c:529: assignment: =
1134 CCFF80           (           main.s):03525                 LDD     #$FF80          constant expression: 65408 decimal, signed
                      (           main.s):03526         * optim: stripUselessPushPull
                      (           main.s):03527         * optim: removeRepeatedLDX
                      (           main.s):03528         * optim: optimizeLeax
                      (           main.s):03529         * optim: coalesceConsecutiveLeax
                      (           main.s):03530         * optim: stripUselessPushPull
1137 ED881C           (           main.s):03531                 STD     28,X            optim: optimizeLeax
     113A             (           main.s):03532         L00298  EQU     *               else clause of if() started at main.c:526
                      (           main.s):03533         * Useless label L00301 removed
                      (           main.s):03534         * Line main.c:532: if
113A E65E             (           main.s):03535                 LDB     -2,U            variable `front', declared at main.c:498
                      (           main.s):03536         * optim: loadCmpZeroBeqOrBne
113C 271C             (           main.s):03537                 BEQ     L00303           (optim: condBranchOverUncondBranch)
                      (           main.s):03538         * optim: condBranchOverUncondBranch
                      (           main.s):03539         * Useless label L00305 removed
113E E65B             (           main.s):03540                 LDB     -5,U            variable `down', declared at main.c:493
                      (           main.s):03541         * optim: loadCmpZeroBeqOrBne
1140 2718             (           main.s):03542                 BEQ     L00303           (optim: condBranchOverUncondBranch)
                      (           main.s):03543         * optim: condBranchOverUncondBranch
                      (           main.s):03544         * Useless label L00304 removed
1142 E65D             (           main.s):03545                 LDB     -3,U            variable `right', declared at main.c:496
                      (           main.s):03546         * optim: loadCmpZeroBeqOrBne
1144 2714             (           main.s):03547                 BEQ     L00303           (optim: condBranchOverUncondBranch)
                      (           main.s):03548         * optim: condBranchOverUncondBranch
                      (           main.s):03549         * Useless label L00302 removed
                      (           main.s):03550         * Line main.c:532
                      (           main.s):03551         * Line main.c:533: assignment: =
1146 CCFF80           (           main.s):03552                 LDD     #$FF80          constant expression: 65408 decimal, signed
                      (           main.s):03553         * optim: stripUselessPushPull
1149 AE4C             (           main.s):03554                 LDX     12,U            get pointer value from variable out
                      (           main.s):03555         * optim: optimizeLeax
                      (           main.s):03556         * optim: stripUselessPushPull
114B ED881E           (           main.s):03557                 STD     30,X            optim: optimizeLeax
                      (           main.s):03558         * Line main.c:534: assignment: =
114E CCFF80           (           main.s):03559                 LDD     #$FF80          constant expression: 65408 decimal, signed
                      (           main.s):03560         * optim: stripUselessPushPull
                      (           main.s):03561         * optim: removeRepeatedLDX
                      (           main.s):03562         * optim: optimizeLeax
                      (           main.s):03563         * optim: coalesceConsecutiveLeax
                      (           main.s):03564         * optim: stripUselessPushPull
1151 ED8820           (           main.s):03565                 STD     32,X            optim: optimizeLeax
                      (           main.s):03566         * Line main.c:535: assignment: =
1154 CCFF80           (           main.s):03567                 LDD     #$FF80          constant expression: 65408 decimal, signed
                      (           main.s):03568         * optim: stripUselessPushPull
                      (           main.s):03569         * optim: removeRepeatedLDX
                      (           main.s):03570         * optim: optimizeLeax
                      (           main.s):03571         * optim: coalesceConsecutiveLeax
                      (           main.s):03572         * optim: stripUselessPushPull
1157 ED8822           (           main.s):03573                 STD     34,X            optim: optimizeLeax
     115A             (           main.s):03574         L00303  EQU     *               else clause of if() started at main.c:532
                      (           main.s):03575         * Useless label L00306 removed
                      (           main.s):03576         * Line main.c:538: if
115A E65E             (           main.s):03577                 LDB     -2,U            variable `front', declared at main.c:498
                      (           main.s):03578         * optim: loadCmpZeroBeqOrBne
115C 271C             (           main.s):03579                 BEQ     L00308           (optim: condBranchOverUncondBranch)
                      (           main.s):03580         * optim: condBranchOverUncondBranch
                      (           main.s):03581         * Useless label L00310 removed
115E E65A             (           main.s):03582                 LDB     -6,U            variable `up', declared at main.c:492
                      (           main.s):03583         * optim: loadCmpZeroBeqOrBne
1160 2718             (           main.s):03584                 BEQ     L00308           (optim: condBranchOverUncondBranch)
                      (           main.s):03585         * optim: condBranchOverUncondBranch
                      (           main.s):03586         * Useless label L00309 removed
1162 E65D             (           main.s):03587                 LDB     -3,U            variable `right', declared at main.c:496
                      (           main.s):03588         * optim: loadCmpZeroBeqOrBne
1164 2714             (           main.s):03589                 BEQ     L00308           (optim: condBranchOverUncondBranch)
                      (           main.s):03590         * optim: condBranchOverUncondBranch
                      (           main.s):03591         * Useless label L00307 removed
                      (           main.s):03592         * Line main.c:538
                      (           main.s):03593         * Line main.c:539: assignment: =
1166 CCFF80           (           main.s):03594                 LDD     #$FF80          constant expression: 65408 decimal, signed
                      (           main.s):03595         * optim: stripUselessPushPull
1169 AE4C             (           main.s):03596                 LDX     12,U            get pointer value from variable out
                      (           main.s):03597         * optim: optimizeLeax
                      (           main.s):03598         * optim: stripUselessPushPull
116B ED8824           (           main.s):03599                 STD     36,X            optim: optimizeLeax
                      (           main.s):03600         * Line main.c:540: assignment: =
116E CCFF80           (           main.s):03601                 LDD     #$FF80          constant expression: 65408 decimal, signed
                      (           main.s):03602         * optim: stripUselessPushPull
                      (           main.s):03603         * optim: removeRepeatedLDX
                      (           main.s):03604         * optim: optimizeLeax
                      (           main.s):03605         * optim: coalesceConsecutiveLeax
                      (           main.s):03606         * optim: stripUselessPushPull
1171 ED8826           (           main.s):03607                 STD     38,X            optim: optimizeLeax
                      (           main.s):03608         * Line main.c:541: assignment: =
1174 CCFF80           (           main.s):03609                 LDD     #$FF80          constant expression: 65408 decimal, signed
                      (           main.s):03610         * optim: stripUselessPushPull
                      (           main.s):03611         * optim: removeRepeatedLDX
                      (           main.s):03612         * optim: optimizeLeax
                      (           main.s):03613         * optim: coalesceConsecutiveLeax
                      (           main.s):03614         * optim: stripUselessPushPull
1177 ED8828           (           main.s):03615                 STD     40,X            optim: optimizeLeax
     117A             (           main.s):03616         L00308  EQU     *               else clause of if() started at main.c:538
                      (           main.s):03617         * Useless label L00311 removed
                      (           main.s):03618         * Line main.c:544: if
117A E65E             (           main.s):03619                 LDB     -2,U            variable `front', declared at main.c:498
                      (           main.s):03620         * optim: loadCmpZeroBeqOrBne
117C 271C             (           main.s):03621                 BEQ     L00313           (optim: condBranchOverUncondBranch)
                      (           main.s):03622         * optim: condBranchOverUncondBranch
                      (           main.s):03623         * Useless label L00315 removed
117E E65A             (           main.s):03624                 LDB     -6,U            variable `up', declared at main.c:492
                      (           main.s):03625         * optim: loadCmpZeroBeqOrBne
1180 2718             (           main.s):03626                 BEQ     L00313           (optim: condBranchOverUncondBranch)
                      (           main.s):03627         * optim: condBranchOverUncondBranch
                      (           main.s):03628         * Useless label L00314 removed
1182 E65C             (           main.s):03629                 LDB     -4,U            variable `left', declared at main.c:495
                      (           main.s):03630         * optim: loadCmpZeroBeqOrBne
1184 2714             (           main.s):03631                 BEQ     L00313           (optim: condBranchOverUncondBranch)
                      (           main.s):03632         * optim: condBranchOverUncondBranch
                      (           main.s):03633         * Useless label L00312 removed
                      (           main.s):03634         * Line main.c:544
                      (           main.s):03635         * Line main.c:545: assignment: =
1186 CCFF80           (           main.s):03636                 LDD     #$FF80          constant expression: 65408 decimal, signed
                      (           main.s):03637         * optim: stripUselessPushPull
1189 AE4C             (           main.s):03638                 LDX     12,U            get pointer value from variable out
                      (           main.s):03639         * optim: optimizeLeax
                      (           main.s):03640         * optim: stripUselessPushPull
118B ED882A           (           main.s):03641                 STD     42,X            optim: optimizeLeax
                      (           main.s):03642         * Line main.c:546: assignment: =
118E CCFF80           (           main.s):03643                 LDD     #$FF80          constant expression: 65408 decimal, signed
                      (           main.s):03644         * optim: stripUselessPushPull
                      (           main.s):03645         * optim: removeRepeatedLDX
                      (           main.s):03646         * optim: optimizeLeax
                      (           main.s):03647         * optim: coalesceConsecutiveLeax
                      (           main.s):03648         * optim: stripUselessPushPull
1191 ED882C           (           main.s):03649                 STD     44,X            optim: optimizeLeax
                      (           main.s):03650         * Line main.c:547: assignment: =
1194 CCFF80           (           main.s):03651                 LDD     #$FF80          constant expression: 65408 decimal, signed
                      (           main.s):03652         * optim: stripUselessPushPull
                      (           main.s):03653         * optim: removeRepeatedLDX
                      (           main.s):03654         * optim: optimizeLeax
                      (           main.s):03655         * optim: coalesceConsecutiveLeax
                      (           main.s):03656         * optim: stripUselessPushPull
1197 ED882E           (           main.s):03657                 STD     46,X            optim: optimizeLeax
     119A             (           main.s):03658         L00313  EQU     *               else clause of if() started at main.c:544
                      (           main.s):03659         * Useless label L00316 removed
                      (           main.s):03660         * Line main.c:550: assignment: =
                      (           main.s):03661         * CLRB  optim: optimizeStackOperations1
                      (           main.s):03662         * PSHS B optim: optimizeStackOperations1
119A AE4A             (           main.s):03663                 LDX     10,U            get pointer value from variable edges
119C 1F10             (           main.s):03664                 TFR     X,D             array address as r-value
                      (           main.s):03665         * optim: stripConsecOppositeTFRs
119E C600             (           main.s):03666                 LDB     #0              optim: optimizeStackOperations1
11A0 E784             (           main.s):03667                 STB     ,X
                      (           main.s):03668         * Line main.c:550: assignment: =
                      (           main.s):03669         * LDB #$01 optim: optimizeStackOperations1
                      (           main.s):03670         * PSHS B optim: optimizeStackOperations1
11A2 AE4A             (           main.s):03671                 LDX     10,U            get pointer value from variable edges
11A4 1F10             (           main.s):03672                 TFR     X,D             array address as r-value
                      (           main.s):03673         * optim: stripConsecOppositeTFRs
                      (           main.s):03674         * optim: optimizeLeax
11A6 C601             (           main.s):03675                 LDB     #1              optim: optimizeStackOperations1
11A8 E701             (           main.s):03676                 STB     1,X             optim: optimizeLeax
                      (           main.s):03677         * Line main.c:551: assignment: =
                      (           main.s):03678         * LDB #$01 optim: optimizeStackOperations1
                      (           main.s):03679         * PSHS B optim: optimizeStackOperations1
11AA AE4A             (           main.s):03680                 LDX     10,U            get pointer value from variable edges
11AC 3002             (           main.s):03681                 LEAX    2,X             add index (1) multiplied by pointed object size (2)
11AE 1F10             (           main.s):03682                 TFR     X,D             array address as r-value
                      (           main.s):03683         * optim: stripConsecOppositeTFRs
11B0 C601             (           main.s):03684                 LDB     #1              optim: optimizeStackOperations1
11B2 E784             (           main.s):03685                 STB     ,X
                      (           main.s):03686         * Line main.c:551: assignment: =
                      (           main.s):03687         * LDB #$02 optim: optimizeStackOperations1
                      (           main.s):03688         * PSHS B optim: optimizeStackOperations1
11B4 AE4A             (           main.s):03689                 LDX     10,U            get pointer value from variable edges
11B6 3002             (           main.s):03690                 LEAX    2,X             add index (1) multiplied by pointed object size (2)
11B8 1F10             (           main.s):03691                 TFR     X,D             array address as r-value
                      (           main.s):03692         * optim: stripConsecOppositeTFRs
                      (           main.s):03693         * optim: optimizeLeax
11BA C602             (           main.s):03694                 LDB     #2              optim: optimizeStackOperations1
11BC E701             (           main.s):03695                 STB     1,X             optim: optimizeLeax
                      (           main.s):03696         * Line main.c:552: assignment: =
                      (           main.s):03697         * LDB #$02 optim: optimizeStackOperations1
                      (           main.s):03698         * PSHS B optim: optimizeStackOperations1
11BE AE4A             (           main.s):03699                 LDX     10,U            get pointer value from variable edges
11C0 3004             (           main.s):03700                 LEAX    4,X             add index (2) multiplied by pointed object size (2)
11C2 1F10             (           main.s):03701                 TFR     X,D             array address as r-value
                      (           main.s):03702         * optim: stripConsecOppositeTFRs
11C4 C602             (           main.s):03703                 LDB     #2              optim: optimizeStackOperations1
11C6 E784             (           main.s):03704                 STB     ,X
                      (           main.s):03705         * Line main.c:552: assignment: =
                      (           main.s):03706         * LDB #$03 optim: optimizeStackOperations1
                      (           main.s):03707         * PSHS B optim: optimizeStackOperations1
11C8 AE4A             (           main.s):03708                 LDX     10,U            get pointer value from variable edges
11CA 3004             (           main.s):03709                 LEAX    4,X             add index (2) multiplied by pointed object size (2)
11CC 1F10             (           main.s):03710                 TFR     X,D             array address as r-value
                      (           main.s):03711         * optim: stripConsecOppositeTFRs
                      (           main.s):03712         * optim: optimizeLeax
11CE C603             (           main.s):03713                 LDB     #3              optim: optimizeStackOperations1
11D0 E701             (           main.s):03714                 STB     1,X             optim: optimizeLeax
                      (           main.s):03715         * Line main.c:553: assignment: =
                      (           main.s):03716         * LDB #$03 optim: optimizeStackOperations1
                      (           main.s):03717         * PSHS B optim: optimizeStackOperations1
11D2 AE4A             (           main.s):03718                 LDX     10,U            get pointer value from variable edges
11D4 3006             (           main.s):03719                 LEAX    6,X             add index (3) multiplied by pointed object size (2)
11D6 1F10             (           main.s):03720                 TFR     X,D             array address as r-value
                      (           main.s):03721         * optim: stripConsecOppositeTFRs
11D8 C603             (           main.s):03722                 LDB     #3              optim: optimizeStackOperations1
11DA E784             (           main.s):03723                 STB     ,X
                      (           main.s):03724         * Line main.c:553: assignment: =
                      (           main.s):03725         * CLRB  optim: optimizeStackOperations1
                      (           main.s):03726         * PSHS B optim: optimizeStackOperations1
11DC AE4A             (           main.s):03727                 LDX     10,U            get pointer value from variable edges
11DE 3006             (           main.s):03728                 LEAX    6,X             add index (3) multiplied by pointed object size (2)
11E0 1F10             (           main.s):03729                 TFR     X,D             array address as r-value
                      (           main.s):03730         * optim: stripConsecOppositeTFRs
                      (           main.s):03731         * optim: optimizeLeax
11E2 C600             (           main.s):03732                 LDB     #0              optim: optimizeStackOperations1
11E4 E701             (           main.s):03733                 STB     1,X             optim: optimizeLeax
                      (           main.s):03734         * Line main.c:554: assignment: =
                      (           main.s):03735         * LDB #$04 optim: optimizeStackOperations1
                      (           main.s):03736         * PSHS B optim: optimizeStackOperations1
11E6 AE4A             (           main.s):03737                 LDX     10,U            get pointer value from variable edges
11E8 3008             (           main.s):03738                 LEAX    8,X             add index (4) multiplied by pointed object size (2)
11EA 1F10             (           main.s):03739                 TFR     X,D             array address as r-value
                      (           main.s):03740         * optim: stripConsecOppositeTFRs
11EC C604             (           main.s):03741                 LDB     #4              optim: optimizeStackOperations1
11EE E784             (           main.s):03742                 STB     ,X
                      (           main.s):03743         * Line main.c:554: assignment: =
                      (           main.s):03744         * LDB #$05 optim: optimizeStackOperations1
                      (           main.s):03745         * PSHS B optim: optimizeStackOperations1
11F0 AE4A             (           main.s):03746                 LDX     10,U            get pointer value from variable edges
11F2 3008             (           main.s):03747                 LEAX    8,X             add index (4) multiplied by pointed object size (2)
11F4 1F10             (           main.s):03748                 TFR     X,D             array address as r-value
                      (           main.s):03749         * optim: stripConsecOppositeTFRs
                      (           main.s):03750         * optim: optimizeLeax
11F6 C605             (           main.s):03751                 LDB     #5              optim: optimizeStackOperations1
11F8 E701             (           main.s):03752                 STB     1,X             optim: optimizeLeax
                      (           main.s):03753         * Line main.c:555: assignment: =
                      (           main.s):03754         * LDB #$05 optim: optimizeStackOperations1
                      (           main.s):03755         * PSHS B optim: optimizeStackOperations1
11FA AE4A             (           main.s):03756                 LDX     10,U            get pointer value from variable edges
11FC 300A             (           main.s):03757                 LEAX    10,X            add index (5) multiplied by pointed object size (2)
11FE 1F10             (           main.s):03758                 TFR     X,D             array address as r-value
                      (           main.s):03759         * optim: stripConsecOppositeTFRs
1200 C605             (           main.s):03760                 LDB     #5              optim: optimizeStackOperations1
1202 E784             (           main.s):03761                 STB     ,X
                      (           main.s):03762         * Line main.c:555: assignment: =
                      (           main.s):03763         * LDB #$06 optim: optimizeStackOperations1
                      (           main.s):03764         * PSHS B optim: optimizeStackOperations1
1204 AE4A             (           main.s):03765                 LDX     10,U            get pointer value from variable edges
1206 300A             (           main.s):03766                 LEAX    10,X            add index (5) multiplied by pointed object size (2)
1208 1F10             (           main.s):03767                 TFR     X,D             array address as r-value
                      (           main.s):03768         * optim: stripConsecOppositeTFRs
                      (           main.s):03769         * optim: optimizeLeax
120A C606             (           main.s):03770                 LDB     #6              optim: optimizeStackOperations1
120C E701             (           main.s):03771                 STB     1,X             optim: optimizeLeax
                      (           main.s):03772         * Line main.c:556: assignment: =
                      (           main.s):03773         * LDB #$06 optim: optimizeStackOperations1
                      (           main.s):03774         * PSHS B optim: optimizeStackOperations1
120E AE4A             (           main.s):03775                 LDX     10,U            get pointer value from variable edges
1210 300C             (           main.s):03776                 LEAX    12,X            add index (6) multiplied by pointed object size (2)
1212 1F10             (           main.s):03777                 TFR     X,D             array address as r-value
                      (           main.s):03778         * optim: stripConsecOppositeTFRs
1214 C606             (           main.s):03779                 LDB     #6              optim: optimizeStackOperations1
1216 E784             (           main.s):03780                 STB     ,X
                      (           main.s):03781         * Line main.c:556: assignment: =
                      (           main.s):03782         * LDB #$07 optim: optimizeStackOperations1
                      (           main.s):03783         * PSHS B optim: optimizeStackOperations1
1218 AE4A             (           main.s):03784                 LDX     10,U            get pointer value from variable edges
121A 300C             (           main.s):03785                 LEAX    12,X            add index (6) multiplied by pointed object size (2)
121C 1F10             (           main.s):03786                 TFR     X,D             array address as r-value
                      (           main.s):03787         * optim: stripConsecOppositeTFRs
                      (           main.s):03788         * optim: optimizeLeax
121E C607             (           main.s):03789                 LDB     #7              optim: optimizeStackOperations1
1220 E701             (           main.s):03790                 STB     1,X             optim: optimizeLeax
                      (           main.s):03791         * Line main.c:557: assignment: =
                      (           main.s):03792         * LDB #$07 optim: optimizeStackOperations1
                      (           main.s):03793         * PSHS B optim: optimizeStackOperations1
1222 AE4A             (           main.s):03794                 LDX     10,U            get pointer value from variable edges
1224 300E             (           main.s):03795                 LEAX    14,X            add index (7) multiplied by pointed object size (2)
1226 1F10             (           main.s):03796                 TFR     X,D             array address as r-value
                      (           main.s):03797         * optim: stripConsecOppositeTFRs
1228 C607             (           main.s):03798                 LDB     #7              optim: optimizeStackOperations1
122A E784             (           main.s):03799                 STB     ,X
                      (           main.s):03800         * Line main.c:557: assignment: =
                      (           main.s):03801         * LDB #$04 optim: optimizeStackOperations1
                      (           main.s):03802         * PSHS B optim: optimizeStackOperations1
122C AE4A             (           main.s):03803                 LDX     10,U            get pointer value from variable edges
122E 300E             (           main.s):03804                 LEAX    14,X            add index (7) multiplied by pointed object size (2)
1230 1F10             (           main.s):03805                 TFR     X,D             array address as r-value
                      (           main.s):03806         * optim: stripConsecOppositeTFRs
                      (           main.s):03807         * optim: optimizeLeax
1232 C604             (           main.s):03808                 LDB     #4              optim: optimizeStackOperations1
1234 E701             (           main.s):03809                 STB     1,X             optim: optimizeLeax
                      (           main.s):03810         * Line main.c:558: assignment: =
                      (           main.s):03811         * CLRB  optim: optimizeStackOperations1
                      (           main.s):03812         * PSHS B optim: optimizeStackOperations1
1236 AE4A             (           main.s):03813                 LDX     10,U            get pointer value from variable edges
1238 308810           (           main.s):03814                 LEAX    16,X            add index (8) multiplied by pointed object size (2)
123B 1F10             (           main.s):03815                 TFR     X,D             array address as r-value
                      (           main.s):03816         * optim: stripConsecOppositeTFRs
123D C600             (           main.s):03817                 LDB     #0              optim: optimizeStackOperations1
123F E784             (           main.s):03818                 STB     ,X
                      (           main.s):03819         * Line main.c:558: assignment: =
                      (           main.s):03820         * LDB #$04 optim: optimizeStackOperations1
                      (           main.s):03821         * PSHS B optim: optimizeStackOperations1
1241 AE4A             (           main.s):03822                 LDX     10,U            get pointer value from variable edges
1243 308810           (           main.s):03823                 LEAX    16,X            add index (8) multiplied by pointed object size (2)
1246 1F10             (           main.s):03824                 TFR     X,D             array address as r-value
                      (           main.s):03825         * optim: stripConsecOppositeTFRs
                      (           main.s):03826         * optim: optimizeLeax
1248 C604             (           main.s):03827                 LDB     #4              optim: optimizeStackOperations1
124A E701             (           main.s):03828                 STB     1,X             optim: optimizeLeax
                      (           main.s):03829         * Line main.c:559: assignment: =
                      (           main.s):03830         * LDB #$01 optim: optimizeStackOperations1
                      (           main.s):03831         * PSHS B optim: optimizeStackOperations1
124C AE4A             (           main.s):03832                 LDX     10,U            get pointer value from variable edges
124E 308812           (           main.s):03833                 LEAX    18,X            add index (9) multiplied by pointed object size (2)
1251 1F10             (           main.s):03834                 TFR     X,D             array address as r-value
                      (           main.s):03835         * optim: stripConsecOppositeTFRs
1253 C601             (           main.s):03836                 LDB     #1              optim: optimizeStackOperations1
1255 E784             (           main.s):03837                 STB     ,X
                      (           main.s):03838         * Line main.c:559: assignment: =
                      (           main.s):03839         * LDB #$05 optim: optimizeStackOperations1
                      (           main.s):03840         * PSHS B optim: optimizeStackOperations1
1257 AE4A             (           main.s):03841                 LDX     10,U            get pointer value from variable edges
1259 308812           (           main.s):03842                 LEAX    18,X            add index (9) multiplied by pointed object size (2)
125C 1F10             (           main.s):03843                 TFR     X,D             array address as r-value
                      (           main.s):03844         * optim: stripConsecOppositeTFRs
                      (           main.s):03845         * optim: optimizeLeax
125E C605             (           main.s):03846                 LDB     #5              optim: optimizeStackOperations1
1260 E701             (           main.s):03847                 STB     1,X             optim: optimizeLeax
                      (           main.s):03848         * Line main.c:560: assignment: =
                      (           main.s):03849         * LDB #$02 optim: optimizeStackOperations1
                      (           main.s):03850         * PSHS B optim: optimizeStackOperations1
1262 AE4A             (           main.s):03851                 LDX     10,U            get pointer value from variable edges
1264 308814           (           main.s):03852                 LEAX    20,X            add index (10) multiplied by pointed object size (2)
1267 1F10             (           main.s):03853                 TFR     X,D             array address as r-value
                      (           main.s):03854         * optim: stripConsecOppositeTFRs
1269 C602             (           main.s):03855                 LDB     #2              optim: optimizeStackOperations1
126B E784             (           main.s):03856                 STB     ,X
                      (           main.s):03857         * Line main.c:560: assignment: =
                      (           main.s):03858         * LDB #$06 optim: optimizeStackOperations1
                      (           main.s):03859         * PSHS B optim: optimizeStackOperations1
126D AE4A             (           main.s):03860                 LDX     10,U            get pointer value from variable edges
126F 308814           (           main.s):03861                 LEAX    20,X            add index (10) multiplied by pointed object size (2)
1272 1F10             (           main.s):03862                 TFR     X,D             array address as r-value
                      (           main.s):03863         * optim: stripConsecOppositeTFRs
                      (           main.s):03864         * optim: optimizeLeax
1274 C606             (           main.s):03865                 LDB     #6              optim: optimizeStackOperations1
1276 E701             (           main.s):03866                 STB     1,X             optim: optimizeLeax
                      (           main.s):03867         * Line main.c:561: assignment: =
                      (           main.s):03868         * LDB #$03 optim: optimizeStackOperations1
                      (           main.s):03869         * PSHS B optim: optimizeStackOperations1
1278 AE4A             (           main.s):03870                 LDX     10,U            get pointer value from variable edges
127A 308816           (           main.s):03871                 LEAX    22,X            add index (11) multiplied by pointed object size (2)
127D 1F10             (           main.s):03872                 TFR     X,D             array address as r-value
                      (           main.s):03873         * optim: stripConsecOppositeTFRs
127F C603             (           main.s):03874                 LDB     #3              optim: optimizeStackOperations1
1281 E784             (           main.s):03875                 STB     ,X
                      (           main.s):03876         * Line main.c:561: assignment: =
                      (           main.s):03877         * LDB #$07 optim: optimizeStackOperations1
                      (           main.s):03878         * PSHS B optim: optimizeStackOperations1
1283 AE4A             (           main.s):03879                 LDX     10,U            get pointer value from variable edges
1285 308816           (           main.s):03880                 LEAX    22,X            add index (11) multiplied by pointed object size (2)
1288 1F10             (           main.s):03881                 TFR     X,D             array address as r-value
                      (           main.s):03882         * optim: stripConsecOppositeTFRs
                      (           main.s):03883         * optim: optimizeLeax
128A C607             (           main.s):03884                 LDB     #7              optim: optimizeStackOperations1
128C E701             (           main.s):03885                 STB     1,X             optim: optimizeLeax
                      (           main.s):03886         * Line main.c:563: if
128E E653             (           main.s):03887                 LDB     -13,U           variable `backBlock', declared at main.c:479
                      (           main.s):03888         * optim: loadCmpZeroBeqOrBne
1290 1027004C         (           main.s):03889                 LBEQ    L00318           (optim: condBranchOverUncondBranch)
                      (           main.s):03890         * optim: condBranchOverUncondBranch
                      (           main.s):03891         * Useless label L00317 removed
                      (           main.s):03892         * Line main.c:563
                      (           main.s):03893         * Line main.c:564: assignment: =
                      (           main.s):03894         * LDD #$FFFF optim: optimizeStackOperations1
                      (           main.s):03895         * PSHS B optim: optimizeStackOperations1
1294 AE4A             (           main.s):03896                 LDX     10,U            get pointer value from variable edges
1296 1F10             (           main.s):03897                 TFR     X,D             array address as r-value
                      (           main.s):03898         * optim: stripConsecOppositeTFRs
1298 C6FF             (           main.s):03899                 LDB     #255            optim: optimizeStackOperations1
129A E784             (           main.s):03900                 STB     ,X
                      (           main.s):03901         * Line main.c:564: assignment: =
                      (           main.s):03902         * LDD #$FFFF optim: optimizeStackOperations1
                      (           main.s):03903         * PSHS B optim: optimizeStackOperations1
129C AE4A             (           main.s):03904                 LDX     10,U            get pointer value from variable edges
129E 1F10             (           main.s):03905                 TFR     X,D             array address as r-value
                      (           main.s):03906         * optim: stripConsecOppositeTFRs
                      (           main.s):03907         * optim: optimizeLeax
12A0 C6FF             (           main.s):03908                 LDB     #255            optim: optimizeStackOperations1
12A2 E701             (           main.s):03909                 STB     1,X             optim: optimizeLeax
                      (           main.s):03910         * Line main.c:565: assignment: =
                      (           main.s):03911         * LDD #$FFFF optim: optimizeStackOperations1
                      (           main.s):03912         * PSHS B optim: optimizeStackOperations1
12A4 AE4A             (           main.s):03913                 LDX     10,U            get pointer value from variable edges
12A6 3002             (           main.s):03914                 LEAX    2,X             add index (1) multiplied by pointed object size (2)
12A8 1F10             (           main.s):03915                 TFR     X,D             array address as r-value
                      (           main.s):03916         * optim: stripConsecOppositeTFRs
12AA C6FF             (           main.s):03917                 LDB     #255            optim: optimizeStackOperations1
12AC E784             (           main.s):03918                 STB     ,X
                      (           main.s):03919         * Line main.c:565: assignment: =
                      (           main.s):03920         * LDD #$FFFF optim: optimizeStackOperations1
                      (           main.s):03921         * PSHS B optim: optimizeStackOperations1
12AE AE4A             (           main.s):03922                 LDX     10,U            get pointer value from variable edges
12B0 3002             (           main.s):03923                 LEAX    2,X             add index (1) multiplied by pointed object size (2)
12B2 1F10             (           main.s):03924                 TFR     X,D             array address as r-value
                      (           main.s):03925         * optim: stripConsecOppositeTFRs
                      (           main.s):03926         * optim: optimizeLeax
12B4 C6FF             (           main.s):03927                 LDB     #255            optim: optimizeStackOperations1
12B6 E701             (           main.s):03928                 STB     1,X             optim: optimizeLeax
                      (           main.s):03929         * Line main.c:566: assignment: =
                      (           main.s):03930         * LDD #$FFFF optim: optimizeStackOperations1
                      (           main.s):03931         * PSHS B optim: optimizeStackOperations1
12B8 AE4A             (           main.s):03932                 LDX     10,U            get pointer value from variable edges
12BA 3004             (           main.s):03933                 LEAX    4,X             add index (2) multiplied by pointed object size (2)
12BC 1F10             (           main.s):03934                 TFR     X,D             array address as r-value
                      (           main.s):03935         * optim: stripConsecOppositeTFRs
12BE C6FF             (           main.s):03936                 LDB     #255            optim: optimizeStackOperations1
12C0 E784             (           main.s):03937                 STB     ,X
                      (           main.s):03938         * Line main.c:566: assignment: =
                      (           main.s):03939         * LDD #$FFFF optim: optimizeStackOperations1
                      (           main.s):03940         * PSHS B optim: optimizeStackOperations1
12C2 AE4A             (           main.s):03941                 LDX     10,U            get pointer value from variable edges
12C4 3004             (           main.s):03942                 LEAX    4,X             add index (2) multiplied by pointed object size (2)
12C6 1F10             (           main.s):03943                 TFR     X,D             array address as r-value
                      (           main.s):03944         * optim: stripConsecOppositeTFRs
                      (           main.s):03945         * optim: optimizeLeax
12C8 C6FF             (           main.s):03946                 LDB     #255            optim: optimizeStackOperations1
12CA E701             (           main.s):03947                 STB     1,X             optim: optimizeLeax
                      (           main.s):03948         * Line main.c:567: assignment: =
                      (           main.s):03949         * LDD #$FFFF optim: optimizeStackOperations1
                      (           main.s):03950         * PSHS B optim: optimizeStackOperations1
12CC AE4A             (           main.s):03951                 LDX     10,U            get pointer value from variable edges
12CE 3006             (           main.s):03952                 LEAX    6,X             add index (3) multiplied by pointed object size (2)
12D0 1F10             (           main.s):03953                 TFR     X,D             array address as r-value
                      (           main.s):03954         * optim: stripConsecOppositeTFRs
12D2 C6FF             (           main.s):03955                 LDB     #255            optim: optimizeStackOperations1
12D4 E784             (           main.s):03956                 STB     ,X
                      (           main.s):03957         * Line main.c:567: assignment: =
                      (           main.s):03958         * LDD #$FFFF optim: optimizeStackOperations1
                      (           main.s):03959         * PSHS B optim: optimizeStackOperations1
12D6 AE4A             (           main.s):03960                 LDX     10,U            get pointer value from variable edges
12D8 3006             (           main.s):03961                 LEAX    6,X             add index (3) multiplied by pointed object size (2)
12DA 1F10             (           main.s):03962                 TFR     X,D             array address as r-value
                      (           main.s):03963         * optim: stripConsecOppositeTFRs
                      (           main.s):03964         * optim: optimizeLeax
12DC C6FF             (           main.s):03965                 LDB     #255            optim: optimizeStackOperations1
12DE E701             (           main.s):03966                 STB     1,X             optim: optimizeLeax
     12E0             (           main.s):03967         L00318  EQU     *               else clause of if() started at main.c:563
                      (           main.s):03968         * Useless label L00319 removed
                      (           main.s):03969         * Line main.c:570: if
12E0 E652             (           main.s):03970                 LDB     -14,U           variable `frontBlock', declared at main.c:478
                      (           main.s):03971         * optim: loadCmpZeroBeqOrBne
12E2 10270050         (           main.s):03972                 LBEQ    L00321           (optim: condBranchOverUncondBranch)
                      (           main.s):03973         * optim: condBranchOverUncondBranch
                      (           main.s):03974         * Useless label L00320 removed
                      (           main.s):03975         * Line main.c:570
                      (           main.s):03976         * Line main.c:571: assignment: =
                      (           main.s):03977         * LDD #$FFFF optim: optimizeStackOperations1
                      (           main.s):03978         * PSHS B optim: optimizeStackOperations1
12E6 AE4A             (           main.s):03979                 LDX     10,U            get pointer value from variable edges
12E8 3008             (           main.s):03980                 LEAX    8,X             add index (4) multiplied by pointed object size (2)
12EA 1F10             (           main.s):03981                 TFR     X,D             array address as r-value
                      (           main.s):03982         * optim: stripConsecOppositeTFRs
12EC C6FF             (           main.s):03983                 LDB     #255            optim: optimizeStackOperations1
12EE E784             (           main.s):03984                 STB     ,X
                      (           main.s):03985         * Line main.c:571: assignment: =
                      (           main.s):03986         * LDD #$FFFF optim: optimizeStackOperations1
                      (           main.s):03987         * PSHS B optim: optimizeStackOperations1
12F0 AE4A             (           main.s):03988                 LDX     10,U            get pointer value from variable edges
12F2 3008             (           main.s):03989                 LEAX    8,X             add index (4) multiplied by pointed object size (2)
12F4 1F10             (           main.s):03990                 TFR     X,D             array address as r-value
                      (           main.s):03991         * optim: stripConsecOppositeTFRs
                      (           main.s):03992         * optim: optimizeLeax
12F6 C6FF             (           main.s):03993                 LDB     #255            optim: optimizeStackOperations1
12F8 E701             (           main.s):03994                 STB     1,X             optim: optimizeLeax
                      (           main.s):03995         * Line main.c:572: assignment: =
                      (           main.s):03996         * LDD #$FFFF optim: optimizeStackOperations1
                      (           main.s):03997         * PSHS B optim: optimizeStackOperations1
12FA AE4A             (           main.s):03998                 LDX     10,U            get pointer value from variable edges
12FC 300A             (           main.s):03999                 LEAX    10,X            add index (5) multiplied by pointed object size (2)
12FE 1F10             (           main.s):04000                 TFR     X,D             array address as r-value
                      (           main.s):04001         * optim: stripConsecOppositeTFRs
1300 C6FF             (           main.s):04002                 LDB     #255            optim: optimizeStackOperations1
1302 E784             (           main.s):04003                 STB     ,X
                      (           main.s):04004         * Line main.c:572: assignment: =
                      (           main.s):04005         * LDD #$FFFF optim: optimizeStackOperations1
                      (           main.s):04006         * PSHS B optim: optimizeStackOperations1
1304 AE4A             (           main.s):04007                 LDX     10,U            get pointer value from variable edges
1306 300A             (           main.s):04008                 LEAX    10,X            add index (5) multiplied by pointed object size (2)
1308 1F10             (           main.s):04009                 TFR     X,D             array address as r-value
                      (           main.s):04010         * optim: stripConsecOppositeTFRs
                      (           main.s):04011         * optim: optimizeLeax
130A C6FF             (           main.s):04012                 LDB     #255            optim: optimizeStackOperations1
130C E701             (           main.s):04013                 STB     1,X             optim: optimizeLeax
                      (           main.s):04014         * Line main.c:573: assignment: =
                      (           main.s):04015         * LDD #$FFFF optim: optimizeStackOperations1
                      (           main.s):04016         * PSHS B optim: optimizeStackOperations1
130E AE4A             (           main.s):04017                 LDX     10,U            get pointer value from variable edges
1310 300C             (           main.s):04018                 LEAX    12,X            add index (6) multiplied by pointed object size (2)
1312 1F10             (           main.s):04019                 TFR     X,D             array address as r-value
                      (           main.s):04020         * optim: stripConsecOppositeTFRs
1314 C6FF             (           main.s):04021                 LDB     #255            optim: optimizeStackOperations1
1316 E784             (           main.s):04022                 STB     ,X
                      (           main.s):04023         * Line main.c:573: assignment: =
                      (           main.s):04024         * LDD #$FFFF optim: optimizeStackOperations1
                      (           main.s):04025         * PSHS B optim: optimizeStackOperations1
1318 AE4A             (           main.s):04026                 LDX     10,U            get pointer value from variable edges
131A 300C             (           main.s):04027                 LEAX    12,X            add index (6) multiplied by pointed object size (2)
131C 1F10             (           main.s):04028                 TFR     X,D             array address as r-value
                      (           main.s):04029         * optim: stripConsecOppositeTFRs
                      (           main.s):04030         * optim: optimizeLeax
131E C6FF             (           main.s):04031                 LDB     #255            optim: optimizeStackOperations1
1320 E701             (           main.s):04032                 STB     1,X             optim: optimizeLeax
                      (           main.s):04033         * Line main.c:574: assignment: =
                      (           main.s):04034         * LDD #$FFFF optim: optimizeStackOperations1
                      (           main.s):04035         * PSHS B optim: optimizeStackOperations1
1322 AE4A             (           main.s):04036                 LDX     10,U            get pointer value from variable edges
1324 300E             (           main.s):04037                 LEAX    14,X            add index (7) multiplied by pointed object size (2)
1326 1F10             (           main.s):04038                 TFR     X,D             array address as r-value
                      (           main.s):04039         * optim: stripConsecOppositeTFRs
1328 C6FF             (           main.s):04040                 LDB     #255            optim: optimizeStackOperations1
132A E784             (           main.s):04041                 STB     ,X
                      (           main.s):04042         * Line main.c:574: assignment: =
                      (           main.s):04043         * LDD #$FFFF optim: optimizeStackOperations1
                      (           main.s):04044         * PSHS B optim: optimizeStackOperations1
132C AE4A             (           main.s):04045                 LDX     10,U            get pointer value from variable edges
132E 300E             (           main.s):04046                 LEAX    14,X            add index (7) multiplied by pointed object size (2)
1330 1F10             (           main.s):04047                 TFR     X,D             array address as r-value
                      (           main.s):04048         * optim: stripConsecOppositeTFRs
                      (           main.s):04049         * optim: optimizeLeax
1332 C6FF             (           main.s):04050                 LDB     #255            optim: optimizeStackOperations1
1334 E701             (           main.s):04051                 STB     1,X             optim: optimizeLeax
     1336             (           main.s):04052         L00321  EQU     *               else clause of if() started at main.c:570
                      (           main.s):04053         * Useless label L00322 removed
                      (           main.s):04054         * Line main.c:577: if
1336 E6C8EF           (           main.s):04055                 LDB     -17,U           variable `downBlock', declared at main.c:473
                      (           main.s):04056         * optim: loadCmpZeroBeqOrBne
1339 10270050         (           main.s):04057                 LBEQ    L00324           (optim: condBranchOverUncondBranch)
                      (           main.s):04058         * optim: condBranchOverUncondBranch
                      (           main.s):04059         * Useless label L00323 removed
                      (           main.s):04060         * Line main.c:577
                      (           main.s):04061         * Line main.c:578: assignment: =
                      (           main.s):04062         * LDD #$FFFF optim: optimizeStackOperations1
                      (           main.s):04063         * PSHS B optim: optimizeStackOperations1
133D AE4A             (           main.s):04064                 LDX     10,U            get pointer value from variable edges
133F 1F10             (           main.s):04065                 TFR     X,D             array address as r-value
                      (           main.s):04066         * optim: stripConsecOppositeTFRs
1341 C6FF             (           main.s):04067                 LDB     #255            optim: optimizeStackOperations1
1343 E784             (           main.s):04068                 STB     ,X
                      (           main.s):04069         * Line main.c:578: assignment: =
                      (           main.s):04070         * LDD #$FFFF optim: optimizeStackOperations1
                      (           main.s):04071         * PSHS B optim: optimizeStackOperations1
1345 AE4A             (           main.s):04072                 LDX     10,U            get pointer value from variable edges
1347 1F10             (           main.s):04073                 TFR     X,D             array address as r-value
                      (           main.s):04074         * optim: stripConsecOppositeTFRs
                      (           main.s):04075         * optim: optimizeLeax
1349 C6FF             (           main.s):04076                 LDB     #255            optim: optimizeStackOperations1
134B E701             (           main.s):04077                 STB     1,X             optim: optimizeLeax
                      (           main.s):04078         * Line main.c:579: assignment: =
                      (           main.s):04079         * LDD #$FFFF optim: optimizeStackOperations1
                      (           main.s):04080         * PSHS B optim: optimizeStackOperations1
134D AE4A             (           main.s):04081                 LDX     10,U            get pointer value from variable edges
134F 3008             (           main.s):04082                 LEAX    8,X             add index (4) multiplied by pointed object size (2)
1351 1F10             (           main.s):04083                 TFR     X,D             array address as r-value
                      (           main.s):04084         * optim: stripConsecOppositeTFRs
1353 C6FF             (           main.s):04085                 LDB     #255            optim: optimizeStackOperations1
1355 E784             (           main.s):04086                 STB     ,X
                      (           main.s):04087         * Line main.c:579: assignment: =
                      (           main.s):04088         * LDD #$FFFF optim: optimizeStackOperations1
                      (           main.s):04089         * PSHS B optim: optimizeStackOperations1
1357 AE4A             (           main.s):04090                 LDX     10,U            get pointer value from variable edges
1359 3008             (           main.s):04091                 LEAX    8,X             add index (4) multiplied by pointed object size (2)
135B 1F10             (           main.s):04092                 TFR     X,D             array address as r-value
                      (           main.s):04093         * optim: stripConsecOppositeTFRs
                      (           main.s):04094         * optim: optimizeLeax
135D C6FF             (           main.s):04095                 LDB     #255            optim: optimizeStackOperations1
135F E701             (           main.s):04096                 STB     1,X             optim: optimizeLeax
                      (           main.s):04097         * Line main.c:580: assignment: =
                      (           main.s):04098         * LDD #$FFFF optim: optimizeStackOperations1
                      (           main.s):04099         * PSHS B optim: optimizeStackOperations1
1361 AE4A             (           main.s):04100                 LDX     10,U            get pointer value from variable edges
1363 308810           (           main.s):04101                 LEAX    16,X            add index (8) multiplied by pointed object size (2)
1366 1F10             (           main.s):04102                 TFR     X,D             array address as r-value
                      (           main.s):04103         * optim: stripConsecOppositeTFRs
1368 C6FF             (           main.s):04104                 LDB     #255            optim: optimizeStackOperations1
136A E784             (           main.s):04105                 STB     ,X
                      (           main.s):04106         * Line main.c:580: assignment: =
                      (           main.s):04107         * LDD #$FFFF optim: optimizeStackOperations1
                      (           main.s):04108         * PSHS B optim: optimizeStackOperations1
136C AE4A             (           main.s):04109                 LDX     10,U            get pointer value from variable edges
136E 308810           (           main.s):04110                 LEAX    16,X            add index (8) multiplied by pointed object size (2)
1371 1F10             (           main.s):04111                 TFR     X,D             array address as r-value
                      (           main.s):04112         * optim: stripConsecOppositeTFRs
                      (           main.s):04113         * optim: optimizeLeax
1373 C6FF             (           main.s):04114                 LDB     #255            optim: optimizeStackOperations1
1375 E701             (           main.s):04115                 STB     1,X             optim: optimizeLeax
                      (           main.s):04116         * Line main.c:581: assignment: =
                      (           main.s):04117         * LDD #$FFFF optim: optimizeStackOperations1
                      (           main.s):04118         * PSHS B optim: optimizeStackOperations1
1377 AE4A             (           main.s):04119                 LDX     10,U            get pointer value from variable edges
1379 308812           (           main.s):04120                 LEAX    18,X            add index (9) multiplied by pointed object size (2)
137C 1F10             (           main.s):04121                 TFR     X,D             array address as r-value
                      (           main.s):04122         * optim: stripConsecOppositeTFRs
137E C6FF             (           main.s):04123                 LDB     #255            optim: optimizeStackOperations1
1380 E784             (           main.s):04124                 STB     ,X
                      (           main.s):04125         * Line main.c:581: assignment: =
                      (           main.s):04126         * LDD #$FFFF optim: optimizeStackOperations1
                      (           main.s):04127         * PSHS B optim: optimizeStackOperations1
1382 AE4A             (           main.s):04128                 LDX     10,U            get pointer value from variable edges
1384 308812           (           main.s):04129                 LEAX    18,X            add index (9) multiplied by pointed object size (2)
1387 1F10             (           main.s):04130                 TFR     X,D             array address as r-value
                      (           main.s):04131         * optim: stripConsecOppositeTFRs
                      (           main.s):04132         * optim: optimizeLeax
1389 C6FF             (           main.s):04133                 LDB     #255            optim: optimizeStackOperations1
138B E701             (           main.s):04134                 STB     1,X             optim: optimizeLeax
     138D             (           main.s):04135         L00324  EQU     *               else clause of if() started at main.c:577
                      (           main.s):04136         * Useless label L00325 removed
                      (           main.s):04137         * Useless label L00051 removed
138D 32C4             (           main.s):04138                 LEAS    ,U
138F 35C0             (           main.s):04139                 PULS    U,PC
                      (           main.s):04140         * END FUNCTION createcubeat(): defined at main.c:432
     1391             (           main.s):04141         funcend_createcubeat    EQU *
     0608             (           main.s):04142         funcsize_createcubeat   EQU     funcend_createcubeat-_createcubeat
                      (           main.s):04143         _prepare_vertices       EXPORT
                      (           main.s):04144         
                      (           main.s):04145         
                      (           main.s):04146         *******************************************************************************
                      (           main.s):04147         
                      (           main.s):04148         * FUNCTION prepare_vertices(): defined at main.c:585
     1391             (           main.s):04149         _prepare_vertices       EQU     *
                      (           main.s):04150         * Prototype: void prepare_vertices(...)
                      (           main.s):04151         * Calling convention: 0 (CMOC Default)
1391 3440             (           main.s):04152                 PSHS    U
1393 33E4             (           main.s):04153                 LEAU    ,S
                      (           main.s):04154         * optim: removeUnneededLEAS
                      (           main.s):04155         * Local non-static variable(s):
                      (           main.s):04156         *    -12,U:   12 bytes: pp: struct AnonStruct_main.c:21[]: line 587
                      (           main.s):04157         * Useless label L00052 removed
1395 32C4             (           main.s):04158                 LEAS    ,U
1397 35C0             (           main.s):04159                 PULS    U,PC
                      (           main.s):04160         * END FUNCTION prepare_vertices(): defined at main.c:585
     1399             (           main.s):04161         funcend_prepare_vertices        EQU *
     0008             (           main.s):04162         funcsize_prepare_vertices       EQU     funcend_prepare_vertices-_prepare_vertices
                      (           main.s):04163         _cast_ray_down_from_player      EXPORT
                      (           main.s):04164         
                      (           main.s):04165         
                      (           main.s):04166         *******************************************************************************
                      (           main.s):04167         
                      (           main.s):04168         * FUNCTION cast_ray_down_from_player(): defined at main.c:609
     1399             (           main.s):04169         _cast_ray_down_from_player      EQU     *
                      (           main.s):04170         * Prototype: void cast_ray_down_from_player(char, struct AnonStruct_main.c:26 *)
                      (           main.s):04171         * Calling convention: 0 (CMOC Default)
1399 3440             (           main.s):04172                 PSHS    U
139B 33E4             (           main.s):04173                 LEAU    ,S
                      (           main.s):04174         * Formal parameter(s):
                      (           main.s):04175         *      5,U:    1 byte : dist: char: line 609
                      (           main.s):04176         *      6,U:    2 bytes: out: struct AnonStruct_main.c:26 *: line 609
                      (           main.s):04177         * Useless label L00053 removed
139D 32C4             (           main.s):04178                 LEAS    ,U
139F 35C0             (           main.s):04179                 PULS    U,PC
                      (           main.s):04180         * END FUNCTION cast_ray_down_from_player(): defined at main.c:609
     13A1             (           main.s):04181         funcend_cast_ray_down_from_player       EQU *
     0008             (           main.s):04182         funcsize_cast_ray_down_from_player      EQU     funcend_cast_ray_down_from_player-_cast_ray_down_from_player
                      (           main.s):04183         _main   EXPORT
                      (           main.s):04184         
                      (           main.s):04185         
                      (           main.s):04186         *******************************************************************************
                      (           main.s):04187         
                      (           main.s):04188         * FUNCTION main(): defined at main.c:625
     13A1             (           main.s):04189         _main   EQU     *
                      (           main.s):04190         * Prototype: int main(void)
                      (           main.s):04191         * Calling convention: 0 (CMOC Default)
13A1 3440             (           main.s):04192                 PSHS    U
13A3 33E4             (           main.s):04193                 LEAU    ,S
13A5 32E889           (           main.s):04194                 LEAS    -119,S
                      (           main.s):04195         * Local non-static variable(s):
                      (           main.s):04196         *   -119,U:    1 byte : move_angle: unsigned char: line 716
                      (           main.s):04197         *   -119,U:    1 byte : move_angle: unsigned char: line 722
                      (           main.s):04198         *   -119,U:    1 byte : move_angle: unsigned char: line 727
                      (           main.s):04199         *   -119,U:    1 byte : move_angle: unsigned char: line 733
                      (           main.s):04200         *   -118,U:   32 bytes: stringy: char[]: line 644
                      (           main.s):04201         *    -86,U:   24 bytes: edges: char[][]: line 678
                      (           main.s):04202         *    -62,U:   48 bytes: out: struct AnonStruct_main.c:26[]: line 679
                      (           main.s):04203         *    -14,U:    6 bytes: p1: struct AnonStruct_main.c:26: line 681
                      (           main.s):04204         *     -8,U:    6 bytes: p2: struct AnonStruct_main.c:26: line 684
                      (           main.s):04205         *     -2,U:    1 byte : buttons: unsigned char: line 688
                      (           main.s):04206         *     -1,U:    1 byte : joy: unsigned char: line 689
                      (           main.s):04207         * Line main.c:626: assignment: =
13A8 4F               (           main.s):04208                 CLRA
13A9 C614             (           main.s):04209                 LDB     #$14            decimal 20 signed
                      (           main.s):04210         * optim: stripUselessPushPull
                      (           main.s):04211         * optim: optimizeLeax
                      (           main.s):04212         * optim: stripUselessPushPull
13AB FD0000           (           main.s):04213                 STD     _playerposition+0       optim: optimizeLeax (optim: removePCRIfRelocatabilityNotSupported)
                      (           main.s):04214         * Line main.c:627: assignment: =
                      (           main.s):04215         * optim: stripExtraClrA_B
13AE 5F               (           main.s):04216                 CLRB
                      (           main.s):04217         * optim: stripUselessPushPull
                      (           main.s):04218         * optim: optimizeLeax
                      (           main.s):04219         * optim: stripUselessPushPull
13AF FD0000           (           main.s):04220                 STD     _playerposition+2       optim: optimizeLeax (optim: removePCRIfRelocatabilityNotSupported)
                      (           main.s):04221         * Line main.c:628: assignment: =
                      (           main.s):04222         * optim: stripExtraClrA_B
13B2 C60B             (           main.s):04223                 LDB     #$0B            decimal 11 signed
                      (           main.s):04224         * optim: stripUselessPushPull
                      (           main.s):04225         * optim: optimizeLeax
                      (           main.s):04226         * optim: stripUselessPushPull
13B4 FD0000           (           main.s):04227                 STD     _playerposition+4       optim: optimizeLeax (optim: removePCRIfRelocatabilityNotSupported)
                      (           main.s):04228         * Line main.c:630: assignment: =
                      (           main.s):04229         * optim: removeClr
13B7 5F               (           main.s):04230                 CLRB
                      (           main.s):04231         * optim: stripUselessPushPull
                      (           main.s):04232         * optim: optimizeLeax
                      (           main.s):04233         * optim: stripUselessPushPull
13B8 FD0000           (           main.s):04234                 STD     _playerrotation+0       optim: optimizeLeax (optim: removePCRIfRelocatabilityNotSupported)
                      (           main.s):04235         * Line main.c:631: assignment: =
                      (           main.s):04236         * optim: removeClr
                      (           main.s):04237         * optim: removeClr
                      (           main.s):04238         * optim: stripUselessPushPull
13BB 8E0000           (           main.s):04239                 LDX     #_playerrotation+2      member y of AnonStruct_main.c:16, via variable playerrotation (optim: removePCRIfRelocatabilityNotSupported)
                      (           main.s):04240         * optim: stripUselessPushPull
13BE ED84             (           main.s):04241                 STD     ,X
                      (           main.s):04242         * Line main.c:632: function call: UpdateDirections()
13C0 BD0000           (           main.s):04243                 JSR     _UpdateDirections
                      (           main.s):04244         * Line main.c:634: function call: terminal_print()
13C3 8E0000           (           main.s):04245                 LDX     #S00055         "TERMINAL INITIALIZED 0123456789" (optim: removePCRIfRelocatabilityNotSupported)
13C6 1F10             (           main.s):04246                 TFR     X,D
                      (           main.s):04247         * Emitted no code to cast `const char[]' to `char *'
13C8 3406             (           main.s):04248                 PSHS    B,A             C function argument 1 of terminal_print(): char *
13CA BD0000           (           main.s):04249                 JSR     _terminal_print
13CD 3262             (           main.s):04250                 LEAS    2,S
                      (           main.s):04251         * Line main.c:636: while
13CF 1601B1           (           main.s):04252                 LBRA    L00327          jump to while condition
     13D2             (           main.s):04253         L00326  EQU     *               while body
                      (           main.s):04254         * Line main.c:640: function call: wait_retrace()
13D2 BD0000           (           main.s):04255                 JSR     _wait_retrace
                      (           main.s):04256         * Line main.c:641: function call: intensity()
13D5 4F               (           main.s):04257                 CLRA
13D6 C65F             (           main.s):04258                 LDB     #$5F            decimal 95 signed
13D8 3406             (           main.s):04259                 PSHS    B,A             C function argument 1 of intensity(): int
13DA BD0000           (           main.s):04260                 JSR     _intensity
13DD 3262             (           main.s):04261                 LEAS    2,S
                      (           main.s):04262         * Line main.c:643: function call: set_text_size()
13DF 8E0028           (           main.s):04263                 LDX     #$28            decimal 40 signed (optim: optimizeConsecutiveFunctionArguments)
                      (           main.s):04264         * optim: optimizeConsecutiveFunctionArguments
13E2 CCFFFA           (           main.s):04265                 LDD     #$FFFA          constant expression: 65530 decimal, signed
13E5 3416             (           main.s):04266                 PSHS    X,B,A           C function argument 1 of set_text_size(): int (optim: optimizeConsecutiveFunctionArguments)
13E7 BD0000           (           main.s):04267                 JSR     _set_text_size
13EA 3264             (           main.s):04268                 LEAS    4,S
                      (           main.s):04269         * The if() condition at main.c:650 is always true
                      (           main.s):04270         * Line main.c:647: function call: build_position_string()
13EC BE0000           (           main.s):04271                 LDX     _playerposition+4       member z of AnonStruct_main.c:26, via variable playerposition (optim: optimizeConsecutiveFunctionArguments) (optim: removePCRIfRelocatabilityNotSupported)
                      (           main.s):04272         * optim: optimizeConsecutiveFunctionArguments
13EF FC0000           (           main.s):04273                 LDD     _playerposition+2       member y of AnonStruct_main.c:26, via variable playerposition (optim: removePCRIfRelocatabilityNotSupported)
13F2 3416             (           main.s):04274                 PSHS    X,B,A           C function argument 3 of build_position_string(): int (optim: optimizeConsecutiveFunctionArguments)
13F4 FC0000           (           main.s):04275                 LDD     _playerposition+0       member x of AnonStruct_main.c:26, via variable playerposition (optim: removePCRIfRelocatabilityNotSupported)
13F7 3406             (           main.s):04276                 PSHS    B,A             C function argument 2 of build_position_string(): int
13F9 30C88A           (           main.s):04277                 LEAX    -118,U          address of array stringy
13FC 3410             (           main.s):04278                 PSHS    X               C function argument 1 of build_position_string(): char[]
13FE BD0000           (           main.s):04279                 JSR     _build_position_string
1401 3268             (           main.s):04280                 LEAS    8,S
                      (           main.s):04281         * Line main.c:648: function call: print_str_c()
1403 30C88A           (           main.s):04282                 LEAX    -118,U          address of array stringy
1406 3410             (           main.s):04283                 PSHS    X               C function argument 3 of print_str_c(): char[]
1408 8EFF88           (           main.s):04284                 LDX     #$FF88          constant expression: 65416 decimal, signed (optim: optimizeConsecutiveFunctionArguments)
                      (           main.s):04285         * optim: optimizeConsecutiveFunctionArguments
140B 4F               (           main.s):04286                 CLRA
140C C678             (           main.s):04287                 LDB     #$78            decimal 120 signed
140E 3416             (           main.s):04288                 PSHS    X,B,A           C function argument 1 of print_str_c(): int (optim: optimizeConsecutiveFunctionArguments)
1410 BD0000           (           main.s):04289                 JSR     _print_str_c
1413 3266             (           main.s):04290                 LEAS    6,S
                      (           main.s):04291         * The if() condition at main.c:678 is always true
                      (           main.s):04292         * Line main.c:651: function call: build_rotation_string()
1415 BE0000           (           main.s):04293                 LDX     _playerrotation+2       member y of AnonStruct_main.c:16, via variable playerrotation (optim: optimizeConsecutiveFunctionArguments) (optim: removePCRIfRelocatabilityNotSupported)
                      (           main.s):04294         * optim: optimizeConsecutiveFunctionArguments
1418 FC0000           (           main.s):04295                 LDD     _playerrotation+0       member x of AnonStruct_main.c:16, via variable playerrotation (optim: removePCRIfRelocatabilityNotSupported)
141B 3416             (           main.s):04296                 PSHS    X,B,A           C function argument 2 of build_rotation_string(): int (optim: optimizeConsecutiveFunctionArguments)
141D 30C88A           (           main.s):04297                 LEAX    -118,U          address of array stringy
1420 3410             (           main.s):04298                 PSHS    X               C function argument 1 of build_rotation_string(): char[]
1422 BD0000           (           main.s):04299                 JSR     _build_rotation_string
1425 3266             (           main.s):04300                 LEAS    6,S
                      (           main.s):04301         * Line main.c:652: function call: print_str_c()
1427 30C88A           (           main.s):04302                 LEAX    -118,U          address of array stringy
142A 3410             (           main.s):04303                 PSHS    X               C function argument 3 of print_str_c(): char[]
142C 8EFF88           (           main.s):04304                 LDX     #$FF88          constant expression: 65416 decimal, signed (optim: optimizeConsecutiveFunctionArguments)
                      (           main.s):04305         * optim: optimizeConsecutiveFunctionArguments
142F 4F               (           main.s):04306                 CLRA
1430 C66E             (           main.s):04307                 LDB     #$6E            decimal 110 signed
1432 3416             (           main.s):04308                 PSHS    X,B,A           C function argument 1 of print_str_c(): int (optim: optimizeConsecutiveFunctionArguments)
1434 BD0000           (           main.s):04309                 JSR     _print_str_c
1437 3266             (           main.s):04310                 LEAS    6,S
                      (           main.s):04311         * Line main.c:681: init of variable p1
1439 4F               (           main.s):04312                 CLRA
143A C60A             (           main.s):04313                 LDB     #$0A            decimal 10 signed
143C ED52             (           main.s):04314                 STD     -14,U           offset in variable p1
143E CCFFF6           (           main.s):04315                 LDD     #$FFF6          constant expression: 65526 decimal, signed
1441 ED54             (           main.s):04316                 STD     -12,U           offset in variable p1
1443 4F               (           main.s):04317                 CLRA
1444 C61E             (           main.s):04318                 LDB     #$1E            decimal 30 signed
1446 ED56             (           main.s):04319                 STD     -10,U           offset in variable p1
                      (           main.s):04320         * Line main.c:682: function call: createcubeat()
1448 30C8C2           (           main.s):04321                 LEAX    -62,U           address of array out
144B 3410             (           main.s):04322                 PSHS    X               C function argument 3 of createcubeat(): struct AnonStruct_main.c:26[]
144D 30C8AA           (           main.s):04323                 LEAX    -86,U           address of array edges
1450 3410             (           main.s):04324                 PSHS    X               C function argument 2 of createcubeat(): char[][]
1452 3052             (           main.s):04325                 LEAX    -14,U           variable `p1', declared at main.c:681
1454 C606             (           main.s):04326                 LDB     #6              size of struct AnonStruct_main.c:26
1456 327A             (           main.s):04327                 LEAS    -6,S            pass struct AnonStruct_main.c:26 by value
1458 170000           (           main.s):04328                 LBSR    pushSmallStruct C function argument 1 of createcubeat(): struct AnonStruct_main.c:26
145B BD0000           (           main.s):04329                 JSR     _createcubeat
145E 326A             (           main.s):04330                 LEAS    10,S
                      (           main.s):04331         * Line main.c:683: function call: drawcube()
1460 30C8AA           (           main.s):04332                 LEAX    -86,U           address of array edges
1463 3410             (           main.s):04333                 PSHS    X               C function argument 2 of drawcube(): char[][]
1465 30C8C2           (           main.s):04334                 LEAX    -62,U           address of array out
1468 3410             (           main.s):04335                 PSHS    X               C function argument 1 of drawcube(): struct AnonStruct_main.c:26[]
146A BD0000           (           main.s):04336                 JSR     _drawcube
146D 3264             (           main.s):04337                 LEAS    4,S
                      (           main.s):04338         * Line main.c:684: init of variable p2
146F 4F               (           main.s):04339                 CLRA
1470 C60A             (           main.s):04340                 LDB     #$0A            decimal 10 signed
1472 ED58             (           main.s):04341                 STD     -8,U            offset in variable p2
1474 CCFFF6           (           main.s):04342                 LDD     #$FFF6          constant expression: 65526 decimal, signed
1477 ED5A             (           main.s):04343                 STD     -6,U            offset in variable p2
1479 4F               (           main.s):04344                 CLRA
147A C632             (           main.s):04345                 LDB     #$32            decimal 50 signed
147C ED5C             (           main.s):04346                 STD     -4,U            offset in variable p2
                      (           main.s):04347         * Line main.c:685: function call: createcubeat()
147E 30C8C2           (           main.s):04348                 LEAX    -62,U           address of array out
1481 3410             (           main.s):04349                 PSHS    X               C function argument 3 of createcubeat(): struct AnonStruct_main.c:26[]
1483 30C8AA           (           main.s):04350                 LEAX    -86,U           address of array edges
1486 3410             (           main.s):04351                 PSHS    X               C function argument 2 of createcubeat(): char[][]
1488 3058             (           main.s):04352                 LEAX    -8,U            variable `p2', declared at main.c:684
148A C606             (           main.s):04353                 LDB     #6              size of struct AnonStruct_main.c:26
148C 327A             (           main.s):04354                 LEAS    -6,S            pass struct AnonStruct_main.c:26 by value
148E 170000           (           main.s):04355                 LBSR    pushSmallStruct C function argument 1 of createcubeat(): struct AnonStruct_main.c:26
1491 BD0000           (           main.s):04356                 JSR     _createcubeat
1494 326A             (           main.s):04357                 LEAS    10,S
                      (           main.s):04358         * Line main.c:686: function call: drawcube()
1496 30C8AA           (           main.s):04359                 LEAX    -86,U           address of array edges
1499 3410             (           main.s):04360                 PSHS    X               C function argument 2 of drawcube(): char[][]
149B 30C8C2           (           main.s):04361                 LEAX    -62,U           address of array out
149E 3410             (           main.s):04362                 PSHS    X               C function argument 1 of drawcube(): struct AnonStruct_main.c:26[]
14A0 BD0000           (           main.s):04363                 JSR     _drawcube
14A3 3264             (           main.s):04364                 LEAS    4,S
                      (           main.s):04365         * Line main.c:688: init of variable buttons
                      (           main.s):04366         * Line main.c:688: function call: read_buttons()
14A5 BD0000           (           main.s):04367                 JSR     _read_buttons
14A8 E75E             (           main.s):04368                 STB     -2,U            variable buttons
                      (           main.s):04369         * Line main.c:689: init of variable joy
                      (           main.s):04370         * Line main.c:689: function call: read_joystick()
14AA 4F               (           main.s):04371                 CLRA
14AB C601             (           main.s):04372                 LDB     #$01            decimal 1 signed
14AD 3406             (           main.s):04373                 PSHS    B,A             C function argument 1 of read_joystick(): int
14AF BD0000           (           main.s):04374                 JSR     _read_joystick
14B2 3262             (           main.s):04375                 LEAS    2,S
14B4 E75F             (           main.s):04376                 STB     -1,U            variable joy
                      (           main.s):04377         * Line main.c:691: if
                      (           main.s):04378         * optim: storeLoad
14B6 C404             (           main.s):04379                 ANDB    #$04
                      (           main.s):04380         * optim: optimizeAndbTstb
14B8 270D             (           main.s):04381                 BEQ     L00330           (optim: condBranchOverUncondBranch)
                      (           main.s):04382         * optim: condBranchOverUncondBranch
                      (           main.s):04383         * Useless label L00329 removed
                      (           main.s):04384         * Line main.c:691
                      (           main.s):04385         * Line main.c:692: assignment: -=
                      (           main.s):04386         * optim: optimizeStackOperations5
                      (           main.s):04387         * optim: optimizeStackOperations5
                      (           main.s):04388         * optim: optimizeStackOperations5
14BA 8E0000           (           main.s):04389                 LDX     #_playerrotation+0      member x of AnonStruct_main.c:16, via variable playerrotation (optim: removePCRIfRelocatabilityNotSupported)
14BD EC84             (           main.s):04390                 LDD     ,X
14BF 830005           (           main.s):04391                 SUBD    #$05            optim: optimizeStackOperations5
14C2 ED84             (           main.s):04392                 STD     ,X
                      (           main.s):04393         * Line main.c:693: function call: UpdateDirections()
14C4 BD0000           (           main.s):04394                 JSR     _UpdateDirections
     14C7             (           main.s):04395         L00330  EQU     *               else clause of if() started at main.c:691
                      (           main.s):04396         * Useless label L00331 removed
                      (           main.s):04397         * Line main.c:697: if
14C7 E65F             (           main.s):04398                 LDB     -1,U            variable joy
14C9 C408             (           main.s):04399                 ANDB    #$08
                      (           main.s):04400         * optim: optimizeAndbTstb
14CB 270D             (           main.s):04401                 BEQ     L00333           (optim: condBranchOverUncondBranch)
                      (           main.s):04402         * optim: condBranchOverUncondBranch
                      (           main.s):04403         * Useless label L00332 removed
                      (           main.s):04404         * Line main.c:697
                      (           main.s):04405         * Line main.c:698: assignment: +=
                      (           main.s):04406         * optim: optimizeStackOperations5
                      (           main.s):04407         * optim: optimizeStackOperations5
                      (           main.s):04408         * optim: optimizeStackOperations5
14CD 8E0000           (           main.s):04409                 LDX     #_playerrotation+0      member x of AnonStruct_main.c:16, via variable playerrotation (optim: removePCRIfRelocatabilityNotSupported)
14D0 EC84             (           main.s):04410                 LDD     ,X
14D2 C30005           (           main.s):04411                 ADDD    #$05            optim: optimizeStackOperations5
14D5 ED84             (           main.s):04412                 STD     ,X
                      (           main.s):04413         * Line main.c:699: function call: UpdateDirections()
14D7 BD0000           (           main.s):04414                 JSR     _UpdateDirections
     14DA             (           main.s):04415         L00333  EQU     *               else clause of if() started at main.c:697
                      (           main.s):04416         * Useless label L00334 removed
                      (           main.s):04417         * Line main.c:703: if
14DA E65F             (           main.s):04418                 LDB     -1,U            variable joy
14DC C401             (           main.s):04419                 ANDB    #$01
                      (           main.s):04420         * optim: optimizeAndbTstb
14DE 2716             (           main.s):04421                 BEQ     L00336           (optim: condBranchOverUncondBranch)
                      (           main.s):04422         * optim: condBranchOverUncondBranch
                      (           main.s):04423         * Useless label L00337 removed
14E0 FC0000           (           main.s):04424                 LDD     _playerrotation+2       member y of AnonStruct_main.c:16, via variable playerrotation (optim: removePCRIfRelocatabilityNotSupported)
14E3 10830040         (           main.s):04425                 CMPD    #64
14E7 2C0D             (           main.s):04426                 BGE     L00336           (optim: condBranchOverUncondBranch)
                      (           main.s):04427         * optim: condBranchOverUncondBranch
                      (           main.s):04428         * Useless label L00335 removed
                      (           main.s):04429         * Line main.c:703
                      (           main.s):04430         * Line main.c:704: assignment: +=
                      (           main.s):04431         * optim: optimizeStackOperations5
                      (           main.s):04432         * optim: optimizeStackOperations5
                      (           main.s):04433         * optim: optimizeStackOperations5
14E9 8E0000           (           main.s):04434                 LDX     #_playerrotation+2      member y of AnonStruct_main.c:16, via variable playerrotation (optim: removePCRIfRelocatabilityNotSupported)
14EC EC84             (           main.s):04435                 LDD     ,X
14EE C30005           (           main.s):04436                 ADDD    #$05            optim: optimizeStackOperations5
14F1 ED84             (           main.s):04437                 STD     ,X
                      (           main.s):04438         * Line main.c:705: function call: UpdateDirections()
14F3 BD0000           (           main.s):04439                 JSR     _UpdateDirections
     14F6             (           main.s):04440         L00336  EQU     *               else clause of if() started at main.c:703
                      (           main.s):04441         * Useless label L00338 removed
                      (           main.s):04442         * Line main.c:709: if
14F6 E65F             (           main.s):04443                 LDB     -1,U            variable joy
14F8 C402             (           main.s):04444                 ANDB    #$02
                      (           main.s):04445         * optim: optimizeAndbTstb
14FA 2716             (           main.s):04446                 BEQ     L00340           (optim: condBranchOverUncondBranch)
                      (           main.s):04447         * optim: condBranchOverUncondBranch
                      (           main.s):04448         * Useless label L00341 removed
14FC FC0000           (           main.s):04449                 LDD     _playerrotation+2       member y of AnonStruct_main.c:16, via variable playerrotation (optim: removePCRIfRelocatabilityNotSupported)
14FF 1083FFC0         (           main.s):04450                 CMPD    #65472
1503 2F0D             (           main.s):04451                 BLE     L00340           (optim: condBranchOverUncondBranch)
                      (           main.s):04452         * optim: condBranchOverUncondBranch
                      (           main.s):04453         * Useless label L00339 removed
                      (           main.s):04454         * Line main.c:709
                      (           main.s):04455         * Line main.c:710: assignment: -=
                      (           main.s):04456         * optim: optimizeStackOperations5
                      (           main.s):04457         * optim: optimizeStackOperations5
                      (           main.s):04458         * optim: optimizeStackOperations5
1505 8E0000           (           main.s):04459                 LDX     #_playerrotation+2      member y of AnonStruct_main.c:16, via variable playerrotation (optim: removePCRIfRelocatabilityNotSupported)
1508 EC84             (           main.s):04460                 LDD     ,X
150A 830005           (           main.s):04461                 SUBD    #$05            optim: optimizeStackOperations5
150D ED84             (           main.s):04462                 STD     ,X
                      (           main.s):04463         * Line main.c:711: function call: UpdateDirections()
150F BD0000           (           main.s):04464                 JSR     _UpdateDirections
     1512             (           main.s):04465         L00340  EQU     *               else clause of if() started at main.c:709
                      (           main.s):04466         * Useless label L00342 removed
                      (           main.s):04467         * Line main.c:715: if
1512 E65E             (           main.s):04468                 LDB     -2,U            variable buttons
1514 C401             (           main.s):04469                 ANDB    #$01
                      (           main.s):04470         * optim: optimizeAndbTstb
1516 2715             (           main.s):04471                 BEQ     L00344           (optim: condBranchOverUncondBranch)
                      (           main.s):04472         * optim: condBranchOverUncondBranch
                      (           main.s):04473         * Useless label L00343 removed
                      (           main.s):04474         * Line main.c:715
                      (           main.s):04475         * Line main.c:716: init of variable move_angle
1518 FC0000           (           main.s):04476                 LDD     _playerrotation+0       member x of AnonStruct_main.c:16, via variable playerrotation (optim: removePCRIfRelocatabilityNotSupported)
151B C30080           (           main.s):04477                 ADDD    #128            add right side
                      (           main.s):04478         * Cast from `int' to byte: result already in B
151E E7C889           (           main.s):04479                 STB     -119,U          variable move_angle
                      (           main.s):04480         * Line main.c:717: function call: MovePlayer()
                      (           main.s):04481         * optim: storeLoad
1521 4F               (           main.s):04482                 CLRA                    promoting byte argument to word
1522 3406             (           main.s):04483                 PSHS    B,A             C function argument 2 of MovePlayer(): unsigned char
1524 C603             (           main.s):04484                 LDB     #$03            optim: changeLoadDToLoadB
1526 3406             (           main.s):04485                 PSHS    B,A             C function argument 1 of MovePlayer(): int
1528 BD0000           (           main.s):04486                 JSR     _MovePlayer
152B 3264             (           main.s):04487                 LEAS    4,S
     152D             (           main.s):04488         L00344  EQU     *               else clause of if() started at main.c:715
                      (           main.s):04489         * Useless label L00345 removed
                      (           main.s):04490         * Line main.c:720: if
152D E65E             (           main.s):04491                 LDB     -2,U            variable buttons
152F C402             (           main.s):04492                 ANDB    #$02
                      (           main.s):04493         * optim: optimizeAndbTstb
1531 2716             (           main.s):04494                 BEQ     L00347           (optim: condBranchOverUncondBranch)
                      (           main.s):04495         * optim: condBranchOverUncondBranch
                      (           main.s):04496         * Useless label L00346 removed
                      (           main.s):04497         * Line main.c:721
                      (           main.s):04498         * Line main.c:722: init of variable move_angle
1533 FC0000           (           main.s):04499                 LDD     _playerrotation+0       member x of AnonStruct_main.c:16, via variable playerrotation (optim: removePCRIfRelocatabilityNotSupported)
1536 C30080           (           main.s):04500                 ADDD    #128            add right side
                      (           main.s):04501         * Cast from `int' to byte: result already in B
1539 E7C889           (           main.s):04502                 STB     -119,U          variable move_angle
                      (           main.s):04503         * Line main.c:723: function call: MovePlayer()
                      (           main.s):04504         * optim: storeLoad
153C 4F               (           main.s):04505                 CLRA                    promoting byte argument to word
153D 3406             (           main.s):04506                 PSHS    B,A             C function argument 2 of MovePlayer(): unsigned char
153F CCFFFD           (           main.s):04507                 LDD     #$FFFD          constant expression: 65533 decimal, signed
1542 3406             (           main.s):04508                 PSHS    B,A             C function argument 1 of MovePlayer(): int
1544 BD0000           (           main.s):04509                 JSR     _MovePlayer
1547 3264             (           main.s):04510                 LEAS    4,S
     1549             (           main.s):04511         L00347  EQU     *               else clause of if() started at main.c:720
                      (           main.s):04512         * Useless label L00348 removed
                      (           main.s):04513         * Line main.c:726: if
1549 E65E             (           main.s):04514                 LDB     -2,U            variable buttons
154B C404             (           main.s):04515                 ANDB    #$04
                      (           main.s):04516         * optim: optimizeAndbTstb
154D 2715             (           main.s):04517                 BEQ     L00350           (optim: condBranchOverUncondBranch)
                      (           main.s):04518         * optim: condBranchOverUncondBranch
                      (           main.s):04519         * Useless label L00349 removed
                      (           main.s):04520         * Line main.c:726
                      (           main.s):04521         * Line main.c:727: init of variable move_angle
154F FC0000           (           main.s):04522                 LDD     _playerrotation+0       member x of AnonStruct_main.c:16, via variable playerrotation (optim: removePCRIfRelocatabilityNotSupported)
1552 C300C0           (           main.s):04523                 ADDD    #192            add right side
                      (           main.s):04524         * Cast from `int' to byte: result already in B
1555 E7C889           (           main.s):04525                 STB     -119,U          variable move_angle
                      (           main.s):04526         * Line main.c:728: function call: MovePlayer()
                      (           main.s):04527         * optim: storeLoad
1558 4F               (           main.s):04528                 CLRA                    promoting byte argument to word
1559 3406             (           main.s):04529                 PSHS    B,A             C function argument 2 of MovePlayer(): unsigned char
155B C603             (           main.s):04530                 LDB     #$03            optim: changeLoadDToLoadB
155D 3406             (           main.s):04531                 PSHS    B,A             C function argument 1 of MovePlayer(): int
155F BD0000           (           main.s):04532                 JSR     _MovePlayer
1562 3264             (           main.s):04533                 LEAS    4,S
     1564             (           main.s):04534         L00350  EQU     *               else clause of if() started at main.c:726
                      (           main.s):04535         * Useless label L00351 removed
                      (           main.s):04536         * Line main.c:731: if
1564 E65E             (           main.s):04537                 LDB     -2,U            variable buttons
1566 C408             (           main.s):04538                 ANDB    #$08
                      (           main.s):04539         * optim: optimizeAndbTstb
1568 2716             (           main.s):04540                 BEQ     L00353           (optim: condBranchOverUncondBranch)
                      (           main.s):04541         * optim: condBranchOverUncondBranch
                      (           main.s):04542         * Useless label L00352 removed
                      (           main.s):04543         * Line main.c:732
                      (           main.s):04544         * Line main.c:733: init of variable move_angle
156A FC0000           (           main.s):04545                 LDD     _playerrotation+0       member x of AnonStruct_main.c:16, via variable playerrotation (optim: removePCRIfRelocatabilityNotSupported)
156D C300C0           (           main.s):04546                 ADDD    #192            add right side
                      (           main.s):04547         * Cast from `int' to byte: result already in B
1570 E7C889           (           main.s):04548                 STB     -119,U          variable move_angle
                      (           main.s):04549         * Line main.c:734: function call: MovePlayer()
                      (           main.s):04550         * optim: storeLoad
1573 4F               (           main.s):04551                 CLRA                    promoting byte argument to word
1574 3406             (           main.s):04552                 PSHS    B,A             C function argument 2 of MovePlayer(): unsigned char
1576 CCFFFD           (           main.s):04553                 LDD     #$FFFD          constant expression: 65533 decimal, signed
1579 3406             (           main.s):04554                 PSHS    B,A             C function argument 1 of MovePlayer(): int
157B BD0000           (           main.s):04555                 JSR     _MovePlayer
157E 3264             (           main.s):04556                 LEAS    4,S
     1580             (           main.s):04557         L00353  EQU     *               else clause of if() started at main.c:731
                      (           main.s):04558         * Useless label L00354 removed
                      (           main.s):04559         * Line main.c:737: function call: terminal_render()
1580 BD0000           (           main.s):04560                 JSR     _terminal_render
     1583             (           main.s):04561         L00327  EQU     *               while condition at main.c:636
1583 16FE4C           (           main.s):04562                 LBRA    L00326          go to start of while body
                      (           main.s):04563         * Useless label L00328 removed
                      (           main.s):04564         * Line main.c:740: return with value
1586 4F               (           main.s):04565                 CLRA
1587 5F               (           main.s):04566                 CLRB
                      (           main.s):04567         * optim: branchToNextLocation
                      (           main.s):04568         * Useless label L00054 removed
1588 32C4             (           main.s):04569                 LEAS    ,U
158A 35C0             (           main.s):04570                 PULS    U,PC
                      (           main.s):04571         * END FUNCTION main(): defined at main.c:625
     158C             (           main.s):04572         funcend_main    EQU *
     01EB             (           main.s):04573         funcsize_main   EQU     funcend_main-_main
                      (           main.s):04574         
                      (           main.s):04575         
                      (           main.s):04576                 ENDSECTION
                      (           main.s):04577         
                      (           main.s):04578         
                      (           main.s):04579         
                      (           main.s):04580         
                      (           main.s):04581                 SECTION initgl_start
                      (           main.s):04582         
                      (           main.s):04583         
                      (           main.s):04584         INITGL  EXPORT
     0000             (           main.s):04585         INITGL  EQU     *
                      (           main.s):04586         
                      (           main.s):04587         
                      (           main.s):04588                 ENDSECTION
                      (           main.s):04589         
                      (           main.s):04590         
                      (           main.s):04591         
                      (           main.s):04592         
                      (           main.s):04593                 SECTION initgl
                      (           main.s):04594         
                      (           main.s):04595         
                      (           main.s):04596         
                      (           main.s):04597         
                      (           main.s):04598         *******************************************************************************
                      (           main.s):04599         
                      (           main.s):04600         * Initialize global variables.
                      (           main.s):04601         
                      (           main.s):04602         
                      (           main.s):04603                 ENDSECTION
                      (           main.s):04604         
                      (           main.s):04605         
                      (           main.s):04606         
                      (           main.s):04607         
                      (           main.s):04608                 SECTION rodata
                      (           main.s):04609         
                      (           main.s):04610         
     0000             (           main.s):04611         string_literals_start   EQU     *
                      (           main.s):04612         
                      (           main.s):04613         
                      (           main.s):04614         *******************************************************************************
                      (           main.s):04615         
                      (           main.s):04616         * STRING LITERALS
     0000             (           main.s):04617         S00055  EQU     *
0000 5445524D494E414C (           main.s):04618                 FCC     "TERMINAL INITIALIZED 0123456789"
     20494E495449414C
     495A454420303132
     33343536373839
001F 00               (           main.s):04619                 FCB     0
     0020             (           main.s):04620         string_literals_end     EQU     *
                      (           main.s):04621         
                      (           main.s):04622         
                      (           main.s):04623         *******************************************************************************
                      (           main.s):04624         
                      (           main.s):04625         * READ-ONLY GLOBAL VARIABLES
     0020             (           main.s):04626         _sin_table      EQU     *               sin_table: const unsigned char[]
                      (           main.s):04627         * Element 0 of array, of type const unsigned char
0020 00               (           main.s):04628                 FCB     $00             decimal 0
                      (           main.s):04629         * Element 1 of array, of type const unsigned char
0021 06               (           main.s):04630                 FCB     $06             decimal 6
                      (           main.s):04631         * Element 2 of array, of type const unsigned char
0022 0D               (           main.s):04632                 FCB     $0D             decimal 13
                      (           main.s):04633         * Element 3 of array, of type const unsigned char
0023 13               (           main.s):04634                 FCB     $13             decimal 19
                      (           main.s):04635         * Element 4 of array, of type const unsigned char
0024 19               (           main.s):04636                 FCB     $19             decimal 25
                      (           main.s):04637         * Element 5 of array, of type const unsigned char
0025 20               (           main.s):04638                 FCB     $20             decimal 32
                      (           main.s):04639         * Element 6 of array, of type const unsigned char
0026 26               (           main.s):04640                 FCB     $26             decimal 38
                      (           main.s):04641         * Element 7 of array, of type const unsigned char
0027 2C               (           main.s):04642                 FCB     $2C             decimal 44
                      (           main.s):04643         * Element 8 of array, of type const unsigned char
0028 33               (           main.s):04644                 FCB     $33             decimal 51
                      (           main.s):04645         * Element 9 of array, of type const unsigned char
0029 39               (           main.s):04646                 FCB     $39             decimal 57
                      (           main.s):04647         * Element 10 of array, of type const unsigned char
002A 3F               (           main.s):04648                 FCB     $3F             decimal 63
                      (           main.s):04649         * Element 11 of array, of type const unsigned char
002B 45               (           main.s):04650                 FCB     $45             decimal 69
                      (           main.s):04651         * Element 12 of array, of type const unsigned char
002C 4B               (           main.s):04652                 FCB     $4B             decimal 75
                      (           main.s):04653         * Element 13 of array, of type const unsigned char
002D 51               (           main.s):04654                 FCB     $51             decimal 81
                      (           main.s):04655         * Element 14 of array, of type const unsigned char
002E 57               (           main.s):04656                 FCB     $57             decimal 87
                      (           main.s):04657         * Element 15 of array, of type const unsigned char
002F 5D               (           main.s):04658                 FCB     $5D             decimal 93
                      (           main.s):04659         * Element 16 of array, of type const unsigned char
0030 63               (           main.s):04660                 FCB     $63             decimal 99
                      (           main.s):04661         * Element 17 of array, of type const unsigned char
0031 69               (           main.s):04662                 FCB     $69             decimal 105
                      (           main.s):04663         * Element 18 of array, of type const unsigned char
0032 6F               (           main.s):04664                 FCB     $6F             decimal 111
                      (           main.s):04665         * Element 19 of array, of type const unsigned char
0033 74               (           main.s):04666                 FCB     $74             decimal 116
                      (           main.s):04667         * Element 20 of array, of type const unsigned char
0034 7A               (           main.s):04668                 FCB     $7A             decimal 122
                      (           main.s):04669         * Element 21 of array, of type const unsigned char
0035 7F               (           main.s):04670                 FCB     $7F             decimal 127
                      (           main.s):04671         * Element 22 of array, of type const unsigned char
0036 85               (           main.s):04672                 FCB     $85             decimal 133
                      (           main.s):04673         * Element 23 of array, of type const unsigned char
0037 8A               (           main.s):04674                 FCB     $8A             decimal 138
                      (           main.s):04675         * Element 24 of array, of type const unsigned char
0038 90               (           main.s):04676                 FCB     $90             decimal 144
                      (           main.s):04677         * Element 25 of array, of type const unsigned char
0039 95               (           main.s):04678                 FCB     $95             decimal 149
                      (           main.s):04679         * Element 26 of array, of type const unsigned char
003A 9A               (           main.s):04680                 FCB     $9A             decimal 154
                      (           main.s):04681         * Element 27 of array, of type const unsigned char
003B 9F               (           main.s):04682                 FCB     $9F             decimal 159
                      (           main.s):04683         * Element 28 of array, of type const unsigned char
003C A4               (           main.s):04684                 FCB     $A4             decimal 164
                      (           main.s):04685         * Element 29 of array, of type const unsigned char
003D A9               (           main.s):04686                 FCB     $A9             decimal 169
                      (           main.s):04687         * Element 30 of array, of type const unsigned char
003E AD               (           main.s):04688                 FCB     $AD             decimal 173
                      (           main.s):04689         * Element 31 of array, of type const unsigned char
003F B2               (           main.s):04690                 FCB     $B2             decimal 178
                      (           main.s):04691         * Element 32 of array, of type const unsigned char
0040 B7               (           main.s):04692                 FCB     $B7             decimal 183
                      (           main.s):04693         * Element 33 of array, of type const unsigned char
0041 BB               (           main.s):04694                 FCB     $BB             decimal 187
                      (           main.s):04695         * Element 34 of array, of type const unsigned char
0042 BF               (           main.s):04696                 FCB     $BF             decimal 191
                      (           main.s):04697         * Element 35 of array, of type const unsigned char
0043 C3               (           main.s):04698                 FCB     $C3             decimal 195
                      (           main.s):04699         * Element 36 of array, of type const unsigned char
0044 C7               (           main.s):04700                 FCB     $C7             decimal 199
                      (           main.s):04701         * Element 37 of array, of type const unsigned char
0045 CB               (           main.s):04702                 FCB     $CB             decimal 203
                      (           main.s):04703         * Element 38 of array, of type const unsigned char
0046 CF               (           main.s):04704                 FCB     $CF             decimal 207
                      (           main.s):04705         * Element 39 of array, of type const unsigned char
0047 D3               (           main.s):04706                 FCB     $D3             decimal 211
                      (           main.s):04707         * Element 40 of array, of type const unsigned char
0048 D6               (           main.s):04708                 FCB     $D6             decimal 214
                      (           main.s):04709         * Element 41 of array, of type const unsigned char
0049 DA               (           main.s):04710                 FCB     $DA             decimal 218
                      (           main.s):04711         * Element 42 of array, of type const unsigned char
004A DD               (           main.s):04712                 FCB     $DD             decimal 221
                      (           main.s):04713         * Element 43 of array, of type const unsigned char
004B E0               (           main.s):04714                 FCB     $E0             decimal 224
                      (           main.s):04715         * Element 44 of array, of type const unsigned char
004C E3               (           main.s):04716                 FCB     $E3             decimal 227
                      (           main.s):04717         * Element 45 of array, of type const unsigned char
004D E6               (           main.s):04718                 FCB     $E6             decimal 230
                      (           main.s):04719         * Element 46 of array, of type const unsigned char
004E E8               (           main.s):04720                 FCB     $E8             decimal 232
                      (           main.s):04721         * Element 47 of array, of type const unsigned char
004F EB               (           main.s):04722                 FCB     $EB             decimal 235
                      (           main.s):04723         * Element 48 of array, of type const unsigned char
0050 ED               (           main.s):04724                 FCB     $ED             decimal 237
                      (           main.s):04725         * Element 49 of array, of type const unsigned char
0051 F0               (           main.s):04726                 FCB     $F0             decimal 240
                      (           main.s):04727         * Element 50 of array, of type const unsigned char
0052 F2               (           main.s):04728                 FCB     $F2             decimal 242
                      (           main.s):04729         * Element 51 of array, of type const unsigned char
0053 F4               (           main.s):04730                 FCB     $F4             decimal 244
                      (           main.s):04731         * Element 52 of array, of type const unsigned char
0054 F5               (           main.s):04732                 FCB     $F5             decimal 245
                      (           main.s):04733         * Element 53 of array, of type const unsigned char
0055 F7               (           main.s):04734                 FCB     $F7             decimal 247
                      (           main.s):04735         * Element 54 of array, of type const unsigned char
0056 F9               (           main.s):04736                 FCB     $F9             decimal 249
                      (           main.s):04737         * Element 55 of array, of type const unsigned char
0057 FA               (           main.s):04738                 FCB     $FA             decimal 250
                      (           main.s):04739         * Element 56 of array, of type const unsigned char
0058 FB               (           main.s):04740                 FCB     $FB             decimal 251
                      (           main.s):04741         * Element 57 of array, of type const unsigned char
0059 FC               (           main.s):04742                 FCB     $FC             decimal 252
                      (           main.s):04743         * Element 58 of array, of type const unsigned char
005A FD               (           main.s):04744                 FCB     $FD             decimal 253
                      (           main.s):04745         * Element 59 of array, of type const unsigned char
005B FE               (           main.s):04746                 FCB     $FE             decimal 254
                      (           main.s):04747         * Element 60 of array, of type const unsigned char
005C FE               (           main.s):04748                 FCB     $FE             decimal 254
                      (           main.s):04749         * Element 61 of array, of type const unsigned char
005D FF               (           main.s):04750                 FCB     $FF             decimal 255
                      (           main.s):04751         * Element 62 of array, of type const unsigned char
005E FF               (           main.s):04752                 FCB     $FF             decimal 255
                      (           main.s):04753         * Element 63 of array, of type const unsigned char
005F FF               (           main.s):04754                 FCB     $FF             decimal 255
     0060             (           main.s):04755         _recip_table    EQU     *               recip_table: const unsigned int[]
                      (           main.s):04756         * Element 0 of array, of type const unsigned int
0060 0000             (           main.s):04757                 FDB     $00             decimal 0
                      (           main.s):04758         * Element 1 of array, of type const unsigned int
0062 0000             (           main.s):04759                 FDB     $00             decimal 0
                      (           main.s):04760         * Element 2 of array, of type const unsigned int
0064 0000             (           main.s):04761                 FDB     $00             decimal 0
                      (           main.s):04762         * Element 3 of array, of type const unsigned int
0066 0000             (           main.s):04763                 FDB     $00             decimal 0
                      (           main.s):04764         * Element 4 of array, of type const unsigned int
0068 0000             (           main.s):04765                 FDB     $00             decimal 0
                      (           main.s):04766         * Element 5 of array, of type const unsigned int
006A 0000             (           main.s):04767                 FDB     $00             decimal 0
                      (           main.s):04768         * Element 6 of array, of type const unsigned int
006C 0000             (           main.s):04769                 FDB     $00             decimal 0
                      (           main.s):04770         * Element 7 of array, of type const unsigned int
006E 0000             (           main.s):04771                 FDB     $00             decimal 0
                      (           main.s):04772         * Element 8 of array, of type const unsigned int
0070 0000             (           main.s):04773                 FDB     $00             decimal 0
                      (           main.s):04774         * Element 9 of array, of type const unsigned int
0072 0000             (           main.s):04775                 FDB     $00             decimal 0
                      (           main.s):04776         * Element 10 of array, of type const unsigned int
0074 0000             (           main.s):04777                 FDB     $00             decimal 0
                      (           main.s):04778         * Element 11 of array, of type const unsigned int
0076 0000             (           main.s):04779                 FDB     $00             decimal 0
                      (           main.s):04780         * Element 12 of array, of type const unsigned int
0078 0000             (           main.s):04781                 FDB     $00             decimal 0
                      (           main.s):04782         * Element 13 of array, of type const unsigned int
007A 0000             (           main.s):04783                 FDB     $00             decimal 0
                      (           main.s):04784         * Element 14 of array, of type const unsigned int
007C 0000             (           main.s):04785                 FDB     $00             decimal 0
                      (           main.s):04786         * Element 15 of array, of type const unsigned int
007E 0000             (           main.s):04787                 FDB     $00             decimal 0
                      (           main.s):04788         * Element 16 of array, of type const unsigned int
0080 FFFF             (           main.s):04789                 FDB     $FFFF           decimal 65535
                      (           main.s):04790         * Element 17 of array, of type const unsigned int
0082 F0F0             (           main.s):04791                 FDB     $F0F0           decimal 61680
                      (           main.s):04792         * Element 18 of array, of type const unsigned int
0084 E38D             (           main.s):04793                 FDB     $E38D           decimal 58253
                      (           main.s):04794         * Element 19 of array, of type const unsigned int
0086 D793             (           main.s):04795                 FDB     $D793           decimal 55187
                      (           main.s):04796         * Element 20 of array, of type const unsigned int
0088 CCCC             (           main.s):04797                 FDB     $CCCC           decimal 52428
                      (           main.s):04798         * Element 21 of array, of type const unsigned int
008A C30B             (           main.s):04799                 FDB     $C30B           decimal 49931
                      (           main.s):04800         * Element 22 of array, of type const unsigned int
008C BA2D             (           main.s):04801                 FDB     $BA2D           decimal 47661
                      (           main.s):04802         * Element 23 of array, of type const unsigned int
008E B215             (           main.s):04803                 FDB     $B215           decimal 45589
                      (           main.s):04804         * Element 24 of array, of type const unsigned int
0090 AAAA             (           main.s):04805                 FDB     $AAAA           decimal 43690
                      (           main.s):04806         * Element 25 of array, of type const unsigned int
0092 A3D6             (           main.s):04807                 FDB     $A3D6           decimal 41942
                      (           main.s):04808         * Element 26 of array, of type const unsigned int
0094 9D89             (           main.s):04809                 FDB     $9D89           decimal 40329
                      (           main.s):04810         * Element 27 of array, of type const unsigned int
0096 97B3             (           main.s):04811                 FDB     $97B3           decimal 38835
                      (           main.s):04812         * Element 28 of array, of type const unsigned int
0098 9248             (           main.s):04813                 FDB     $9248           decimal 37448
                      (           main.s):04814         * Element 29 of array, of type const unsigned int
009A 8D3D             (           main.s):04815                 FDB     $8D3D           decimal 36157
                      (           main.s):04816         * Element 30 of array, of type const unsigned int
009C 8888             (           main.s):04817                 FDB     $8888           decimal 34952
                      (           main.s):04818         * Element 31 of array, of type const unsigned int
009E 8420             (           main.s):04819                 FDB     $8420           decimal 33824
                      (           main.s):04820         * Element 32 of array, of type const unsigned int
00A0 7FFF             (           main.s):04821                 FDB     $7FFF           decimal 32767
                      (           main.s):04822         * Element 33 of array, of type const unsigned int
00A2 7C1E             (           main.s):04823                 FDB     $7C1E           decimal 31774
                      (           main.s):04824         * Element 34 of array, of type const unsigned int
00A4 7878             (           main.s):04825                 FDB     $7878           decimal 30840
                      (           main.s):04826         * Element 35 of array, of type const unsigned int
00A6 7506             (           main.s):04827                 FDB     $7506           decimal 29958
                      (           main.s):04828         * Element 36 of array, of type const unsigned int
00A8 71C6             (           main.s):04829                 FDB     $71C6           decimal 29126
                      (           main.s):04830         * Element 37 of array, of type const unsigned int
00AA 6EB3             (           main.s):04831                 FDB     $6EB3           decimal 28339
                      (           main.s):04832         * Element 38 of array, of type const unsigned int
00AC 6BC9             (           main.s):04833                 FDB     $6BC9           decimal 27593
                      (           main.s):04834         * Element 39 of array, of type const unsigned int
00AE 6906             (           main.s):04835                 FDB     $6906           decimal 26886
                      (           main.s):04836         * Element 40 of array, of type const unsigned int
00B0 6666             (           main.s):04837                 FDB     $6666           decimal 26214
                      (           main.s):04838         * Element 41 of array, of type const unsigned int
00B2 63E6             (           main.s):04839                 FDB     $63E6           decimal 25574
                      (           main.s):04840         * Element 42 of array, of type const unsigned int
00B4 6185             (           main.s):04841                 FDB     $6185           decimal 24965
                      (           main.s):04842         * Element 43 of array, of type const unsigned int
00B6 5F41             (           main.s):04843                 FDB     $5F41           decimal 24385
                      (           main.s):04844         * Element 44 of array, of type const unsigned int
00B8 5D16             (           main.s):04845                 FDB     $5D16           decimal 23830
                      (           main.s):04846         * Element 45 of array, of type const unsigned int
00BA 5B05             (           main.s):04847                 FDB     $5B05           decimal 23301
                      (           main.s):04848         * Element 46 of array, of type const unsigned int
00BC 590A             (           main.s):04849                 FDB     $590A           decimal 22794
                      (           main.s):04850         * Element 47 of array, of type const unsigned int
00BE 5725             (           main.s):04851                 FDB     $5725           decimal 22309
                      (           main.s):04852         * Element 48 of array, of type const unsigned int
00C0 5555             (           main.s):04853                 FDB     $5555           decimal 21845
                      (           main.s):04854         * Element 49 of array, of type const unsigned int
00C2 5397             (           main.s):04855                 FDB     $5397           decimal 21399
                      (           main.s):04856         * Element 50 of array, of type const unsigned int
00C4 51EB             (           main.s):04857                 FDB     $51EB           decimal 20971
                      (           main.s):04858         * Element 51 of array, of type const unsigned int
00C6 5050             (           main.s):04859                 FDB     $5050           decimal 20560
                      (           main.s):04860         * Element 52 of array, of type const unsigned int
00C8 4EC4             (           main.s):04861                 FDB     $4EC4           decimal 20164
                      (           main.s):04862         * Element 53 of array, of type const unsigned int
00CA 4D48             (           main.s):04863                 FDB     $4D48           decimal 19784
                      (           main.s):04864         * Element 54 of array, of type const unsigned int
00CC 4BD9             (           main.s):04865                 FDB     $4BD9           decimal 19417
                      (           main.s):04866         * Element 55 of array, of type const unsigned int
00CE 4A78             (           main.s):04867                 FDB     $4A78           decimal 19064
                      (           main.s):04868         * Element 56 of array, of type const unsigned int
00D0 4924             (           main.s):04869                 FDB     $4924           decimal 18724
                      (           main.s):04870         * Element 57 of array, of type const unsigned int
00D2 47DB             (           main.s):04871                 FDB     $47DB           decimal 18395
                      (           main.s):04872         * Element 58 of array, of type const unsigned int
00D4 469E             (           main.s):04873                 FDB     $469E           decimal 18078
                      (           main.s):04874         * Element 59 of array, of type const unsigned int
00D6 456C             (           main.s):04875                 FDB     $456C           decimal 17772
                      (           main.s):04876         * Element 60 of array, of type const unsigned int
00D8 4444             (           main.s):04877                 FDB     $4444           decimal 17476
                      (           main.s):04878         * Element 61 of array, of type const unsigned int
00DA 4325             (           main.s):04879                 FDB     $4325           decimal 17189
                      (           main.s):04880         * Element 62 of array, of type const unsigned int
00DC 4210             (           main.s):04881                 FDB     $4210           decimal 16912
                      (           main.s):04882         * Element 63 of array, of type const unsigned int
00DE 4103             (           main.s):04883                 FDB     $4103           decimal 16643
                      (           main.s):04884         * Element 64 of array, of type const unsigned int
00E0 3FFF             (           main.s):04885                 FDB     $3FFF           decimal 16383
                      (           main.s):04886         * Element 65 of array, of type const unsigned int
00E2 3F03             (           main.s):04887                 FDB     $3F03           decimal 16131
                      (           main.s):04888         * Element 66 of array, of type const unsigned int
00E4 3E0F             (           main.s):04889                 FDB     $3E0F           decimal 15887
                      (           main.s):04890         * Element 67 of array, of type const unsigned int
00E6 3D22             (           main.s):04891                 FDB     $3D22           decimal 15650
                      (           main.s):04892         * Element 68 of array, of type const unsigned int
00E8 3C3C             (           main.s):04893                 FDB     $3C3C           decimal 15420
                      (           main.s):04894         * Element 69 of array, of type const unsigned int
00EA 3B5C             (           main.s):04895                 FDB     $3B5C           decimal 15196
                      (           main.s):04896         * Element 70 of array, of type const unsigned int
00EC 3A83             (           main.s):04897                 FDB     $3A83           decimal 14979
                      (           main.s):04898         * Element 71 of array, of type const unsigned int
00EE 39B0             (           main.s):04899                 FDB     $39B0           decimal 14768
                      (           main.s):04900         * Element 72 of array, of type const unsigned int
00F0 38E3             (           main.s):04901                 FDB     $38E3           decimal 14563
                      (           main.s):04902         * Element 73 of array, of type const unsigned int
00F2 381B             (           main.s):04903                 FDB     $381B           decimal 14363
                      (           main.s):04904         * Element 74 of array, of type const unsigned int
00F4 3759             (           main.s):04905                 FDB     $3759           decimal 14169
                      (           main.s):04906         * Element 75 of array, of type const unsigned int
00F6 369C             (           main.s):04907                 FDB     $369C           decimal 13980
                      (           main.s):04908         * Element 76 of array, of type const unsigned int
00F8 35E4             (           main.s):04909                 FDB     $35E4           decimal 13796
                      (           main.s):04910         * Element 77 of array, of type const unsigned int
00FA 3531             (           main.s):04911                 FDB     $3531           decimal 13617
                      (           main.s):04912         * Element 78 of array, of type const unsigned int
00FC 3483             (           main.s):04913                 FDB     $3483           decimal 13443
                      (           main.s):04914         * Element 79 of array, of type const unsigned int
00FE 33D8             (           main.s):04915                 FDB     $33D8           decimal 13272
                      (           main.s):04916         * Element 80 of array, of type const unsigned int
0100 3333             (           main.s):04917                 FDB     $3333           decimal 13107
                      (           main.s):04918         * Element 81 of array, of type const unsigned int
0102 3291             (           main.s):04919                 FDB     $3291           decimal 12945
                      (           main.s):04920         * Element 82 of array, of type const unsigned int
0104 31F3             (           main.s):04921                 FDB     $31F3           decimal 12787
                      (           main.s):04922         * Element 83 of array, of type const unsigned int
0106 3159             (           main.s):04923                 FDB     $3159           decimal 12633
                      (           main.s):04924         * Element 84 of array, of type const unsigned int
0108 30C2             (           main.s):04925                 FDB     $30C2           decimal 12482
                      (           main.s):04926         * Element 85 of array, of type const unsigned int
010A 3030             (           main.s):04927                 FDB     $3030           decimal 12336
                      (           main.s):04928         * Element 86 of array, of type const unsigned int
010C 2FA0             (           main.s):04929                 FDB     $2FA0           decimal 12192
                      (           main.s):04930         * Element 87 of array, of type const unsigned int
010E 2F14             (           main.s):04931                 FDB     $2F14           decimal 12052
                      (           main.s):04932         * Element 88 of array, of type const unsigned int
0110 2E8B             (           main.s):04933                 FDB     $2E8B           decimal 11915
                      (           main.s):04934         * Element 89 of array, of type const unsigned int
0112 2E05             (           main.s):04935                 FDB     $2E05           decimal 11781
                      (           main.s):04936         * Element 90 of array, of type const unsigned int
0114 2D82             (           main.s):04937                 FDB     $2D82           decimal 11650
                      (           main.s):04938         * Element 91 of array, of type const unsigned int
0116 2D02             (           main.s):04939                 FDB     $2D02           decimal 11522
                      (           main.s):04940         * Element 92 of array, of type const unsigned int
0118 2C85             (           main.s):04941                 FDB     $2C85           decimal 11397
                      (           main.s):04942         * Element 93 of array, of type const unsigned int
011A 2C0A             (           main.s):04943                 FDB     $2C0A           decimal 11274
                      (           main.s):04944         * Element 94 of array, of type const unsigned int
011C 2B92             (           main.s):04945                 FDB     $2B92           decimal 11154
                      (           main.s):04946         * Element 95 of array, of type const unsigned int
011E 2B1D             (           main.s):04947                 FDB     $2B1D           decimal 11037
                      (           main.s):04948         * Element 96 of array, of type const unsigned int
0120 2AAA             (           main.s):04949                 FDB     $2AAA           decimal 10922
                      (           main.s):04950         * Element 97 of array, of type const unsigned int
0122 2A39             (           main.s):04951                 FDB     $2A39           decimal 10809
                      (           main.s):04952         * Element 98 of array, of type const unsigned int
0124 29CB             (           main.s):04953                 FDB     $29CB           decimal 10699
                      (           main.s):04954         * Element 99 of array, of type const unsigned int
0126 295F             (           main.s):04955                 FDB     $295F           decimal 10591
                      (           main.s):04956         * Element 100 of array, of type const unsigned int
0128 28F5             (           main.s):04957                 FDB     $28F5           decimal 10485
                      (           main.s):04958         * Element 101 of array, of type const unsigned int
012A 288D             (           main.s):04959                 FDB     $288D           decimal 10381
                      (           main.s):04960         * Element 102 of array, of type const unsigned int
012C 2828             (           main.s):04961                 FDB     $2828           decimal 10280
                      (           main.s):04962         * Element 103 of array, of type const unsigned int
012E 27C4             (           main.s):04963                 FDB     $27C4           decimal 10180
                      (           main.s):04964         * Element 104 of array, of type const unsigned int
0130 2762             (           main.s):04965                 FDB     $2762           decimal 10082
                      (           main.s):04966         * Element 105 of array, of type const unsigned int
0132 2702             (           main.s):04967                 FDB     $2702           decimal 9986
                      (           main.s):04968         * Element 106 of array, of type const unsigned int
0134 26A4             (           main.s):04969                 FDB     $26A4           decimal 9892
                      (           main.s):04970         * Element 107 of array, of type const unsigned int
0136 2647             (           main.s):04971                 FDB     $2647           decimal 9799
                      (           main.s):04972         * Element 108 of array, of type const unsigned int
0138 25EC             (           main.s):04973                 FDB     $25EC           decimal 9708
                      (           main.s):04974         * Element 109 of array, of type const unsigned int
013A 2593             (           main.s):04975                 FDB     $2593           decimal 9619
                      (           main.s):04976         * Element 110 of array, of type const unsigned int
013C 253C             (           main.s):04977                 FDB     $253C           decimal 9532
                      (           main.s):04978         * Element 111 of array, of type const unsigned int
013E 24E6             (           main.s):04979                 FDB     $24E6           decimal 9446
                      (           main.s):04980         * Element 112 of array, of type const unsigned int
0140 2492             (           main.s):04981                 FDB     $2492           decimal 9362
                      (           main.s):04982         * Element 113 of array, of type const unsigned int
0142 243F             (           main.s):04983                 FDB     $243F           decimal 9279
                      (           main.s):04984         * Element 114 of array, of type const unsigned int
0144 23ED             (           main.s):04985                 FDB     $23ED           decimal 9197
                      (           main.s):04986         * Element 115 of array, of type const unsigned int
0146 239D             (           main.s):04987                 FDB     $239D           decimal 9117
                      (           main.s):04988         * Element 116 of array, of type const unsigned int
0148 234F             (           main.s):04989                 FDB     $234F           decimal 9039
                      (           main.s):04990         * Element 117 of array, of type const unsigned int
014A 2302             (           main.s):04991                 FDB     $2302           decimal 8962
                      (           main.s):04992         * Element 118 of array, of type const unsigned int
014C 22B6             (           main.s):04993                 FDB     $22B6           decimal 8886
                      (           main.s):04994         * Element 119 of array, of type const unsigned int
014E 226B             (           main.s):04995                 FDB     $226B           decimal 8811
                      (           main.s):04996         * Element 120 of array, of type const unsigned int
0150 2222             (           main.s):04997                 FDB     $2222           decimal 8738
                      (           main.s):04998         * Element 121 of array, of type const unsigned int
0152 21D9             (           main.s):04999                 FDB     $21D9           decimal 8665
                      (           main.s):05000         * Element 122 of array, of type const unsigned int
0154 2192             (           main.s):05001                 FDB     $2192           decimal 8594
                      (           main.s):05002         * Element 123 of array, of type const unsigned int
0156 214C             (           main.s):05003                 FDB     $214C           decimal 8524
                      (           main.s):05004         * Element 124 of array, of type const unsigned int
0158 2108             (           main.s):05005                 FDB     $2108           decimal 8456
                      (           main.s):05006         * Element 125 of array, of type const unsigned int
015A 20C4             (           main.s):05007                 FDB     $20C4           decimal 8388
                      (           main.s):05008         * Element 126 of array, of type const unsigned int
015C 2081             (           main.s):05009                 FDB     $2081           decimal 8321
                      (           main.s):05010         * Element 127 of array, of type const unsigned int
015E 2040             (           main.s):05011                 FDB     $2040           decimal 8256
                      (           main.s):05012         * Element 128 of array, of type const unsigned int
0160 1FFF             (           main.s):05013                 FDB     $1FFF           decimal 8191
                      (           main.s):05014         * Element 129 of array, of type const unsigned int
0162 1FC0             (           main.s):05015                 FDB     $1FC0           decimal 8128
                      (           main.s):05016         * Element 130 of array, of type const unsigned int
0164 1F81             (           main.s):05017                 FDB     $1F81           decimal 8065
                      (           main.s):05018         * Element 131 of array, of type const unsigned int
0166 1F44             (           main.s):05019                 FDB     $1F44           decimal 8004
                      (           main.s):05020         * Element 132 of array, of type const unsigned int
0168 1F07             (           main.s):05021                 FDB     $1F07           decimal 7943
                      (           main.s):05022         * Element 133 of array, of type const unsigned int
016A 1ECB             (           main.s):05023                 FDB     $1ECB           decimal 7883
                      (           main.s):05024         * Element 134 of array, of type const unsigned int
016C 1E91             (           main.s):05025                 FDB     $1E91           decimal 7825
                      (           main.s):05026         * Element 135 of array, of type const unsigned int
016E 1E57             (           main.s):05027                 FDB     $1E57           decimal 7767
                      (           main.s):05028         * Element 136 of array, of type const unsigned int
0170 1E1E             (           main.s):05029                 FDB     $1E1E           decimal 7710
                      (           main.s):05030         * Element 137 of array, of type const unsigned int
0172 1DE5             (           main.s):05031                 FDB     $1DE5           decimal 7653
                      (           main.s):05032         * Element 138 of array, of type const unsigned int
0174 1DAE             (           main.s):05033                 FDB     $1DAE           decimal 7598
                      (           main.s):05034         * Element 139 of array, of type const unsigned int
0176 1D77             (           main.s):05035                 FDB     $1D77           decimal 7543
                      (           main.s):05036         * Element 140 of array, of type const unsigned int
0178 1D41             (           main.s):05037                 FDB     $1D41           decimal 7489
                      (           main.s):05038         * Element 141 of array, of type const unsigned int
017A 1D0C             (           main.s):05039                 FDB     $1D0C           decimal 7436
                      (           main.s):05040         * Element 142 of array, of type const unsigned int
017C 1CD8             (           main.s):05041                 FDB     $1CD8           decimal 7384
                      (           main.s):05042         * Element 143 of array, of type const unsigned int
017E 1CA4             (           main.s):05043                 FDB     $1CA4           decimal 7332
                      (           main.s):05044         * Element 144 of array, of type const unsigned int
0180 1C71             (           main.s):05045                 FDB     $1C71           decimal 7281
                      (           main.s):05046         * Element 145 of array, of type const unsigned int
0182 1C3F             (           main.s):05047                 FDB     $1C3F           decimal 7231
                      (           main.s):05048         * Element 146 of array, of type const unsigned int
0184 1C0D             (           main.s):05049                 FDB     $1C0D           decimal 7181
                      (           main.s):05050         * Element 147 of array, of type const unsigned int
0186 1BDD             (           main.s):05051                 FDB     $1BDD           decimal 7133
                      (           main.s):05052         * Element 148 of array, of type const unsigned int
0188 1BAC             (           main.s):05053                 FDB     $1BAC           decimal 7084
                      (           main.s):05054         * Element 149 of array, of type const unsigned int
018A 1B7D             (           main.s):05055                 FDB     $1B7D           decimal 7037
                      (           main.s):05056         * Element 150 of array, of type const unsigned int
018C 1B4E             (           main.s):05057                 FDB     $1B4E           decimal 6990
                      (           main.s):05058         * Element 151 of array, of type const unsigned int
018E 1B20             (           main.s):05059                 FDB     $1B20           decimal 6944
                      (           main.s):05060         * Element 152 of array, of type const unsigned int
0190 1AF2             (           main.s):05061                 FDB     $1AF2           decimal 6898
                      (           main.s):05062         * Element 153 of array, of type const unsigned int
0192 1AC5             (           main.s):05063                 FDB     $1AC5           decimal 6853
                      (           main.s):05064         * Element 154 of array, of type const unsigned int
0194 1A98             (           main.s):05065                 FDB     $1A98           decimal 6808
                      (           main.s):05066         * Element 155 of array, of type const unsigned int
0196 1A6C             (           main.s):05067                 FDB     $1A6C           decimal 6764
                      (           main.s):05068         * Element 156 of array, of type const unsigned int
0198 1A41             (           main.s):05069                 FDB     $1A41           decimal 6721
                      (           main.s):05070         * Element 157 of array, of type const unsigned int
019A 1A16             (           main.s):05071                 FDB     $1A16           decimal 6678
                      (           main.s):05072         * Element 158 of array, of type const unsigned int
019C 19EC             (           main.s):05073                 FDB     $19EC           decimal 6636
                      (           main.s):05074         * Element 159 of array, of type const unsigned int
019E 19C2             (           main.s):05075                 FDB     $19C2           decimal 6594
                      (           main.s):05076         * Element 160 of array, of type const unsigned int
01A0 1999             (           main.s):05077                 FDB     $1999           decimal 6553
                      (           main.s):05078         * Element 161 of array, of type const unsigned int
01A2 1970             (           main.s):05079                 FDB     $1970           decimal 6512
                      (           main.s):05080         * Element 162 of array, of type const unsigned int
01A4 1948             (           main.s):05081                 FDB     $1948           decimal 6472
                      (           main.s):05082         * Element 163 of array, of type const unsigned int
01A6 1920             (           main.s):05083                 FDB     $1920           decimal 6432
                      (           main.s):05084         * Element 164 of array, of type const unsigned int
01A8 18F9             (           main.s):05085                 FDB     $18F9           decimal 6393
                      (           main.s):05086         * Element 165 of array, of type const unsigned int
01AA 18D2             (           main.s):05087                 FDB     $18D2           decimal 6354
                      (           main.s):05088         * Element 166 of array, of type const unsigned int
01AC 18AC             (           main.s):05089                 FDB     $18AC           decimal 6316
                      (           main.s):05090         * Element 167 of array, of type const unsigned int
01AE 1886             (           main.s):05091                 FDB     $1886           decimal 6278
                      (           main.s):05092         * Element 168 of array, of type const unsigned int
01B0 1861             (           main.s):05093                 FDB     $1861           decimal 6241
                      (           main.s):05094         * Element 169 of array, of type const unsigned int
01B2 183C             (           main.s):05095                 FDB     $183C           decimal 6204
                      (           main.s):05096         * Element 170 of array, of type const unsigned int
01B4 1818             (           main.s):05097                 FDB     $1818           decimal 6168
                      (           main.s):05098         * Element 171 of array, of type const unsigned int
01B6 17F3             (           main.s):05099                 FDB     $17F3           decimal 6131
                      (           main.s):05100         * Element 172 of array, of type const unsigned int
01B8 17D0             (           main.s):05101                 FDB     $17D0           decimal 6096
                      (           main.s):05102         * Element 173 of array, of type const unsigned int
01BA 17AD             (           main.s):05103                 FDB     $17AD           decimal 6061
                      (           main.s):05104         * Element 174 of array, of type const unsigned int
01BC 178A             (           main.s):05105                 FDB     $178A           decimal 6026
                      (           main.s):05106         * Element 175 of array, of type const unsigned int
01BE 1767             (           main.s):05107                 FDB     $1767           decimal 5991
                      (           main.s):05108         * Element 176 of array, of type const unsigned int
01C0 1745             (           main.s):05109                 FDB     $1745           decimal 5957
                      (           main.s):05110         * Element 177 of array, of type const unsigned int
01C2 1724             (           main.s):05111                 FDB     $1724           decimal 5924
                      (           main.s):05112         * Element 178 of array, of type const unsigned int
01C4 1702             (           main.s):05113                 FDB     $1702           decimal 5890
                      (           main.s):05114         * Element 179 of array, of type const unsigned int
01C6 16E1             (           main.s):05115                 FDB     $16E1           decimal 5857
                      (           main.s):05116         * Element 180 of array, of type const unsigned int
01C8 16C1             (           main.s):05117                 FDB     $16C1           decimal 5825
                      (           main.s):05118         * Element 181 of array, of type const unsigned int
01CA 16A1             (           main.s):05119                 FDB     $16A1           decimal 5793
                      (           main.s):05120         * Element 182 of array, of type const unsigned int
01CC 1681             (           main.s):05121                 FDB     $1681           decimal 5761
                      (           main.s):05122         * Element 183 of array, of type const unsigned int
01CE 1661             (           main.s):05123                 FDB     $1661           decimal 5729
                      (           main.s):05124         * Element 184 of array, of type const unsigned int
01D0 1642             (           main.s):05125                 FDB     $1642           decimal 5698
                      (           main.s):05126         * Element 185 of array, of type const unsigned int
01D2 1623             (           main.s):05127                 FDB     $1623           decimal 5667
                      (           main.s):05128         * Element 186 of array, of type const unsigned int
01D4 1605             (           main.s):05129                 FDB     $1605           decimal 5637
                      (           main.s):05130         * Element 187 of array, of type const unsigned int
01D6 15E7             (           main.s):05131                 FDB     $15E7           decimal 5607
                      (           main.s):05132         * Element 188 of array, of type const unsigned int
01D8 15C9             (           main.s):05133                 FDB     $15C9           decimal 5577
                      (           main.s):05134         * Element 189 of array, of type const unsigned int
01DA 15AB             (           main.s):05135                 FDB     $15AB           decimal 5547
                      (           main.s):05136         * Element 190 of array, of type const unsigned int
01DC 158E             (           main.s):05137                 FDB     $158E           decimal 5518
                      (           main.s):05138         * Element 191 of array, of type const unsigned int
01DE 1571             (           main.s):05139                 FDB     $1571           decimal 5489
                      (           main.s):05140         * Element 192 of array, of type const unsigned int
01E0 1555             (           main.s):05141                 FDB     $1555           decimal 5461
                      (           main.s):05142         * Element 193 of array, of type const unsigned int
01E2 1538             (           main.s):05143                 FDB     $1538           decimal 5432
                      (           main.s):05144         * Element 194 of array, of type const unsigned int
01E4 151C             (           main.s):05145                 FDB     $151C           decimal 5404
                      (           main.s):05146         * Element 195 of array, of type const unsigned int
01E6 1501             (           main.s):05147                 FDB     $1501           decimal 5377
                      (           main.s):05148         * Element 196 of array, of type const unsigned int
01E8 14E5             (           main.s):05149                 FDB     $14E5           decimal 5349
                      (           main.s):05150         * Element 197 of array, of type const unsigned int
01EA 14CA             (           main.s):05151                 FDB     $14CA           decimal 5322
                      (           main.s):05152         * Element 198 of array, of type const unsigned int
01EC 14AF             (           main.s):05153                 FDB     $14AF           decimal 5295
                      (           main.s):05154         * Element 199 of array, of type const unsigned int
01EE 1495             (           main.s):05155                 FDB     $1495           decimal 5269
                      (           main.s):05156         * Element 200 of array, of type const unsigned int
01F0 147A             (           main.s):05157                 FDB     $147A           decimal 5242
                      (           main.s):05158         * Element 201 of array, of type const unsigned int
01F2 1460             (           main.s):05159                 FDB     $1460           decimal 5216
                      (           main.s):05160         * Element 202 of array, of type const unsigned int
01F4 1446             (           main.s):05161                 FDB     $1446           decimal 5190
                      (           main.s):05162         * Element 203 of array, of type const unsigned int
01F6 142D             (           main.s):05163                 FDB     $142D           decimal 5165
                      (           main.s):05164         * Element 204 of array, of type const unsigned int
01F8 1414             (           main.s):05165                 FDB     $1414           decimal 5140
                      (           main.s):05166         * Element 205 of array, of type const unsigned int
01FA 13FA             (           main.s):05167                 FDB     $13FA           decimal 5114
                      (           main.s):05168         * Element 206 of array, of type const unsigned int
01FC 13E2             (           main.s):05169                 FDB     $13E2           decimal 5090
                      (           main.s):05170         * Element 207 of array, of type const unsigned int
01FE 13C9             (           main.s):05171                 FDB     $13C9           decimal 5065
                      (           main.s):05172         * Element 208 of array, of type const unsigned int
0200 13B1             (           main.s):05173                 FDB     $13B1           decimal 5041
                      (           main.s):05174         * Element 209 of array, of type const unsigned int
0202 1399             (           main.s):05175                 FDB     $1399           decimal 5017
                      (           main.s):05176         * Element 210 of array, of type const unsigned int
0204 1381             (           main.s):05177                 FDB     $1381           decimal 4993
                      (           main.s):05178         * Element 211 of array, of type const unsigned int
0206 1369             (           main.s):05179                 FDB     $1369           decimal 4969
                      (           main.s):05180         * Element 212 of array, of type const unsigned int
0208 1352             (           main.s):05181                 FDB     $1352           decimal 4946
                      (           main.s):05182         * Element 213 of array, of type const unsigned int
020A 133A             (           main.s):05183                 FDB     $133A           decimal 4922
                      (           main.s):05184         * Element 214 of array, of type const unsigned int
020C 1323             (           main.s):05185                 FDB     $1323           decimal 4899
                      (           main.s):05186         * Element 215 of array, of type const unsigned int
020E 130D             (           main.s):05187                 FDB     $130D           decimal 4877
                      (           main.s):05188         * Element 216 of array, of type const unsigned int
0210 12F6             (           main.s):05189                 FDB     $12F6           decimal 4854
                      (           main.s):05190         * Element 217 of array, of type const unsigned int
0212 12E0             (           main.s):05191                 FDB     $12E0           decimal 4832
                      (           main.s):05192         * Element 218 of array, of type const unsigned int
0214 12C9             (           main.s):05193                 FDB     $12C9           decimal 4809
                      (           main.s):05194         * Element 219 of array, of type const unsigned int
0216 12B3             (           main.s):05195                 FDB     $12B3           decimal 4787
                      (           main.s):05196         * Element 220 of array, of type const unsigned int
0218 129E             (           main.s):05197                 FDB     $129E           decimal 4766
                      (           main.s):05198         * Element 221 of array, of type const unsigned int
021A 1288             (           main.s):05199                 FDB     $1288           decimal 4744
                      (           main.s):05200         * Element 222 of array, of type const unsigned int
021C 1273             (           main.s):05201                 FDB     $1273           decimal 4723
                      (           main.s):05202         * Element 223 of array, of type const unsigned int
021E 125E             (           main.s):05203                 FDB     $125E           decimal 4702
                      (           main.s):05204         * Element 224 of array, of type const unsigned int
0220 1249             (           main.s):05205                 FDB     $1249           decimal 4681
                      (           main.s):05206         * Element 225 of array, of type const unsigned int
0222 1234             (           main.s):05207                 FDB     $1234           decimal 4660
                      (           main.s):05208         * Element 226 of array, of type const unsigned int
0224 121F             (           main.s):05209                 FDB     $121F           decimal 4639
                      (           main.s):05210         * Element 227 of array, of type const unsigned int
0226 120B             (           main.s):05211                 FDB     $120B           decimal 4619
                      (           main.s):05212         * Element 228 of array, of type const unsigned int
0228 11F6             (           main.s):05213                 FDB     $11F6           decimal 4598
                      (           main.s):05214         * Element 229 of array, of type const unsigned int
022A 11E2             (           main.s):05215                 FDB     $11E2           decimal 4578
                      (           main.s):05216         * Element 230 of array, of type const unsigned int
022C 11CE             (           main.s):05217                 FDB     $11CE           decimal 4558
                      (           main.s):05218         * Element 231 of array, of type const unsigned int
022E 11BB             (           main.s):05219                 FDB     $11BB           decimal 4539
                      (           main.s):05220         * Element 232 of array, of type const unsigned int
0230 11A7             (           main.s):05221                 FDB     $11A7           decimal 4519
                      (           main.s):05222         * Element 233 of array, of type const unsigned int
0232 1194             (           main.s):05223                 FDB     $1194           decimal 4500
                      (           main.s):05224         * Element 234 of array, of type const unsigned int
0234 1181             (           main.s):05225                 FDB     $1181           decimal 4481
                      (           main.s):05226         * Element 235 of array, of type const unsigned int
0236 116D             (           main.s):05227                 FDB     $116D           decimal 4461
                      (           main.s):05228         * Element 236 of array, of type const unsigned int
0238 115B             (           main.s):05229                 FDB     $115B           decimal 4443
                      (           main.s):05230         * Element 237 of array, of type const unsigned int
023A 1148             (           main.s):05231                 FDB     $1148           decimal 4424
                      (           main.s):05232         * Element 238 of array, of type const unsigned int
023C 1135             (           main.s):05233                 FDB     $1135           decimal 4405
                      (           main.s):05234         * Element 239 of array, of type const unsigned int
023E 1123             (           main.s):05235                 FDB     $1123           decimal 4387
                      (           main.s):05236         * Element 240 of array, of type const unsigned int
0240 1111             (           main.s):05237                 FDB     $1111           decimal 4369
                      (           main.s):05238         * Element 241 of array, of type const unsigned int
0242 10FE             (           main.s):05239                 FDB     $10FE           decimal 4350
                      (           main.s):05240         * Element 242 of array, of type const unsigned int
0244 10EC             (           main.s):05241                 FDB     $10EC           decimal 4332
                      (           main.s):05242         * Element 243 of array, of type const unsigned int
0246 10DB             (           main.s):05243                 FDB     $10DB           decimal 4315
                      (           main.s):05244         * Element 244 of array, of type const unsigned int
0248 10C9             (           main.s):05245                 FDB     $10C9           decimal 4297
                      (           main.s):05246         * Element 245 of array, of type const unsigned int
024A 10B7             (           main.s):05247                 FDB     $10B7           decimal 4279
                      (           main.s):05248         * Element 246 of array, of type const unsigned int
024C 10A6             (           main.s):05249                 FDB     $10A6           decimal 4262
                      (           main.s):05250         * Element 247 of array, of type const unsigned int
024E 1095             (           main.s):05251                 FDB     $1095           decimal 4245
                      (           main.s):05252         * Element 248 of array, of type const unsigned int
0250 1084             (           main.s):05253                 FDB     $1084           decimal 4228
                      (           main.s):05254         * Element 249 of array, of type const unsigned int
0252 1073             (           main.s):05255                 FDB     $1073           decimal 4211
                      (           main.s):05256         * Element 250 of array, of type const unsigned int
0254 1062             (           main.s):05257                 FDB     $1062           decimal 4194
                      (           main.s):05258         * Element 251 of array, of type const unsigned int
0256 1051             (           main.s):05259                 FDB     $1051           decimal 4177
                      (           main.s):05260         * Element 252 of array, of type const unsigned int
0258 1040             (           main.s):05261                 FDB     $1040           decimal 4160
                      (           main.s):05262         * Element 253 of array, of type const unsigned int
025A 1030             (           main.s):05263                 FDB     $1030           decimal 4144
                      (           main.s):05264         * Element 254 of array, of type const unsigned int
025C 1020             (           main.s):05265                 FDB     $1020           decimal 4128
                      (           main.s):05266         * Element 255 of array, of type const unsigned int
025E 1010             (           main.s):05267                 FDB     $1010           decimal 4112
                      (           main.s):05268         * Element 256 of array, of type const unsigned int
0260 0FFF             (           main.s):05269                 FDB     $0FFF           decimal 4095
                      (           main.s):05270         * Element 257 of array, of type const unsigned int
0262 0FF0             (           main.s):05271                 FDB     $0FF0           decimal 4080
                      (           main.s):05272         * Element 258 of array, of type const unsigned int
0264 0FE0             (           main.s):05273                 FDB     $0FE0           decimal 4064
                      (           main.s):05274         * Element 259 of array, of type const unsigned int
0266 0FD0             (           main.s):05275                 FDB     $0FD0           decimal 4048
                      (           main.s):05276         * Element 260 of array, of type const unsigned int
0268 0FC0             (           main.s):05277                 FDB     $0FC0           decimal 4032
                      (           main.s):05278         * Element 261 of array, of type const unsigned int
026A 0FB1             (           main.s):05279                 FDB     $0FB1           decimal 4017
                      (           main.s):05280         * Element 262 of array, of type const unsigned int
026C 0FA2             (           main.s):05281                 FDB     $0FA2           decimal 4002
                      (           main.s):05282         * Element 263 of array, of type const unsigned int
026E 0F92             (           main.s):05283                 FDB     $0F92           decimal 3986
                      (           main.s):05284         * Element 264 of array, of type const unsigned int
0270 0F83             (           main.s):05285                 FDB     $0F83           decimal 3971
                      (           main.s):05286         * Element 265 of array, of type const unsigned int
0272 0F74             (           main.s):05287                 FDB     $0F74           decimal 3956
                      (           main.s):05288         * Element 266 of array, of type const unsigned int
0274 0F65             (           main.s):05289                 FDB     $0F65           decimal 3941
                      (           main.s):05290         * Element 267 of array, of type const unsigned int
0276 0F57             (           main.s):05291                 FDB     $0F57           decimal 3927
                      (           main.s):05292         * Element 268 of array, of type const unsigned int
0278 0F48             (           main.s):05293                 FDB     $0F48           decimal 3912
                      (           main.s):05294         * Element 269 of array, of type const unsigned int
027A 0F39             (           main.s):05295                 FDB     $0F39           decimal 3897
                      (           main.s):05296         * Element 270 of array, of type const unsigned int
027C 0F2B             (           main.s):05297                 FDB     $0F2B           decimal 3883
                      (           main.s):05298         * Element 271 of array, of type const unsigned int
027E 0F1D             (           main.s):05299                 FDB     $0F1D           decimal 3869
                      (           main.s):05300         * Element 272 of array, of type const unsigned int
0280 0F0F             (           main.s):05301                 FDB     $0F0F           decimal 3855
                      (           main.s):05302         * Element 273 of array, of type const unsigned int
0282 0F00             (           main.s):05303                 FDB     $0F00           decimal 3840
                      (           main.s):05304         * Element 274 of array, of type const unsigned int
0284 0EF2             (           main.s):05305                 FDB     $0EF2           decimal 3826
                      (           main.s):05306         * Element 275 of array, of type const unsigned int
0286 0EE4             (           main.s):05307                 FDB     $0EE4           decimal 3812
                      (           main.s):05308         * Element 276 of array, of type const unsigned int
0288 0ED7             (           main.s):05309                 FDB     $0ED7           decimal 3799
                      (           main.s):05310         * Element 277 of array, of type const unsigned int
028A 0EC9             (           main.s):05311                 FDB     $0EC9           decimal 3785
                      (           main.s):05312         * Element 278 of array, of type const unsigned int
028C 0EBB             (           main.s):05313                 FDB     $0EBB           decimal 3771
                      (           main.s):05314         * Element 279 of array, of type const unsigned int
028E 0EAE             (           main.s):05315                 FDB     $0EAE           decimal 3758
                      (           main.s):05316         * Element 280 of array, of type const unsigned int
0290 0EA0             (           main.s):05317                 FDB     $0EA0           decimal 3744
                      (           main.s):05318         * Element 281 of array, of type const unsigned int
0292 0E93             (           main.s):05319                 FDB     $0E93           decimal 3731
                      (           main.s):05320         * Element 282 of array, of type const unsigned int
0294 0E86             (           main.s):05321                 FDB     $0E86           decimal 3718
                      (           main.s):05322         * Element 283 of array, of type const unsigned int
0296 0E79             (           main.s):05323                 FDB     $0E79           decimal 3705
                      (           main.s):05324         * Element 284 of array, of type const unsigned int
0298 0E6C             (           main.s):05325                 FDB     $0E6C           decimal 3692
                      (           main.s):05326         * Element 285 of array, of type const unsigned int
029A 0E5F             (           main.s):05327                 FDB     $0E5F           decimal 3679
                      (           main.s):05328         * Element 286 of array, of type const unsigned int
029C 0E52             (           main.s):05329                 FDB     $0E52           decimal 3666
                      (           main.s):05330         * Element 287 of array, of type const unsigned int
029E 0E45             (           main.s):05331                 FDB     $0E45           decimal 3653
                      (           main.s):05332         * Element 288 of array, of type const unsigned int
02A0 0E38             (           main.s):05333                 FDB     $0E38           decimal 3640
                      (           main.s):05334         * Element 289 of array, of type const unsigned int
02A2 0E2C             (           main.s):05335                 FDB     $0E2C           decimal 3628
                      (           main.s):05336         * Element 290 of array, of type const unsigned int
02A4 0E1F             (           main.s):05337                 FDB     $0E1F           decimal 3615
                      (           main.s):05338         * Element 291 of array, of type const unsigned int
02A6 0E13             (           main.s):05339                 FDB     $0E13           decimal 3603
                      (           main.s):05340         * Element 292 of array, of type const unsigned int
02A8 0E06             (           main.s):05341                 FDB     $0E06           decimal 3590
                      (           main.s):05342         * Element 293 of array, of type const unsigned int
02AA 0DFA             (           main.s):05343                 FDB     $0DFA           decimal 3578
                      (           main.s):05344         * Element 294 of array, of type const unsigned int
02AC 0DEE             (           main.s):05345                 FDB     $0DEE           decimal 3566
                      (           main.s):05346         * Element 295 of array, of type const unsigned int
02AE 0DE2             (           main.s):05347                 FDB     $0DE2           decimal 3554
                      (           main.s):05348         * Element 296 of array, of type const unsigned int
02B0 0DD6             (           main.s):05349                 FDB     $0DD6           decimal 3542
                      (           main.s):05350         * Element 297 of array, of type const unsigned int
02B2 0DCA             (           main.s):05351                 FDB     $0DCA           decimal 3530
                      (           main.s):05352         * Element 298 of array, of type const unsigned int
02B4 0DBE             (           main.s):05353                 FDB     $0DBE           decimal 3518
                      (           main.s):05354         * Element 299 of array, of type const unsigned int
02B6 0DB2             (           main.s):05355                 FDB     $0DB2           decimal 3506
                      (           main.s):05356         * Element 300 of array, of type const unsigned int
02B8 0DA7             (           main.s):05357                 FDB     $0DA7           decimal 3495
                      (           main.s):05358         * Element 301 of array, of type const unsigned int
02BA 0D9B             (           main.s):05359                 FDB     $0D9B           decimal 3483
                      (           main.s):05360         * Element 302 of array, of type const unsigned int
02BC 0D90             (           main.s):05361                 FDB     $0D90           decimal 3472
                      (           main.s):05362         * Element 303 of array, of type const unsigned int
02BE 0D84             (           main.s):05363                 FDB     $0D84           decimal 3460
                      (           main.s):05364         * Element 304 of array, of type const unsigned int
02C0 0D79             (           main.s):05365                 FDB     $0D79           decimal 3449
                      (           main.s):05366         * Element 305 of array, of type const unsigned int
02C2 0D6D             (           main.s):05367                 FDB     $0D6D           decimal 3437
                      (           main.s):05368         * Element 306 of array, of type const unsigned int
02C4 0D62             (           main.s):05369                 FDB     $0D62           decimal 3426
                      (           main.s):05370         * Element 307 of array, of type const unsigned int
02C6 0D57             (           main.s):05371                 FDB     $0D57           decimal 3415
                      (           main.s):05372         * Element 308 of array, of type const unsigned int
02C8 0D4C             (           main.s):05373                 FDB     $0D4C           decimal 3404
                      (           main.s):05374         * Element 309 of array, of type const unsigned int
02CA 0D41             (           main.s):05375                 FDB     $0D41           decimal 3393
                      (           main.s):05376         * Element 310 of array, of type const unsigned int
02CC 0D36             (           main.s):05377                 FDB     $0D36           decimal 3382
                      (           main.s):05378         * Element 311 of array, of type const unsigned int
02CE 0D2B             (           main.s):05379                 FDB     $0D2B           decimal 3371
                      (           main.s):05380         * Element 312 of array, of type const unsigned int
02D0 0D20             (           main.s):05381                 FDB     $0D20           decimal 3360
                      (           main.s):05382         * Element 313 of array, of type const unsigned int
02D2 0D16             (           main.s):05383                 FDB     $0D16           decimal 3350
                      (           main.s):05384         * Element 314 of array, of type const unsigned int
02D4 0D0B             (           main.s):05385                 FDB     $0D0B           decimal 3339
                      (           main.s):05386         * Element 315 of array, of type const unsigned int
02D6 0D00             (           main.s):05387                 FDB     $0D00           decimal 3328
                      (           main.s):05388         * Element 316 of array, of type const unsigned int
02D8 0CF6             (           main.s):05389                 FDB     $0CF6           decimal 3318
                      (           main.s):05390         * Element 317 of array, of type const unsigned int
02DA 0CEB             (           main.s):05391                 FDB     $0CEB           decimal 3307
                      (           main.s):05392         * Element 318 of array, of type const unsigned int
02DC 0CE1             (           main.s):05393                 FDB     $0CE1           decimal 3297
                      (           main.s):05394         * Element 319 of array, of type const unsigned int
02DE 0CD7             (           main.s):05395                 FDB     $0CD7           decimal 3287
                      (           main.s):05396         * Element 320 of array, of type const unsigned int
02E0 0CCC             (           main.s):05397                 FDB     $0CCC           decimal 3276
                      (           main.s):05398         * Element 321 of array, of type const unsigned int
02E2 0CC2             (           main.s):05399                 FDB     $0CC2           decimal 3266
                      (           main.s):05400         * Element 322 of array, of type const unsigned int
02E4 0CB8             (           main.s):05401                 FDB     $0CB8           decimal 3256
                      (           main.s):05402         * Element 323 of array, of type const unsigned int
02E6 0CAE             (           main.s):05403                 FDB     $0CAE           decimal 3246
                      (           main.s):05404         * Element 324 of array, of type const unsigned int
02E8 0CA4             (           main.s):05405                 FDB     $0CA4           decimal 3236
                      (           main.s):05406         * Element 325 of array, of type const unsigned int
02EA 0C9A             (           main.s):05407                 FDB     $0C9A           decimal 3226
                      (           main.s):05408         * Element 326 of array, of type const unsigned int
02EC 0C90             (           main.s):05409                 FDB     $0C90           decimal 3216
                      (           main.s):05410         * Element 327 of array, of type const unsigned int
02EE 0C86             (           main.s):05411                 FDB     $0C86           decimal 3206
                      (           main.s):05412         * Element 328 of array, of type const unsigned int
02F0 0C7C             (           main.s):05413                 FDB     $0C7C           decimal 3196
                      (           main.s):05414         * Element 329 of array, of type const unsigned int
02F2 0C73             (           main.s):05415                 FDB     $0C73           decimal 3187
                      (           main.s):05416         * Element 330 of array, of type const unsigned int
02F4 0C69             (           main.s):05417                 FDB     $0C69           decimal 3177
                      (           main.s):05418         * Element 331 of array, of type const unsigned int
02F6 0C5F             (           main.s):05419                 FDB     $0C5F           decimal 3167
                      (           main.s):05420         * Element 332 of array, of type const unsigned int
02F8 0C56             (           main.s):05421                 FDB     $0C56           decimal 3158
                      (           main.s):05422         * Element 333 of array, of type const unsigned int
02FA 0C4C             (           main.s):05423                 FDB     $0C4C           decimal 3148
                      (           main.s):05424         * Element 334 of array, of type const unsigned int
02FC 0C43             (           main.s):05425                 FDB     $0C43           decimal 3139
                      (           main.s):05426         * Element 335 of array, of type const unsigned int
02FE 0C3A             (           main.s):05427                 FDB     $0C3A           decimal 3130
                      (           main.s):05428         * Element 336 of array, of type const unsigned int
0300 0C30             (           main.s):05429                 FDB     $0C30           decimal 3120
                      (           main.s):05430         * Element 337 of array, of type const unsigned int
0302 0C27             (           main.s):05431                 FDB     $0C27           decimal 3111
                      (           main.s):05432         * Element 338 of array, of type const unsigned int
0304 0C1E             (           main.s):05433                 FDB     $0C1E           decimal 3102
                      (           main.s):05434         * Element 339 of array, of type const unsigned int
0306 0C15             (           main.s):05435                 FDB     $0C15           decimal 3093
                      (           main.s):05436         * Element 340 of array, of type const unsigned int
0308 0C0C             (           main.s):05437                 FDB     $0C0C           decimal 3084
                      (           main.s):05438         * Element 341 of array, of type const unsigned int
030A 0C02             (           main.s):05439                 FDB     $0C02           decimal 3074
                      (           main.s):05440         * Element 342 of array, of type const unsigned int
030C 0BF9             (           main.s):05441                 FDB     $0BF9           decimal 3065
                      (           main.s):05442         * Element 343 of array, of type const unsigned int
030E 0BF1             (           main.s):05443                 FDB     $0BF1           decimal 3057
                      (           main.s):05444         * Element 344 of array, of type const unsigned int
0310 0BE8             (           main.s):05445                 FDB     $0BE8           decimal 3048
                      (           main.s):05446         * Element 345 of array, of type const unsigned int
0312 0BDF             (           main.s):05447                 FDB     $0BDF           decimal 3039
                      (           main.s):05448         * Element 346 of array, of type const unsigned int
0314 0BD6             (           main.s):05449                 FDB     $0BD6           decimal 3030
                      (           main.s):05450         * Element 347 of array, of type const unsigned int
0316 0BCD             (           main.s):05451                 FDB     $0BCD           decimal 3021
                      (           main.s):05452         * Element 348 of array, of type const unsigned int
0318 0BC5             (           main.s):05453                 FDB     $0BC5           decimal 3013
                      (           main.s):05454         * Element 349 of array, of type const unsigned int
031A 0BBC             (           main.s):05455                 FDB     $0BBC           decimal 3004
                      (           main.s):05456         * Element 350 of array, of type const unsigned int
031C 0BB3             (           main.s):05457                 FDB     $0BB3           decimal 2995
                      (           main.s):05458         * Element 351 of array, of type const unsigned int
031E 0BAB             (           main.s):05459                 FDB     $0BAB           decimal 2987
                      (           main.s):05460         * Element 352 of array, of type const unsigned int
0320 0BA2             (           main.s):05461                 FDB     $0BA2           decimal 2978
                      (           main.s):05462         * Element 353 of array, of type const unsigned int
0322 0B9A             (           main.s):05463                 FDB     $0B9A           decimal 2970
                      (           main.s):05464         * Element 354 of array, of type const unsigned int
0324 0B92             (           main.s):05465                 FDB     $0B92           decimal 2962
                      (           main.s):05466         * Element 355 of array, of type const unsigned int
0326 0B89             (           main.s):05467                 FDB     $0B89           decimal 2953
                      (           main.s):05468         * Element 356 of array, of type const unsigned int
0328 0B81             (           main.s):05469                 FDB     $0B81           decimal 2945
                      (           main.s):05470         * Element 357 of array, of type const unsigned int
032A 0B79             (           main.s):05471                 FDB     $0B79           decimal 2937
                      (           main.s):05472         * Element 358 of array, of type const unsigned int
032C 0B70             (           main.s):05473                 FDB     $0B70           decimal 2928
                      (           main.s):05474         * Element 359 of array, of type const unsigned int
032E 0B68             (           main.s):05475                 FDB     $0B68           decimal 2920
                      (           main.s):05476         * Element 360 of array, of type const unsigned int
0330 0B60             (           main.s):05477                 FDB     $0B60           decimal 2912
                      (           main.s):05478         * Element 361 of array, of type const unsigned int
0332 0B58             (           main.s):05479                 FDB     $0B58           decimal 2904
                      (           main.s):05480         * Element 362 of array, of type const unsigned int
0334 0B50             (           main.s):05481                 FDB     $0B50           decimal 2896
                      (           main.s):05482         * Element 363 of array, of type const unsigned int
0336 0B48             (           main.s):05483                 FDB     $0B48           decimal 2888
                      (           main.s):05484         * Element 364 of array, of type const unsigned int
0338 0B40             (           main.s):05485                 FDB     $0B40           decimal 2880
                      (           main.s):05486         * Element 365 of array, of type const unsigned int
033A 0B38             (           main.s):05487                 FDB     $0B38           decimal 2872
                      (           main.s):05488         * Element 366 of array, of type const unsigned int
033C 0B30             (           main.s):05489                 FDB     $0B30           decimal 2864
                      (           main.s):05490         * Element 367 of array, of type const unsigned int
033E 0B29             (           main.s):05491                 FDB     $0B29           decimal 2857
                      (           main.s):05492         * Element 368 of array, of type const unsigned int
0340 0B21             (           main.s):05493                 FDB     $0B21           decimal 2849
                      (           main.s):05494         * Element 369 of array, of type const unsigned int
0342 0B19             (           main.s):05495                 FDB     $0B19           decimal 2841
                      (           main.s):05496         * Element 370 of array, of type const unsigned int
0344 0B11             (           main.s):05497                 FDB     $0B11           decimal 2833
                      (           main.s):05498         * Element 371 of array, of type const unsigned int
0346 0B0A             (           main.s):05499                 FDB     $0B0A           decimal 2826
                      (           main.s):05500         * Element 372 of array, of type const unsigned int
0348 0B02             (           main.s):05501                 FDB     $0B02           decimal 2818
                      (           main.s):05502         * Element 373 of array, of type const unsigned int
034A 0AFB             (           main.s):05503                 FDB     $0AFB           decimal 2811
                      (           main.s):05504         * Element 374 of array, of type const unsigned int
034C 0AF3             (           main.s):05505                 FDB     $0AF3           decimal 2803
                      (           main.s):05506         * Element 375 of array, of type const unsigned int
034E 0AEC             (           main.s):05507                 FDB     $0AEC           decimal 2796
                      (           main.s):05508         * Element 376 of array, of type const unsigned int
0350 0AE4             (           main.s):05509                 FDB     $0AE4           decimal 2788
                      (           main.s):05510         * Element 377 of array, of type const unsigned int
0352 0ADD             (           main.s):05511                 FDB     $0ADD           decimal 2781
                      (           main.s):05512         * Element 378 of array, of type const unsigned int
0354 0AD5             (           main.s):05513                 FDB     $0AD5           decimal 2773
                      (           main.s):05514         * Element 379 of array, of type const unsigned int
0356 0ACE             (           main.s):05515                 FDB     $0ACE           decimal 2766
                      (           main.s):05516         * Element 380 of array, of type const unsigned int
0358 0AC7             (           main.s):05517                 FDB     $0AC7           decimal 2759
                      (           main.s):05518         * Element 381 of array, of type const unsigned int
035A 0AC0             (           main.s):05519                 FDB     $0AC0           decimal 2752
                      (           main.s):05520         * Element 382 of array, of type const unsigned int
035C 0AB8             (           main.s):05521                 FDB     $0AB8           decimal 2744
                      (           main.s):05522         * Element 383 of array, of type const unsigned int
035E 0AB1             (           main.s):05523                 FDB     $0AB1           decimal 2737
                      (           main.s):05524         * Element 384 of array, of type const unsigned int
0360 0AAA             (           main.s):05525                 FDB     $0AAA           decimal 2730
                      (           main.s):05526         * Element 385 of array, of type const unsigned int
0362 0AA3             (           main.s):05527                 FDB     $0AA3           decimal 2723
                      (           main.s):05528         * Element 386 of array, of type const unsigned int
0364 0A9C             (           main.s):05529                 FDB     $0A9C           decimal 2716
                      (           main.s):05530         * Element 387 of array, of type const unsigned int
0366 0A95             (           main.s):05531                 FDB     $0A95           decimal 2709
                      (           main.s):05532         * Element 388 of array, of type const unsigned int
0368 0A8E             (           main.s):05533                 FDB     $0A8E           decimal 2702
                      (           main.s):05534         * Element 389 of array, of type const unsigned int
036A 0A87             (           main.s):05535                 FDB     $0A87           decimal 2695
                      (           main.s):05536         * Element 390 of array, of type const unsigned int
036C 0A80             (           main.s):05537                 FDB     $0A80           decimal 2688
                      (           main.s):05538         * Element 391 of array, of type const unsigned int
036E 0A79             (           main.s):05539                 FDB     $0A79           decimal 2681
                      (           main.s):05540         * Element 392 of array, of type const unsigned int
0370 0A72             (           main.s):05541                 FDB     $0A72           decimal 2674
                      (           main.s):05542         * Element 393 of array, of type const unsigned int
0372 0A6C             (           main.s):05543                 FDB     $0A6C           decimal 2668
                      (           main.s):05544         * Element 394 of array, of type const unsigned int
0374 0A65             (           main.s):05545                 FDB     $0A65           decimal 2661
                      (           main.s):05546         * Element 395 of array, of type const unsigned int
0376 0A5E             (           main.s):05547                 FDB     $0A5E           decimal 2654
                      (           main.s):05548         * Element 396 of array, of type const unsigned int
0378 0A57             (           main.s):05549                 FDB     $0A57           decimal 2647
                      (           main.s):05550         * Element 397 of array, of type const unsigned int
037A 0A51             (           main.s):05551                 FDB     $0A51           decimal 2641
                      (           main.s):05552         * Element 398 of array, of type const unsigned int
037C 0A4A             (           main.s):05553                 FDB     $0A4A           decimal 2634
                      (           main.s):05554         * Element 399 of array, of type const unsigned int
037E 0A43             (           main.s):05555                 FDB     $0A43           decimal 2627
                      (           main.s):05556         * Element 400 of array, of type const unsigned int
0380 0A3D             (           main.s):05557                 FDB     $0A3D           decimal 2621
                      (           main.s):05558         * Element 401 of array, of type const unsigned int
0382 0A36             (           main.s):05559                 FDB     $0A36           decimal 2614
                      (           main.s):05560         * Element 402 of array, of type const unsigned int
0384 0A30             (           main.s):05561                 FDB     $0A30           decimal 2608
                      (           main.s):05562         * Element 403 of array, of type const unsigned int
0386 0A29             (           main.s):05563                 FDB     $0A29           decimal 2601
                      (           main.s):05564         * Element 404 of array, of type const unsigned int
0388 0A23             (           main.s):05565                 FDB     $0A23           decimal 2595
                      (           main.s):05566         * Element 405 of array, of type const unsigned int
038A 0A1D             (           main.s):05567                 FDB     $0A1D           decimal 2589
                      (           main.s):05568         * Element 406 of array, of type const unsigned int
038C 0A16             (           main.s):05569                 FDB     $0A16           decimal 2582
                      (           main.s):05570         * Element 407 of array, of type const unsigned int
038E 0A10             (           main.s):05571                 FDB     $0A10           decimal 2576
                      (           main.s):05572         * Element 408 of array, of type const unsigned int
0390 0A0A             (           main.s):05573                 FDB     $0A0A           decimal 2570
                      (           main.s):05574         * Element 409 of array, of type const unsigned int
0392 0A03             (           main.s):05575                 FDB     $0A03           decimal 2563
                      (           main.s):05576         * Element 410 of array, of type const unsigned int
0394 09FD             (           main.s):05577                 FDB     $09FD           decimal 2557
                      (           main.s):05578         * Element 411 of array, of type const unsigned int
0396 09F7             (           main.s):05579                 FDB     $09F7           decimal 2551
                      (           main.s):05580         * Element 412 of array, of type const unsigned int
0398 09F1             (           main.s):05581                 FDB     $09F1           decimal 2545
                      (           main.s):05582         * Element 413 of array, of type const unsigned int
039A 09EA             (           main.s):05583                 FDB     $09EA           decimal 2538
                      (           main.s):05584         * Element 414 of array, of type const unsigned int
039C 09E4             (           main.s):05585                 FDB     $09E4           decimal 2532
                      (           main.s):05586         * Element 415 of array, of type const unsigned int
039E 09DE             (           main.s):05587                 FDB     $09DE           decimal 2526
                      (           main.s):05588         * Element 416 of array, of type const unsigned int
03A0 09D8             (           main.s):05589                 FDB     $09D8           decimal 2520
                      (           main.s):05590         * Element 417 of array, of type const unsigned int
03A2 09D2             (           main.s):05591                 FDB     $09D2           decimal 2514
                      (           main.s):05592         * Element 418 of array, of type const unsigned int
03A4 09CC             (           main.s):05593                 FDB     $09CC           decimal 2508
                      (           main.s):05594         * Element 419 of array, of type const unsigned int
03A6 09C6             (           main.s):05595                 FDB     $09C6           decimal 2502
                      (           main.s):05596         * Element 420 of array, of type const unsigned int
03A8 09C0             (           main.s):05597                 FDB     $09C0           decimal 2496
                      (           main.s):05598         * Element 421 of array, of type const unsigned int
03AA 09BA             (           main.s):05599                 FDB     $09BA           decimal 2490
                      (           main.s):05600         * Element 422 of array, of type const unsigned int
03AC 09B4             (           main.s):05601                 FDB     $09B4           decimal 2484
                      (           main.s):05602         * Element 423 of array, of type const unsigned int
03AE 09AE             (           main.s):05603                 FDB     $09AE           decimal 2478
                      (           main.s):05604         * Element 424 of array, of type const unsigned int
03B0 09A9             (           main.s):05605                 FDB     $09A9           decimal 2473
                      (           main.s):05606         * Element 425 of array, of type const unsigned int
03B2 09A3             (           main.s):05607                 FDB     $09A3           decimal 2467
                      (           main.s):05608         * Element 426 of array, of type const unsigned int
03B4 099D             (           main.s):05609                 FDB     $099D           decimal 2461
                      (           main.s):05610         * Element 427 of array, of type const unsigned int
03B6 0997             (           main.s):05611                 FDB     $0997           decimal 2455
                      (           main.s):05612         * Element 428 of array, of type const unsigned int
03B8 0991             (           main.s):05613                 FDB     $0991           decimal 2449
                      (           main.s):05614         * Element 429 of array, of type const unsigned int
03BA 098C             (           main.s):05615                 FDB     $098C           decimal 2444
                      (           main.s):05616         * Element 430 of array, of type const unsigned int
03BC 0986             (           main.s):05617                 FDB     $0986           decimal 2438
                      (           main.s):05618         * Element 431 of array, of type const unsigned int
03BE 0980             (           main.s):05619                 FDB     $0980           decimal 2432
                      (           main.s):05620         * Element 432 of array, of type const unsigned int
03C0 097B             (           main.s):05621                 FDB     $097B           decimal 2427
                      (           main.s):05622         * Element 433 of array, of type const unsigned int
03C2 0975             (           main.s):05623                 FDB     $0975           decimal 2421
                      (           main.s):05624         * Element 434 of array, of type const unsigned int
03C4 0970             (           main.s):05625                 FDB     $0970           decimal 2416
                      (           main.s):05626         * Element 435 of array, of type const unsigned int
03C6 096A             (           main.s):05627                 FDB     $096A           decimal 2410
                      (           main.s):05628         * Element 436 of array, of type const unsigned int
03C8 0964             (           main.s):05629                 FDB     $0964           decimal 2404
                      (           main.s):05630         * Element 437 of array, of type const unsigned int
03CA 095F             (           main.s):05631                 FDB     $095F           decimal 2399
                      (           main.s):05632         * Element 438 of array, of type const unsigned int
03CC 0959             (           main.s):05633                 FDB     $0959           decimal 2393
                      (           main.s):05634         * Element 439 of array, of type const unsigned int
03CE 0954             (           main.s):05635                 FDB     $0954           decimal 2388
                      (           main.s):05636         * Element 440 of array, of type const unsigned int
03D0 094F             (           main.s):05637                 FDB     $094F           decimal 2383
                      (           main.s):05638         * Element 441 of array, of type const unsigned int
03D2 0949             (           main.s):05639                 FDB     $0949           decimal 2377
                      (           main.s):05640         * Element 442 of array, of type const unsigned int
03D4 0944             (           main.s):05641                 FDB     $0944           decimal 2372
                      (           main.s):05642         * Element 443 of array, of type const unsigned int
03D6 093E             (           main.s):05643                 FDB     $093E           decimal 2366
                      (           main.s):05644         * Element 444 of array, of type const unsigned int
03D8 0939             (           main.s):05645                 FDB     $0939           decimal 2361
                      (           main.s):05646         * Element 445 of array, of type const unsigned int
03DA 0934             (           main.s):05647                 FDB     $0934           decimal 2356
                      (           main.s):05648         * Element 446 of array, of type const unsigned int
03DC 092F             (           main.s):05649                 FDB     $092F           decimal 2351
                      (           main.s):05650         * Element 447 of array, of type const unsigned int
03DE 0929             (           main.s):05651                 FDB     $0929           decimal 2345
                      (           main.s):05652         * Element 448 of array, of type const unsigned int
03E0 0924             (           main.s):05653                 FDB     $0924           decimal 2340
                      (           main.s):05654         * Element 449 of array, of type const unsigned int
03E2 091F             (           main.s):05655                 FDB     $091F           decimal 2335
                      (           main.s):05656         * Element 450 of array, of type const unsigned int
03E4 091A             (           main.s):05657                 FDB     $091A           decimal 2330
                      (           main.s):05658         * Element 451 of array, of type const unsigned int
03E6 0914             (           main.s):05659                 FDB     $0914           decimal 2324
                      (           main.s):05660         * Element 452 of array, of type const unsigned int
03E8 090F             (           main.s):05661                 FDB     $090F           decimal 2319
                      (           main.s):05662         * Element 453 of array, of type const unsigned int
03EA 090A             (           main.s):05663                 FDB     $090A           decimal 2314
                      (           main.s):05664         * Element 454 of array, of type const unsigned int
03EC 0905             (           main.s):05665                 FDB     $0905           decimal 2309
                      (           main.s):05666         * Element 455 of array, of type const unsigned int
03EE 0900             (           main.s):05667                 FDB     $0900           decimal 2304
                      (           main.s):05668         * Element 456 of array, of type const unsigned int
03F0 08FB             (           main.s):05669                 FDB     $08FB           decimal 2299
                      (           main.s):05670         * Element 457 of array, of type const unsigned int
03F2 08F6             (           main.s):05671                 FDB     $08F6           decimal 2294
                      (           main.s):05672         * Element 458 of array, of type const unsigned int
03F4 08F1             (           main.s):05673                 FDB     $08F1           decimal 2289
                      (           main.s):05674         * Element 459 of array, of type const unsigned int
03F6 08EC             (           main.s):05675                 FDB     $08EC           decimal 2284
                      (           main.s):05676         * Element 460 of array, of type const unsigned int
03F8 08E7             (           main.s):05677                 FDB     $08E7           decimal 2279
                      (           main.s):05678         * Element 461 of array, of type const unsigned int
03FA 08E2             (           main.s):05679                 FDB     $08E2           decimal 2274
                      (           main.s):05680         * Element 462 of array, of type const unsigned int
03FC 08DD             (           main.s):05681                 FDB     $08DD           decimal 2269
                      (           main.s):05682         * Element 463 of array, of type const unsigned int
03FE 08D8             (           main.s):05683                 FDB     $08D8           decimal 2264
                      (           main.s):05684         * Element 464 of array, of type const unsigned int
0400 08D3             (           main.s):05685                 FDB     $08D3           decimal 2259
                      (           main.s):05686         * Element 465 of array, of type const unsigned int
0402 08CE             (           main.s):05687                 FDB     $08CE           decimal 2254
                      (           main.s):05688         * Element 466 of array, of type const unsigned int
0404 08CA             (           main.s):05689                 FDB     $08CA           decimal 2250
                      (           main.s):05690         * Element 467 of array, of type const unsigned int
0406 08C5             (           main.s):05691                 FDB     $08C5           decimal 2245
                      (           main.s):05692         * Element 468 of array, of type const unsigned int
0408 08C0             (           main.s):05693                 FDB     $08C0           decimal 2240
                      (           main.s):05694         * Element 469 of array, of type const unsigned int
040A 08BB             (           main.s):05695                 FDB     $08BB           decimal 2235
                      (           main.s):05696         * Element 470 of array, of type const unsigned int
040C 08B6             (           main.s):05697                 FDB     $08B6           decimal 2230
                      (           main.s):05698         * Element 471 of array, of type const unsigned int
040E 08B2             (           main.s):05699                 FDB     $08B2           decimal 2226
                      (           main.s):05700         * Element 472 of array, of type const unsigned int
0410 08AD             (           main.s):05701                 FDB     $08AD           decimal 2221
                      (           main.s):05702         * Element 473 of array, of type const unsigned int
0412 08A8             (           main.s):05703                 FDB     $08A8           decimal 2216
                      (           main.s):05704         * Element 474 of array, of type const unsigned int
0414 08A4             (           main.s):05705                 FDB     $08A4           decimal 2212
                      (           main.s):05706         * Element 475 of array, of type const unsigned int
0416 089F             (           main.s):05707                 FDB     $089F           decimal 2207
                      (           main.s):05708         * Element 476 of array, of type const unsigned int
0418 089A             (           main.s):05709                 FDB     $089A           decimal 2202
                      (           main.s):05710         * Element 477 of array, of type const unsigned int
041A 0896             (           main.s):05711                 FDB     $0896           decimal 2198
                      (           main.s):05712         * Element 478 of array, of type const unsigned int
041C 0891             (           main.s):05713                 FDB     $0891           decimal 2193
                      (           main.s):05714         * Element 479 of array, of type const unsigned int
041E 088D             (           main.s):05715                 FDB     $088D           decimal 2189
                      (           main.s):05716         * Element 480 of array, of type const unsigned int
0420 0888             (           main.s):05717                 FDB     $0888           decimal 2184
                      (           main.s):05718         * Element 481 of array, of type const unsigned int
0422 0883             (           main.s):05719                 FDB     $0883           decimal 2179
                      (           main.s):05720         * Element 482 of array, of type const unsigned int
0424 087F             (           main.s):05721                 FDB     $087F           decimal 2175
                      (           main.s):05722         * Element 483 of array, of type const unsigned int
0426 087A             (           main.s):05723                 FDB     $087A           decimal 2170
                      (           main.s):05724         * Element 484 of array, of type const unsigned int
0428 0876             (           main.s):05725                 FDB     $0876           decimal 2166
                      (           main.s):05726         * Element 485 of array, of type const unsigned int
042A 0871             (           main.s):05727                 FDB     $0871           decimal 2161
                      (           main.s):05728         * Element 486 of array, of type const unsigned int
042C 086D             (           main.s):05729                 FDB     $086D           decimal 2157
                      (           main.s):05730         * Element 487 of array, of type const unsigned int
042E 0869             (           main.s):05731                 FDB     $0869           decimal 2153
                      (           main.s):05732         * Element 488 of array, of type const unsigned int
0430 0864             (           main.s):05733                 FDB     $0864           decimal 2148
                      (           main.s):05734         * Element 489 of array, of type const unsigned int
0432 0860             (           main.s):05735                 FDB     $0860           decimal 2144
                      (           main.s):05736         * Element 490 of array, of type const unsigned int
0434 085B             (           main.s):05737                 FDB     $085B           decimal 2139
                      (           main.s):05738         * Element 491 of array, of type const unsigned int
0436 0857             (           main.s):05739                 FDB     $0857           decimal 2135
                      (           main.s):05740         * Element 492 of array, of type const unsigned int
0438 0853             (           main.s):05741                 FDB     $0853           decimal 2131
                      (           main.s):05742         * Element 493 of array, of type const unsigned int
043A 084E             (           main.s):05743                 FDB     $084E           decimal 2126
                      (           main.s):05744         * Element 494 of array, of type const unsigned int
043C 084A             (           main.s):05745                 FDB     $084A           decimal 2122
                      (           main.s):05746         * Element 495 of array, of type const unsigned int
043E 0846             (           main.s):05747                 FDB     $0846           decimal 2118
                      (           main.s):05748         * Element 496 of array, of type const unsigned int
0440 0842             (           main.s):05749                 FDB     $0842           decimal 2114
                      (           main.s):05750         * Element 497 of array, of type const unsigned int
0442 083D             (           main.s):05751                 FDB     $083D           decimal 2109
                      (           main.s):05752         * Element 498 of array, of type const unsigned int
0444 0839             (           main.s):05753                 FDB     $0839           decimal 2105
                      (           main.s):05754         * Element 499 of array, of type const unsigned int
0446 0835             (           main.s):05755                 FDB     $0835           decimal 2101
                      (           main.s):05756         * Element 500 of array, of type const unsigned int
0448 0831             (           main.s):05757                 FDB     $0831           decimal 2097
                      (           main.s):05758         * Element 501 of array, of type const unsigned int
044A 082C             (           main.s):05759                 FDB     $082C           decimal 2092
                      (           main.s):05760         * Element 502 of array, of type const unsigned int
044C 0828             (           main.s):05761                 FDB     $0828           decimal 2088
                      (           main.s):05762         * Element 503 of array, of type const unsigned int
044E 0824             (           main.s):05763                 FDB     $0824           decimal 2084
                      (           main.s):05764         * Element 504 of array, of type const unsigned int
0450 0820             (           main.s):05765                 FDB     $0820           decimal 2080
                      (           main.s):05766         * Element 505 of array, of type const unsigned int
0452 081C             (           main.s):05767                 FDB     $081C           decimal 2076
                      (           main.s):05768         * Element 506 of array, of type const unsigned int
0454 0818             (           main.s):05769                 FDB     $0818           decimal 2072
                      (           main.s):05770         * Element 507 of array, of type const unsigned int
0456 0814             (           main.s):05771                 FDB     $0814           decimal 2068
                      (           main.s):05772         * Element 508 of array, of type const unsigned int
0458 0810             (           main.s):05773                 FDB     $0810           decimal 2064
                      (           main.s):05774         * Element 509 of array, of type const unsigned int
045A 080C             (           main.s):05775                 FDB     $080C           decimal 2060
                      (           main.s):05776         * Element 510 of array, of type const unsigned int
045C 0808             (           main.s):05777                 FDB     $0808           decimal 2056
                      (           main.s):05778         * Element 511 of array, of type const unsigned int
045E 0803             (           main.s):05779                 FDB     $0803           decimal 2051
                      (           main.s):05780         * Element 512 of array, of type const unsigned int
0460 07FF             (           main.s):05781                 FDB     $07FF           decimal 2047
                      (           main.s):05782         * Element 513 of array, of type const unsigned int
0462 07FB             (           main.s):05783                 FDB     $07FB           decimal 2043
                      (           main.s):05784         * Element 514 of array, of type const unsigned int
0464 07F8             (           main.s):05785                 FDB     $07F8           decimal 2040
                      (           main.s):05786         * Element 515 of array, of type const unsigned int
0466 07F4             (           main.s):05787                 FDB     $07F4           decimal 2036
                      (           main.s):05788         * Element 516 of array, of type const unsigned int
0468 07F0             (           main.s):05789                 FDB     $07F0           decimal 2032
                      (           main.s):05790         * Element 517 of array, of type const unsigned int
046A 07EC             (           main.s):05791                 FDB     $07EC           decimal 2028
                      (           main.s):05792         * Element 518 of array, of type const unsigned int
046C 07E8             (           main.s):05793                 FDB     $07E8           decimal 2024
                      (           main.s):05794         * Element 519 of array, of type const unsigned int
046E 07E4             (           main.s):05795                 FDB     $07E4           decimal 2020
                      (           main.s):05796         * Element 520 of array, of type const unsigned int
0470 07E0             (           main.s):05797                 FDB     $07E0           decimal 2016
                      (           main.s):05798         * Element 521 of array, of type const unsigned int
0472 07DC             (           main.s):05799                 FDB     $07DC           decimal 2012
                      (           main.s):05800         * Element 522 of array, of type const unsigned int
0474 07D8             (           main.s):05801                 FDB     $07D8           decimal 2008
                      (           main.s):05802         * Element 523 of array, of type const unsigned int
0476 07D4             (           main.s):05803                 FDB     $07D4           decimal 2004
                      (           main.s):05804         * Element 524 of array, of type const unsigned int
0478 07D1             (           main.s):05805                 FDB     $07D1           decimal 2001
                      (           main.s):05806         * Element 525 of array, of type const unsigned int
047A 07CD             (           main.s):05807                 FDB     $07CD           decimal 1997
                      (           main.s):05808         * Element 526 of array, of type const unsigned int
047C 07C9             (           main.s):05809                 FDB     $07C9           decimal 1993
                      (           main.s):05810         * Element 527 of array, of type const unsigned int
047E 07C5             (           main.s):05811                 FDB     $07C5           decimal 1989
                      (           main.s):05812         * Element 528 of array, of type const unsigned int
0480 07C1             (           main.s):05813                 FDB     $07C1           decimal 1985
                      (           main.s):05814         * Element 529 of array, of type const unsigned int
0482 07BE             (           main.s):05815                 FDB     $07BE           decimal 1982
                      (           main.s):05816         * Element 530 of array, of type const unsigned int
0484 07BA             (           main.s):05817                 FDB     $07BA           decimal 1978
                      (           main.s):05818         * Element 531 of array, of type const unsigned int
0486 07B6             (           main.s):05819                 FDB     $07B6           decimal 1974
                      (           main.s):05820         * Element 532 of array, of type const unsigned int
0488 07B2             (           main.s):05821                 FDB     $07B2           decimal 1970
                      (           main.s):05822         * Element 533 of array, of type const unsigned int
048A 07AF             (           main.s):05823                 FDB     $07AF           decimal 1967
                      (           main.s):05824         * Element 534 of array, of type const unsigned int
048C 07AB             (           main.s):05825                 FDB     $07AB           decimal 1963
                      (           main.s):05826         * Element 535 of array, of type const unsigned int
048E 07A7             (           main.s):05827                 FDB     $07A7           decimal 1959
                      (           main.s):05828         * Element 536 of array, of type const unsigned int
0490 07A4             (           main.s):05829                 FDB     $07A4           decimal 1956
                      (           main.s):05830         * Element 537 of array, of type const unsigned int
0492 07A0             (           main.s):05831                 FDB     $07A0           decimal 1952
                      (           main.s):05832         * Element 538 of array, of type const unsigned int
0494 079C             (           main.s):05833                 FDB     $079C           decimal 1948
                      (           main.s):05834         * Element 539 of array, of type const unsigned int
0496 0799             (           main.s):05835                 FDB     $0799           decimal 1945
                      (           main.s):05836         * Element 540 of array, of type const unsigned int
0498 0795             (           main.s):05837                 FDB     $0795           decimal 1941
                      (           main.s):05838         * Element 541 of array, of type const unsigned int
049A 0792             (           main.s):05839                 FDB     $0792           decimal 1938
                      (           main.s):05840         * Element 542 of array, of type const unsigned int
049C 078E             (           main.s):05841                 FDB     $078E           decimal 1934
                      (           main.s):05842         * Element 543 of array, of type const unsigned int
049E 078B             (           main.s):05843                 FDB     $078B           decimal 1931
                      (           main.s):05844         * Element 544 of array, of type const unsigned int
04A0 0787             (           main.s):05845                 FDB     $0787           decimal 1927
                      (           main.s):05846         * Element 545 of array, of type const unsigned int
04A2 0783             (           main.s):05847                 FDB     $0783           decimal 1923
                      (           main.s):05848         * Element 546 of array, of type const unsigned int
04A4 0780             (           main.s):05849                 FDB     $0780           decimal 1920
                      (           main.s):05850         * Element 547 of array, of type const unsigned int
04A6 077C             (           main.s):05851                 FDB     $077C           decimal 1916
                      (           main.s):05852         * Element 548 of array, of type const unsigned int
04A8 0779             (           main.s):05853                 FDB     $0779           decimal 1913
                      (           main.s):05854         * Element 549 of array, of type const unsigned int
04AA 0775             (           main.s):05855                 FDB     $0775           decimal 1909
                      (           main.s):05856         * Element 550 of array, of type const unsigned int
04AC 0772             (           main.s):05857                 FDB     $0772           decimal 1906
                      (           main.s):05858         * Element 551 of array, of type const unsigned int
04AE 076F             (           main.s):05859                 FDB     $076F           decimal 1903
                      (           main.s):05860         * Element 552 of array, of type const unsigned int
04B0 076B             (           main.s):05861                 FDB     $076B           decimal 1899
                      (           main.s):05862         * Element 553 of array, of type const unsigned int
04B2 0768             (           main.s):05863                 FDB     $0768           decimal 1896
                      (           main.s):05864         * Element 554 of array, of type const unsigned int
04B4 0764             (           main.s):05865                 FDB     $0764           decimal 1892
                      (           main.s):05866         * Element 555 of array, of type const unsigned int
04B6 0761             (           main.s):05867                 FDB     $0761           decimal 1889
                      (           main.s):05868         * Element 556 of array, of type const unsigned int
04B8 075D             (           main.s):05869                 FDB     $075D           decimal 1885
                      (           main.s):05870         * Element 557 of array, of type const unsigned int
04BA 075A             (           main.s):05871                 FDB     $075A           decimal 1882
                      (           main.s):05872         * Element 558 of array, of type const unsigned int
04BC 0757             (           main.s):05873                 FDB     $0757           decimal 1879
                      (           main.s):05874         * Element 559 of array, of type const unsigned int
04BE 0753             (           main.s):05875                 FDB     $0753           decimal 1875
                      (           main.s):05876         * Element 560 of array, of type const unsigned int
04C0 0750             (           main.s):05877                 FDB     $0750           decimal 1872
                      (           main.s):05878         * Element 561 of array, of type const unsigned int
04C2 074D             (           main.s):05879                 FDB     $074D           decimal 1869
                      (           main.s):05880         * Element 562 of array, of type const unsigned int
04C4 0749             (           main.s):05881                 FDB     $0749           decimal 1865
                      (           main.s):05882         * Element 563 of array, of type const unsigned int
04C6 0746             (           main.s):05883                 FDB     $0746           decimal 1862
                      (           main.s):05884         * Element 564 of array, of type const unsigned int
04C8 0743             (           main.s):05885                 FDB     $0743           decimal 1859
                      (           main.s):05886         * Element 565 of array, of type const unsigned int
04CA 073F             (           main.s):05887                 FDB     $073F           decimal 1855
                      (           main.s):05888         * Element 566 of array, of type const unsigned int
04CC 073C             (           main.s):05889                 FDB     $073C           decimal 1852
                      (           main.s):05890         * Element 567 of array, of type const unsigned int
04CE 0739             (           main.s):05891                 FDB     $0739           decimal 1849
                      (           main.s):05892         * Element 568 of array, of type const unsigned int
04D0 0736             (           main.s):05893                 FDB     $0736           decimal 1846
                      (           main.s):05894         * Element 569 of array, of type const unsigned int
04D2 0732             (           main.s):05895                 FDB     $0732           decimal 1842
                      (           main.s):05896         * Element 570 of array, of type const unsigned int
04D4 072F             (           main.s):05897                 FDB     $072F           decimal 1839
                      (           main.s):05898         * Element 571 of array, of type const unsigned int
04D6 072C             (           main.s):05899                 FDB     $072C           decimal 1836
                      (           main.s):05900         * Element 572 of array, of type const unsigned int
04D8 0729             (           main.s):05901                 FDB     $0729           decimal 1833
                      (           main.s):05902         * Element 573 of array, of type const unsigned int
04DA 0725             (           main.s):05903                 FDB     $0725           decimal 1829
                      (           main.s):05904         * Element 574 of array, of type const unsigned int
04DC 0722             (           main.s):05905                 FDB     $0722           decimal 1826
                      (           main.s):05906         * Element 575 of array, of type const unsigned int
04DE 071F             (           main.s):05907                 FDB     $071F           decimal 1823
                      (           main.s):05908         * Element 576 of array, of type const unsigned int
04E0 071C             (           main.s):05909                 FDB     $071C           decimal 1820
                      (           main.s):05910         * Element 577 of array, of type const unsigned int
04E2 0719             (           main.s):05911                 FDB     $0719           decimal 1817
                      (           main.s):05912         * Element 578 of array, of type const unsigned int
04E4 0716             (           main.s):05913                 FDB     $0716           decimal 1814
                      (           main.s):05914         * Element 579 of array, of type const unsigned int
04E6 0712             (           main.s):05915                 FDB     $0712           decimal 1810
                      (           main.s):05916         * Element 580 of array, of type const unsigned int
04E8 070F             (           main.s):05917                 FDB     $070F           decimal 1807
                      (           main.s):05918         * Element 581 of array, of type const unsigned int
04EA 070C             (           main.s):05919                 FDB     $070C           decimal 1804
                      (           main.s):05920         * Element 582 of array, of type const unsigned int
04EC 0709             (           main.s):05921                 FDB     $0709           decimal 1801
                      (           main.s):05922         * Element 583 of array, of type const unsigned int
04EE 0706             (           main.s):05923                 FDB     $0706           decimal 1798
                      (           main.s):05924         * Element 584 of array, of type const unsigned int
04F0 0703             (           main.s):05925                 FDB     $0703           decimal 1795
                      (           main.s):05926         * Element 585 of array, of type const unsigned int
04F2 0700             (           main.s):05927                 FDB     $0700           decimal 1792
                      (           main.s):05928         * Element 586 of array, of type const unsigned int
04F4 06FD             (           main.s):05929                 FDB     $06FD           decimal 1789
                      (           main.s):05930         * Element 587 of array, of type const unsigned int
04F6 06FA             (           main.s):05931                 FDB     $06FA           decimal 1786
                      (           main.s):05932         * Element 588 of array, of type const unsigned int
04F8 06F7             (           main.s):05933                 FDB     $06F7           decimal 1783
                      (           main.s):05934         * Element 589 of array, of type const unsigned int
04FA 06F4             (           main.s):05935                 FDB     $06F4           decimal 1780
                      (           main.s):05936         * Element 590 of array, of type const unsigned int
04FC 06F1             (           main.s):05937                 FDB     $06F1           decimal 1777
                      (           main.s):05938         * Element 591 of array, of type const unsigned int
04FE 06EE             (           main.s):05939                 FDB     $06EE           decimal 1774
                      (           main.s):05940         * Element 592 of array, of type const unsigned int
0500 06EB             (           main.s):05941                 FDB     $06EB           decimal 1771
                      (           main.s):05942         * Element 593 of array, of type const unsigned int
0502 06E8             (           main.s):05943                 FDB     $06E8           decimal 1768
                      (           main.s):05944         * Element 594 of array, of type const unsigned int
0504 06E5             (           main.s):05945                 FDB     $06E5           decimal 1765
                      (           main.s):05946         * Element 595 of array, of type const unsigned int
0506 06E2             (           main.s):05947                 FDB     $06E2           decimal 1762
                      (           main.s):05948         * Element 596 of array, of type const unsigned int
0508 06DF             (           main.s):05949                 FDB     $06DF           decimal 1759
                      (           main.s):05950         * Element 597 of array, of type const unsigned int
050A 06DC             (           main.s):05951                 FDB     $06DC           decimal 1756
                      (           main.s):05952         * Element 598 of array, of type const unsigned int
050C 06D9             (           main.s):05953                 FDB     $06D9           decimal 1753
                      (           main.s):05954         * Element 599 of array, of type const unsigned int
050E 06D6             (           main.s):05955                 FDB     $06D6           decimal 1750
                      (           main.s):05956         * Element 600 of array, of type const unsigned int
0510 06D3             (           main.s):05957                 FDB     $06D3           decimal 1747
                      (           main.s):05958         * Element 601 of array, of type const unsigned int
0512 06D0             (           main.s):05959                 FDB     $06D0           decimal 1744
                      (           main.s):05960         * Element 602 of array, of type const unsigned int
0514 06CD             (           main.s):05961                 FDB     $06CD           decimal 1741
                      (           main.s):05962         * Element 603 of array, of type const unsigned int
0516 06CA             (           main.s):05963                 FDB     $06CA           decimal 1738
                      (           main.s):05964         * Element 604 of array, of type const unsigned int
0518 06C8             (           main.s):05965                 FDB     $06C8           decimal 1736
                      (           main.s):05966         * Element 605 of array, of type const unsigned int
051A 06C5             (           main.s):05967                 FDB     $06C5           decimal 1733
                      (           main.s):05968         * Element 606 of array, of type const unsigned int
051C 06C2             (           main.s):05969                 FDB     $06C2           decimal 1730
                      (           main.s):05970         * Element 607 of array, of type const unsigned int
051E 06BF             (           main.s):05971                 FDB     $06BF           decimal 1727
                      (           main.s):05972         * Element 608 of array, of type const unsigned int
0520 06BC             (           main.s):05973                 FDB     $06BC           decimal 1724
                      (           main.s):05974         * Element 609 of array, of type const unsigned int
0522 06B9             (           main.s):05975                 FDB     $06B9           decimal 1721
                      (           main.s):05976         * Element 610 of array, of type const unsigned int
0524 06B6             (           main.s):05977                 FDB     $06B6           decimal 1718
                      (           main.s):05978         * Element 611 of array, of type const unsigned int
0526 06B4             (           main.s):05979                 FDB     $06B4           decimal 1716
                      (           main.s):05980         * Element 612 of array, of type const unsigned int
0528 06B1             (           main.s):05981                 FDB     $06B1           decimal 1713
                      (           main.s):05982         * Element 613 of array, of type const unsigned int
052A 06AE             (           main.s):05983                 FDB     $06AE           decimal 1710
                      (           main.s):05984         * Element 614 of array, of type const unsigned int
052C 06AB             (           main.s):05985                 FDB     $06AB           decimal 1707
                      (           main.s):05986         * Element 615 of array, of type const unsigned int
052E 06A8             (           main.s):05987                 FDB     $06A8           decimal 1704
                      (           main.s):05988         * Element 616 of array, of type const unsigned int
0530 06A6             (           main.s):05989                 FDB     $06A6           decimal 1702
                      (           main.s):05990         * Element 617 of array, of type const unsigned int
0532 06A3             (           main.s):05991                 FDB     $06A3           decimal 1699
                      (           main.s):05992         * Element 618 of array, of type const unsigned int
0534 06A0             (           main.s):05993                 FDB     $06A0           decimal 1696
                      (           main.s):05994         * Element 619 of array, of type const unsigned int
0536 069D             (           main.s):05995                 FDB     $069D           decimal 1693
                      (           main.s):05996         * Element 620 of array, of type const unsigned int
0538 069B             (           main.s):05997                 FDB     $069B           decimal 1691
                      (           main.s):05998         * Element 621 of array, of type const unsigned int
053A 0698             (           main.s):05999                 FDB     $0698           decimal 1688
                      (           main.s):06000         * Element 622 of array, of type const unsigned int
053C 0695             (           main.s):06001                 FDB     $0695           decimal 1685
                      (           main.s):06002         * Element 623 of array, of type const unsigned int
053E 0693             (           main.s):06003                 FDB     $0693           decimal 1683
                      (           main.s):06004         * Element 624 of array, of type const unsigned int
0540 0690             (           main.s):06005                 FDB     $0690           decimal 1680
                      (           main.s):06006         * Element 625 of array, of type const unsigned int
0542 068D             (           main.s):06007                 FDB     $068D           decimal 1677
                      (           main.s):06008         * Element 626 of array, of type const unsigned int
0544 068B             (           main.s):06009                 FDB     $068B           decimal 1675
                      (           main.s):06010         * Element 627 of array, of type const unsigned int
0546 0688             (           main.s):06011                 FDB     $0688           decimal 1672
                      (           main.s):06012         * Element 628 of array, of type const unsigned int
0548 0685             (           main.s):06013                 FDB     $0685           decimal 1669
                      (           main.s):06014         * Element 629 of array, of type const unsigned int
054A 0683             (           main.s):06015                 FDB     $0683           decimal 1667
                      (           main.s):06016         * Element 630 of array, of type const unsigned int
054C 0680             (           main.s):06017                 FDB     $0680           decimal 1664
                      (           main.s):06018         * Element 631 of array, of type const unsigned int
054E 067D             (           main.s):06019                 FDB     $067D           decimal 1661
                      (           main.s):06020         * Element 632 of array, of type const unsigned int
0550 067B             (           main.s):06021                 FDB     $067B           decimal 1659
                      (           main.s):06022         * Element 633 of array, of type const unsigned int
0552 0678             (           main.s):06023                 FDB     $0678           decimal 1656
                      (           main.s):06024         * Element 634 of array, of type const unsigned int
0554 0675             (           main.s):06025                 FDB     $0675           decimal 1653
                      (           main.s):06026         * Element 635 of array, of type const unsigned int
0556 0673             (           main.s):06027                 FDB     $0673           decimal 1651
                      (           main.s):06028         * Element 636 of array, of type const unsigned int
0558 0670             (           main.s):06029                 FDB     $0670           decimal 1648
                      (           main.s):06030         * Element 637 of array, of type const unsigned int
055A 066E             (           main.s):06031                 FDB     $066E           decimal 1646
                      (           main.s):06032         * Element 638 of array, of type const unsigned int
055C 066B             (           main.s):06033                 FDB     $066B           decimal 1643
                      (           main.s):06034         * Element 639 of array, of type const unsigned int
055E 0668             (           main.s):06035                 FDB     $0668           decimal 1640
                      (           main.s):06036         * Element 640 of array, of type const unsigned int
0560 0666             (           main.s):06037                 FDB     $0666           decimal 1638
                      (           main.s):06038         * Element 641 of array, of type const unsigned int
0562 0663             (           main.s):06039                 FDB     $0663           decimal 1635
                      (           main.s):06040         * Element 642 of array, of type const unsigned int
0564 0661             (           main.s):06041                 FDB     $0661           decimal 1633
                      (           main.s):06042         * Element 643 of array, of type const unsigned int
0566 065E             (           main.s):06043                 FDB     $065E           decimal 1630
                      (           main.s):06044         * Element 644 of array, of type const unsigned int
0568 065C             (           main.s):06045                 FDB     $065C           decimal 1628
                      (           main.s):06046         * Element 645 of array, of type const unsigned int
056A 0659             (           main.s):06047                 FDB     $0659           decimal 1625
                      (           main.s):06048         * Element 646 of array, of type const unsigned int
056C 0657             (           main.s):06049                 FDB     $0657           decimal 1623
                      (           main.s):06050         * Element 647 of array, of type const unsigned int
056E 0654             (           main.s):06051                 FDB     $0654           decimal 1620
                      (           main.s):06052         * Element 648 of array, of type const unsigned int
0570 0652             (           main.s):06053                 FDB     $0652           decimal 1618
                      (           main.s):06054         * Element 649 of array, of type const unsigned int
0572 064F             (           main.s):06055                 FDB     $064F           decimal 1615
                      (           main.s):06056         * Element 650 of array, of type const unsigned int
0574 064D             (           main.s):06057                 FDB     $064D           decimal 1613
                      (           main.s):06058         * Element 651 of array, of type const unsigned int
0576 064A             (           main.s):06059                 FDB     $064A           decimal 1610
                      (           main.s):06060         * Element 652 of array, of type const unsigned int
0578 0648             (           main.s):06061                 FDB     $0648           decimal 1608
                      (           main.s):06062         * Element 653 of array, of type const unsigned int
057A 0645             (           main.s):06063                 FDB     $0645           decimal 1605
                      (           main.s):06064         * Element 654 of array, of type const unsigned int
057C 0643             (           main.s):06065                 FDB     $0643           decimal 1603
                      (           main.s):06066         * Element 655 of array, of type const unsigned int
057E 0640             (           main.s):06067                 FDB     $0640           decimal 1600
                      (           main.s):06068         * Element 656 of array, of type const unsigned int
0580 063E             (           main.s):06069                 FDB     $063E           decimal 1598
                      (           main.s):06070         * Element 657 of array, of type const unsigned int
0582 063B             (           main.s):06071                 FDB     $063B           decimal 1595
                      (           main.s):06072         * Element 658 of array, of type const unsigned int
0584 0639             (           main.s):06073                 FDB     $0639           decimal 1593
                      (           main.s):06074         * Element 659 of array, of type const unsigned int
0586 0637             (           main.s):06075                 FDB     $0637           decimal 1591
                      (           main.s):06076         * Element 660 of array, of type const unsigned int
0588 0634             (           main.s):06077                 FDB     $0634           decimal 1588
                      (           main.s):06078         * Element 661 of array, of type const unsigned int
058A 0632             (           main.s):06079                 FDB     $0632           decimal 1586
                      (           main.s):06080         * Element 662 of array, of type const unsigned int
058C 062F             (           main.s):06081                 FDB     $062F           decimal 1583
                      (           main.s):06082         * Element 663 of array, of type const unsigned int
058E 062D             (           main.s):06083                 FDB     $062D           decimal 1581
                      (           main.s):06084         * Element 664 of array, of type const unsigned int
0590 062B             (           main.s):06085                 FDB     $062B           decimal 1579
                      (           main.s):06086         * Element 665 of array, of type const unsigned int
0592 0628             (           main.s):06087                 FDB     $0628           decimal 1576
                      (           main.s):06088         * Element 666 of array, of type const unsigned int
0594 0626             (           main.s):06089                 FDB     $0626           decimal 1574
                      (           main.s):06090         * Element 667 of array, of type const unsigned int
0596 0624             (           main.s):06091                 FDB     $0624           decimal 1572
                      (           main.s):06092         * Element 668 of array, of type const unsigned int
0598 0621             (           main.s):06093                 FDB     $0621           decimal 1569
                      (           main.s):06094         * Element 669 of array, of type const unsigned int
059A 061F             (           main.s):06095                 FDB     $061F           decimal 1567
                      (           main.s):06096         * Element 670 of array, of type const unsigned int
059C 061D             (           main.s):06097                 FDB     $061D           decimal 1565
                      (           main.s):06098         * Element 671 of array, of type const unsigned int
059E 061A             (           main.s):06099                 FDB     $061A           decimal 1562
                      (           main.s):06100         * Element 672 of array, of type const unsigned int
05A0 0618             (           main.s):06101                 FDB     $0618           decimal 1560
                      (           main.s):06102         * Element 673 of array, of type const unsigned int
05A2 0616             (           main.s):06103                 FDB     $0616           decimal 1558
                      (           main.s):06104         * Element 674 of array, of type const unsigned int
05A4 0613             (           main.s):06105                 FDB     $0613           decimal 1555
                      (           main.s):06106         * Element 675 of array, of type const unsigned int
05A6 0611             (           main.s):06107                 FDB     $0611           decimal 1553
                      (           main.s):06108         * Element 676 of array, of type const unsigned int
05A8 060F             (           main.s):06109                 FDB     $060F           decimal 1551
                      (           main.s):06110         * Element 677 of array, of type const unsigned int
05AA 060C             (           main.s):06111                 FDB     $060C           decimal 1548
                      (           main.s):06112         * Element 678 of array, of type const unsigned int
05AC 060A             (           main.s):06113                 FDB     $060A           decimal 1546
                      (           main.s):06114         * Element 679 of array, of type const unsigned int
05AE 0608             (           main.s):06115                 FDB     $0608           decimal 1544
                      (           main.s):06116         * Element 680 of array, of type const unsigned int
05B0 0606             (           main.s):06117                 FDB     $0606           decimal 1542
                      (           main.s):06118         * Element 681 of array, of type const unsigned int
05B2 0603             (           main.s):06119                 FDB     $0603           decimal 1539
                      (           main.s):06120         * Element 682 of array, of type const unsigned int
05B4 0601             (           main.s):06121                 FDB     $0601           decimal 1537
                      (           main.s):06122         * Element 683 of array, of type const unsigned int
05B6 05FF             (           main.s):06123                 FDB     $05FF           decimal 1535
                      (           main.s):06124         * Element 684 of array, of type const unsigned int
05B8 05FC             (           main.s):06125                 FDB     $05FC           decimal 1532
                      (           main.s):06126         * Element 685 of array, of type const unsigned int
05BA 05FA             (           main.s):06127                 FDB     $05FA           decimal 1530
                      (           main.s):06128         * Element 686 of array, of type const unsigned int
05BC 05F8             (           main.s):06129                 FDB     $05F8           decimal 1528
                      (           main.s):06130         * Element 687 of array, of type const unsigned int
05BE 05F6             (           main.s):06131                 FDB     $05F6           decimal 1526
                      (           main.s):06132         * Element 688 of array, of type const unsigned int
05C0 05F4             (           main.s):06133                 FDB     $05F4           decimal 1524
                      (           main.s):06134         * Element 689 of array, of type const unsigned int
05C2 05F1             (           main.s):06135                 FDB     $05F1           decimal 1521
                      (           main.s):06136         * Element 690 of array, of type const unsigned int
05C4 05EF             (           main.s):06137                 FDB     $05EF           decimal 1519
                      (           main.s):06138         * Element 691 of array, of type const unsigned int
05C6 05ED             (           main.s):06139                 FDB     $05ED           decimal 1517
                      (           main.s):06140         * Element 692 of array, of type const unsigned int
05C8 05EB             (           main.s):06141                 FDB     $05EB           decimal 1515
                      (           main.s):06142         * Element 693 of array, of type const unsigned int
05CA 05E9             (           main.s):06143                 FDB     $05E9           decimal 1513
                      (           main.s):06144         * Element 694 of array, of type const unsigned int
05CC 05E6             (           main.s):06145                 FDB     $05E6           decimal 1510
                      (           main.s):06146         * Element 695 of array, of type const unsigned int
05CE 05E4             (           main.s):06147                 FDB     $05E4           decimal 1508
                      (           main.s):06148         * Element 696 of array, of type const unsigned int
05D0 05E2             (           main.s):06149                 FDB     $05E2           decimal 1506
                      (           main.s):06150         * Element 697 of array, of type const unsigned int
05D2 05E0             (           main.s):06151                 FDB     $05E0           decimal 1504
                      (           main.s):06152         * Element 698 of array, of type const unsigned int
05D4 05DE             (           main.s):06153                 FDB     $05DE           decimal 1502
                      (           main.s):06154         * Element 699 of array, of type const unsigned int
05D6 05DC             (           main.s):06155                 FDB     $05DC           decimal 1500
                      (           main.s):06156         * Element 700 of array, of type const unsigned int
05D8 05D9             (           main.s):06157                 FDB     $05D9           decimal 1497
                      (           main.s):06158         * Element 701 of array, of type const unsigned int
05DA 05D7             (           main.s):06159                 FDB     $05D7           decimal 1495
                      (           main.s):06160         * Element 702 of array, of type const unsigned int
05DC 05D5             (           main.s):06161                 FDB     $05D5           decimal 1493
                      (           main.s):06162         * Element 703 of array, of type const unsigned int
05DE 05D3             (           main.s):06163                 FDB     $05D3           decimal 1491
                      (           main.s):06164         * Element 704 of array, of type const unsigned int
05E0 05D1             (           main.s):06165                 FDB     $05D1           decimal 1489
                      (           main.s):06166         * Element 705 of array, of type const unsigned int
05E2 05CF             (           main.s):06167                 FDB     $05CF           decimal 1487
                      (           main.s):06168         * Element 706 of array, of type const unsigned int
05E4 05CD             (           main.s):06169                 FDB     $05CD           decimal 1485
                      (           main.s):06170         * Element 707 of array, of type const unsigned int
05E6 05CB             (           main.s):06171                 FDB     $05CB           decimal 1483
                      (           main.s):06172         * Element 708 of array, of type const unsigned int
05E8 05C9             (           main.s):06173                 FDB     $05C9           decimal 1481
                      (           main.s):06174         * Element 709 of array, of type const unsigned int
05EA 05C6             (           main.s):06175                 FDB     $05C6           decimal 1478
                      (           main.s):06176         * Element 710 of array, of type const unsigned int
05EC 05C4             (           main.s):06177                 FDB     $05C4           decimal 1476
                      (           main.s):06178         * Element 711 of array, of type const unsigned int
05EE 05C2             (           main.s):06179                 FDB     $05C2           decimal 1474
                      (           main.s):06180         * Element 712 of array, of type const unsigned int
05F0 05C0             (           main.s):06181                 FDB     $05C0           decimal 1472
                      (           main.s):06182         * Element 713 of array, of type const unsigned int
05F2 05BE             (           main.s):06183                 FDB     $05BE           decimal 1470
                      (           main.s):06184         * Element 714 of array, of type const unsigned int
05F4 05BC             (           main.s):06185                 FDB     $05BC           decimal 1468
                      (           main.s):06186         * Element 715 of array, of type const unsigned int
05F6 05BA             (           main.s):06187                 FDB     $05BA           decimal 1466
                      (           main.s):06188         * Element 716 of array, of type const unsigned int
05F8 05B8             (           main.s):06189                 FDB     $05B8           decimal 1464
                      (           main.s):06190         * Element 717 of array, of type const unsigned int
05FA 05B6             (           main.s):06191                 FDB     $05B6           decimal 1462
                      (           main.s):06192         * Element 718 of array, of type const unsigned int
05FC 05B4             (           main.s):06193                 FDB     $05B4           decimal 1460
                      (           main.s):06194         * Element 719 of array, of type const unsigned int
05FE 05B2             (           main.s):06195                 FDB     $05B2           decimal 1458
                      (           main.s):06196         * Element 720 of array, of type const unsigned int
0600 05B0             (           main.s):06197                 FDB     $05B0           decimal 1456
                      (           main.s):06198         * Element 721 of array, of type const unsigned int
0602 05AE             (           main.s):06199                 FDB     $05AE           decimal 1454
                      (           main.s):06200         * Element 722 of array, of type const unsigned int
0604 05AC             (           main.s):06201                 FDB     $05AC           decimal 1452
                      (           main.s):06202         * Element 723 of array, of type const unsigned int
0606 05AA             (           main.s):06203                 FDB     $05AA           decimal 1450
                      (           main.s):06204         * Element 724 of array, of type const unsigned int
0608 05A8             (           main.s):06205                 FDB     $05A8           decimal 1448
                      (           main.s):06206         * Element 725 of array, of type const unsigned int
060A 05A6             (           main.s):06207                 FDB     $05A6           decimal 1446
                      (           main.s):06208         * Element 726 of array, of type const unsigned int
060C 05A4             (           main.s):06209                 FDB     $05A4           decimal 1444
                      (           main.s):06210         * Element 727 of array, of type const unsigned int
060E 05A2             (           main.s):06211                 FDB     $05A2           decimal 1442
                      (           main.s):06212         * Element 728 of array, of type const unsigned int
0610 05A0             (           main.s):06213                 FDB     $05A0           decimal 1440
                      (           main.s):06214         * Element 729 of array, of type const unsigned int
0612 059E             (           main.s):06215                 FDB     $059E           decimal 1438
                      (           main.s):06216         * Element 730 of array, of type const unsigned int
0614 059C             (           main.s):06217                 FDB     $059C           decimal 1436
                      (           main.s):06218         * Element 731 of array, of type const unsigned int
0616 059A             (           main.s):06219                 FDB     $059A           decimal 1434
                      (           main.s):06220         * Element 732 of array, of type const unsigned int
0618 0598             (           main.s):06221                 FDB     $0598           decimal 1432
                      (           main.s):06222         * Element 733 of array, of type const unsigned int
061A 0596             (           main.s):06223                 FDB     $0596           decimal 1430
                      (           main.s):06224         * Element 734 of array, of type const unsigned int
061C 0594             (           main.s):06225                 FDB     $0594           decimal 1428
                      (           main.s):06226         * Element 735 of array, of type const unsigned int
061E 0592             (           main.s):06227                 FDB     $0592           decimal 1426
                      (           main.s):06228         * Element 736 of array, of type const unsigned int
0620 0590             (           main.s):06229                 FDB     $0590           decimal 1424
                      (           main.s):06230         * Element 737 of array, of type const unsigned int
0622 058E             (           main.s):06231                 FDB     $058E           decimal 1422
                      (           main.s):06232         * Element 738 of array, of type const unsigned int
0624 058C             (           main.s):06233                 FDB     $058C           decimal 1420
                      (           main.s):06234         * Element 739 of array, of type const unsigned int
0626 058A             (           main.s):06235                 FDB     $058A           decimal 1418
                      (           main.s):06236         * Element 740 of array, of type const unsigned int
0628 0588             (           main.s):06237                 FDB     $0588           decimal 1416
                      (           main.s):06238         * Element 741 of array, of type const unsigned int
062A 0587             (           main.s):06239                 FDB     $0587           decimal 1415
                      (           main.s):06240         * Element 742 of array, of type const unsigned int
062C 0585             (           main.s):06241                 FDB     $0585           decimal 1413
                      (           main.s):06242         * Element 743 of array, of type const unsigned int
062E 0583             (           main.s):06243                 FDB     $0583           decimal 1411
                      (           main.s):06244         * Element 744 of array, of type const unsigned int
0630 0581             (           main.s):06245                 FDB     $0581           decimal 1409
                      (           main.s):06246         * Element 745 of array, of type const unsigned int
0632 057F             (           main.s):06247                 FDB     $057F           decimal 1407
                      (           main.s):06248         * Element 746 of array, of type const unsigned int
0634 057D             (           main.s):06249                 FDB     $057D           decimal 1405
                      (           main.s):06250         * Element 747 of array, of type const unsigned int
0636 057B             (           main.s):06251                 FDB     $057B           decimal 1403
                      (           main.s):06252         * Element 748 of array, of type const unsigned int
0638 0579             (           main.s):06253                 FDB     $0579           decimal 1401
                      (           main.s):06254         * Element 749 of array, of type const unsigned int
063A 0577             (           main.s):06255                 FDB     $0577           decimal 1399
                      (           main.s):06256         * Element 750 of array, of type const unsigned int
063C 0576             (           main.s):06257                 FDB     $0576           decimal 1398
                      (           main.s):06258         * Element 751 of array, of type const unsigned int
063E 0574             (           main.s):06259                 FDB     $0574           decimal 1396
                      (           main.s):06260         * Element 752 of array, of type const unsigned int
0640 0572             (           main.s):06261                 FDB     $0572           decimal 1394
                      (           main.s):06262         * Element 753 of array, of type const unsigned int
0642 0570             (           main.s):06263                 FDB     $0570           decimal 1392
                      (           main.s):06264         * Element 754 of array, of type const unsigned int
0644 056E             (           main.s):06265                 FDB     $056E           decimal 1390
                      (           main.s):06266         * Element 755 of array, of type const unsigned int
0646 056C             (           main.s):06267                 FDB     $056C           decimal 1388
                      (           main.s):06268         * Element 756 of array, of type const unsigned int
0648 056A             (           main.s):06269                 FDB     $056A           decimal 1386
                      (           main.s):06270         * Element 757 of array, of type const unsigned int
064A 0569             (           main.s):06271                 FDB     $0569           decimal 1385
                      (           main.s):06272         * Element 758 of array, of type const unsigned int
064C 0567             (           main.s):06273                 FDB     $0567           decimal 1383
                      (           main.s):06274         * Element 759 of array, of type const unsigned int
064E 0565             (           main.s):06275                 FDB     $0565           decimal 1381
                      (           main.s):06276         * Element 760 of array, of type const unsigned int
0650 0563             (           main.s):06277                 FDB     $0563           decimal 1379
                      (           main.s):06278         * Element 761 of array, of type const unsigned int
0652 0561             (           main.s):06279                 FDB     $0561           decimal 1377
                      (           main.s):06280         * Element 762 of array, of type const unsigned int
0654 0560             (           main.s):06281                 FDB     $0560           decimal 1376
                      (           main.s):06282         * Element 763 of array, of type const unsigned int
0656 055E             (           main.s):06283                 FDB     $055E           decimal 1374
                      (           main.s):06284         * Element 764 of array, of type const unsigned int
0658 055C             (           main.s):06285                 FDB     $055C           decimal 1372
                      (           main.s):06286         * Element 765 of array, of type const unsigned int
065A 055A             (           main.s):06287                 FDB     $055A           decimal 1370
                      (           main.s):06288         * Element 766 of array, of type const unsigned int
065C 0558             (           main.s):06289                 FDB     $0558           decimal 1368
                      (           main.s):06290         * Element 767 of array, of type const unsigned int
065E 0557             (           main.s):06291                 FDB     $0557           decimal 1367
                      (           main.s):06292         * Element 768 of array, of type const unsigned int
0660 0555             (           main.s):06293                 FDB     $0555           decimal 1365
                      (           main.s):06294         * Element 769 of array, of type const unsigned int
0662 0553             (           main.s):06295                 FDB     $0553           decimal 1363
                      (           main.s):06296         * Element 770 of array, of type const unsigned int
0664 0551             (           main.s):06297                 FDB     $0551           decimal 1361
                      (           main.s):06298         * Element 771 of array, of type const unsigned int
0666 0550             (           main.s):06299                 FDB     $0550           decimal 1360
                      (           main.s):06300         * Element 772 of array, of type const unsigned int
0668 054E             (           main.s):06301                 FDB     $054E           decimal 1358
                      (           main.s):06302         * Element 773 of array, of type const unsigned int
066A 054C             (           main.s):06303                 FDB     $054C           decimal 1356
                      (           main.s):06304         * Element 774 of array, of type const unsigned int
066C 054A             (           main.s):06305                 FDB     $054A           decimal 1354
                      (           main.s):06306         * Element 775 of array, of type const unsigned int
066E 0548             (           main.s):06307                 FDB     $0548           decimal 1352
                      (           main.s):06308         * Element 776 of array, of type const unsigned int
0670 0547             (           main.s):06309                 FDB     $0547           decimal 1351
                      (           main.s):06310         * Element 777 of array, of type const unsigned int
0672 0545             (           main.s):06311                 FDB     $0545           decimal 1349
                      (           main.s):06312         * Element 778 of array, of type const unsigned int
0674 0543             (           main.s):06313                 FDB     $0543           decimal 1347
                      (           main.s):06314         * Element 779 of array, of type const unsigned int
0676 0542             (           main.s):06315                 FDB     $0542           decimal 1346
                      (           main.s):06316         * Element 780 of array, of type const unsigned int
0678 0540             (           main.s):06317                 FDB     $0540           decimal 1344
                      (           main.s):06318         * Element 781 of array, of type const unsigned int
067A 053E             (           main.s):06319                 FDB     $053E           decimal 1342
                      (           main.s):06320         * Element 782 of array, of type const unsigned int
067C 053C             (           main.s):06321                 FDB     $053C           decimal 1340
                      (           main.s):06322         * Element 783 of array, of type const unsigned int
067E 053B             (           main.s):06323                 FDB     $053B           decimal 1339
                      (           main.s):06324         * Element 784 of array, of type const unsigned int
0680 0539             (           main.s):06325                 FDB     $0539           decimal 1337
                      (           main.s):06326         * Element 785 of array, of type const unsigned int
0682 0537             (           main.s):06327                 FDB     $0537           decimal 1335
                      (           main.s):06328         * Element 786 of array, of type const unsigned int
0684 0536             (           main.s):06329                 FDB     $0536           decimal 1334
                      (           main.s):06330         * Element 787 of array, of type const unsigned int
0686 0534             (           main.s):06331                 FDB     $0534           decimal 1332
                      (           main.s):06332         * Element 788 of array, of type const unsigned int
0688 0532             (           main.s):06333                 FDB     $0532           decimal 1330
                      (           main.s):06334         * Element 789 of array, of type const unsigned int
068A 0530             (           main.s):06335                 FDB     $0530           decimal 1328
                      (           main.s):06336         * Element 790 of array, of type const unsigned int
068C 052F             (           main.s):06337                 FDB     $052F           decimal 1327
                      (           main.s):06338         * Element 791 of array, of type const unsigned int
068E 052D             (           main.s):06339                 FDB     $052D           decimal 1325
                      (           main.s):06340         * Element 792 of array, of type const unsigned int
0690 052B             (           main.s):06341                 FDB     $052B           decimal 1323
                      (           main.s):06342         * Element 793 of array, of type const unsigned int
0692 052A             (           main.s):06343                 FDB     $052A           decimal 1322
                      (           main.s):06344         * Element 794 of array, of type const unsigned int
0694 0528             (           main.s):06345                 FDB     $0528           decimal 1320
                      (           main.s):06346         * Element 795 of array, of type const unsigned int
0696 0526             (           main.s):06347                 FDB     $0526           decimal 1318
                      (           main.s):06348         * Element 796 of array, of type const unsigned int
0698 0525             (           main.s):06349                 FDB     $0525           decimal 1317
                      (           main.s):06350         * Element 797 of array, of type const unsigned int
069A 0523             (           main.s):06351                 FDB     $0523           decimal 1315
                      (           main.s):06352         * Element 798 of array, of type const unsigned int
069C 0521             (           main.s):06353                 FDB     $0521           decimal 1313
                      (           main.s):06354         * Element 799 of array, of type const unsigned int
069E 0520             (           main.s):06355                 FDB     $0520           decimal 1312
                      (           main.s):06356         * Element 800 of array, of type const unsigned int
06A0 051E             (           main.s):06357                 FDB     $051E           decimal 1310
                      (           main.s):06358         * Element 801 of array, of type const unsigned int
06A2 051D             (           main.s):06359                 FDB     $051D           decimal 1309
                      (           main.s):06360         * Element 802 of array, of type const unsigned int
06A4 051B             (           main.s):06361                 FDB     $051B           decimal 1307
                      (           main.s):06362         * Element 803 of array, of type const unsigned int
06A6 0519             (           main.s):06363                 FDB     $0519           decimal 1305
                      (           main.s):06364         * Element 804 of array, of type const unsigned int
06A8 0518             (           main.s):06365                 FDB     $0518           decimal 1304
                      (           main.s):06366         * Element 805 of array, of type const unsigned int
06AA 0516             (           main.s):06367                 FDB     $0516           decimal 1302
                      (           main.s):06368         * Element 806 of array, of type const unsigned int
06AC 0514             (           main.s):06369                 FDB     $0514           decimal 1300
                      (           main.s):06370         * Element 807 of array, of type const unsigned int
06AE 0513             (           main.s):06371                 FDB     $0513           decimal 1299
                      (           main.s):06372         * Element 808 of array, of type const unsigned int
06B0 0511             (           main.s):06373                 FDB     $0511           decimal 1297
                      (           main.s):06374         * Element 809 of array, of type const unsigned int
06B2 0510             (           main.s):06375                 FDB     $0510           decimal 1296
                      (           main.s):06376         * Element 810 of array, of type const unsigned int
06B4 050E             (           main.s):06377                 FDB     $050E           decimal 1294
                      (           main.s):06378         * Element 811 of array, of type const unsigned int
06B6 050C             (           main.s):06379                 FDB     $050C           decimal 1292
                      (           main.s):06380         * Element 812 of array, of type const unsigned int
06B8 050B             (           main.s):06381                 FDB     $050B           decimal 1291
                      (           main.s):06382         * Element 813 of array, of type const unsigned int
06BA 0509             (           main.s):06383                 FDB     $0509           decimal 1289
                      (           main.s):06384         * Element 814 of array, of type const unsigned int
06BC 0508             (           main.s):06385                 FDB     $0508           decimal 1288
                      (           main.s):06386         * Element 815 of array, of type const unsigned int
06BE 0506             (           main.s):06387                 FDB     $0506           decimal 1286
                      (           main.s):06388         * Element 816 of array, of type const unsigned int
06C0 0505             (           main.s):06389                 FDB     $0505           decimal 1285
                      (           main.s):06390         * Element 817 of array, of type const unsigned int
06C2 0503             (           main.s):06391                 FDB     $0503           decimal 1283
                      (           main.s):06392         * Element 818 of array, of type const unsigned int
06C4 0501             (           main.s):06393                 FDB     $0501           decimal 1281
                      (           main.s):06394         * Element 819 of array, of type const unsigned int
06C6 0500             (           main.s):06395                 FDB     $0500           decimal 1280
                      (           main.s):06396         * Element 820 of array, of type const unsigned int
06C8 04FE             (           main.s):06397                 FDB     $04FE           decimal 1278
                      (           main.s):06398         * Element 821 of array, of type const unsigned int
06CA 04FD             (           main.s):06399                 FDB     $04FD           decimal 1277
                      (           main.s):06400         * Element 822 of array, of type const unsigned int
06CC 04FB             (           main.s):06401                 FDB     $04FB           decimal 1275
                      (           main.s):06402         * Element 823 of array, of type const unsigned int
06CE 04FA             (           main.s):06403                 FDB     $04FA           decimal 1274
                      (           main.s):06404         * Element 824 of array, of type const unsigned int
06D0 04F8             (           main.s):06405                 FDB     $04F8           decimal 1272
                      (           main.s):06406         * Element 825 of array, of type const unsigned int
06D2 04F6             (           main.s):06407                 FDB     $04F6           decimal 1270
                      (           main.s):06408         * Element 826 of array, of type const unsigned int
06D4 04F5             (           main.s):06409                 FDB     $04F5           decimal 1269
                      (           main.s):06410         * Element 827 of array, of type const unsigned int
06D6 04F3             (           main.s):06411                 FDB     $04F3           decimal 1267
                      (           main.s):06412         * Element 828 of array, of type const unsigned int
06D8 04F2             (           main.s):06413                 FDB     $04F2           decimal 1266
                      (           main.s):06414         * Element 829 of array, of type const unsigned int
06DA 04F0             (           main.s):06415                 FDB     $04F0           decimal 1264
                      (           main.s):06416         * Element 830 of array, of type const unsigned int
06DC 04EF             (           main.s):06417                 FDB     $04EF           decimal 1263
                      (           main.s):06418         * Element 831 of array, of type const unsigned int
06DE 04ED             (           main.s):06419                 FDB     $04ED           decimal 1261
                      (           main.s):06420         * Element 832 of array, of type const unsigned int
06E0 04EC             (           main.s):06421                 FDB     $04EC           decimal 1260
                      (           main.s):06422         * Element 833 of array, of type const unsigned int
06E2 04EA             (           main.s):06423                 FDB     $04EA           decimal 1258
                      (           main.s):06424         * Element 834 of array, of type const unsigned int
06E4 04E9             (           main.s):06425                 FDB     $04E9           decimal 1257
                      (           main.s):06426         * Element 835 of array, of type const unsigned int
06E6 04E7             (           main.s):06427                 FDB     $04E7           decimal 1255
                      (           main.s):06428         * Element 836 of array, of type const unsigned int
06E8 04E6             (           main.s):06429                 FDB     $04E6           decimal 1254
                      (           main.s):06430         * Element 837 of array, of type const unsigned int
06EA 04E4             (           main.s):06431                 FDB     $04E4           decimal 1252
                      (           main.s):06432         * Element 838 of array, of type const unsigned int
06EC 04E3             (           main.s):06433                 FDB     $04E3           decimal 1251
                      (           main.s):06434         * Element 839 of array, of type const unsigned int
06EE 04E1             (           main.s):06435                 FDB     $04E1           decimal 1249
                      (           main.s):06436         * Element 840 of array, of type const unsigned int
06F0 04E0             (           main.s):06437                 FDB     $04E0           decimal 1248
                      (           main.s):06438         * Element 841 of array, of type const unsigned int
06F2 04DE             (           main.s):06439                 FDB     $04DE           decimal 1246
                      (           main.s):06440         * Element 842 of array, of type const unsigned int
06F4 04DD             (           main.s):06441                 FDB     $04DD           decimal 1245
                      (           main.s):06442         * Element 843 of array, of type const unsigned int
06F6 04DB             (           main.s):06443                 FDB     $04DB           decimal 1243
                      (           main.s):06444         * Element 844 of array, of type const unsigned int
06F8 04DA             (           main.s):06445                 FDB     $04DA           decimal 1242
                      (           main.s):06446         * Element 845 of array, of type const unsigned int
06FA 04D8             (           main.s):06447                 FDB     $04D8           decimal 1240
                      (           main.s):06448         * Element 846 of array, of type const unsigned int
06FC 04D7             (           main.s):06449                 FDB     $04D7           decimal 1239
                      (           main.s):06450         * Element 847 of array, of type const unsigned int
06FE 04D5             (           main.s):06451                 FDB     $04D5           decimal 1237
                      (           main.s):06452         * Element 848 of array, of type const unsigned int
0700 04D4             (           main.s):06453                 FDB     $04D4           decimal 1236
                      (           main.s):06454         * Element 849 of array, of type const unsigned int
0702 04D3             (           main.s):06455                 FDB     $04D3           decimal 1235
                      (           main.s):06456         * Element 850 of array, of type const unsigned int
0704 04D1             (           main.s):06457                 FDB     $04D1           decimal 1233
                      (           main.s):06458         * Element 851 of array, of type const unsigned int
0706 04D0             (           main.s):06459                 FDB     $04D0           decimal 1232
                      (           main.s):06460         * Element 852 of array, of type const unsigned int
0708 04CE             (           main.s):06461                 FDB     $04CE           decimal 1230
                      (           main.s):06462         * Element 853 of array, of type const unsigned int
070A 04CD             (           main.s):06463                 FDB     $04CD           decimal 1229
                      (           main.s):06464         * Element 854 of array, of type const unsigned int
070C 04CB             (           main.s):06465                 FDB     $04CB           decimal 1227
                      (           main.s):06466         * Element 855 of array, of type const unsigned int
070E 04CA             (           main.s):06467                 FDB     $04CA           decimal 1226
                      (           main.s):06468         * Element 856 of array, of type const unsigned int
0710 04C8             (           main.s):06469                 FDB     $04C8           decimal 1224
                      (           main.s):06470         * Element 857 of array, of type const unsigned int
0712 04C7             (           main.s):06471                 FDB     $04C7           decimal 1223
                      (           main.s):06472         * Element 858 of array, of type const unsigned int
0714 04C6             (           main.s):06473                 FDB     $04C6           decimal 1222
                      (           main.s):06474         * Element 859 of array, of type const unsigned int
0716 04C4             (           main.s):06475                 FDB     $04C4           decimal 1220
                      (           main.s):06476         * Element 860 of array, of type const unsigned int
0718 04C3             (           main.s):06477                 FDB     $04C3           decimal 1219
                      (           main.s):06478         * Element 861 of array, of type const unsigned int
071A 04C1             (           main.s):06479                 FDB     $04C1           decimal 1217
                      (           main.s):06480         * Element 862 of array, of type const unsigned int
071C 04C0             (           main.s):06481                 FDB     $04C0           decimal 1216
                      (           main.s):06482         * Element 863 of array, of type const unsigned int
071E 04BF             (           main.s):06483                 FDB     $04BF           decimal 1215
                      (           main.s):06484         * Element 864 of array, of type const unsigned int
0720 04BD             (           main.s):06485                 FDB     $04BD           decimal 1213
                      (           main.s):06486         * Element 865 of array, of type const unsigned int
0722 04BC             (           main.s):06487                 FDB     $04BC           decimal 1212
                      (           main.s):06488         * Element 866 of array, of type const unsigned int
0724 04BA             (           main.s):06489                 FDB     $04BA           decimal 1210
                      (           main.s):06490         * Element 867 of array, of type const unsigned int
0726 04B9             (           main.s):06491                 FDB     $04B9           decimal 1209
                      (           main.s):06492         * Element 868 of array, of type const unsigned int
0728 04B8             (           main.s):06493                 FDB     $04B8           decimal 1208
                      (           main.s):06494         * Element 869 of array, of type const unsigned int
072A 04B6             (           main.s):06495                 FDB     $04B6           decimal 1206
                      (           main.s):06496         * Element 870 of array, of type const unsigned int
072C 04B5             (           main.s):06497                 FDB     $04B5           decimal 1205
                      (           main.s):06498         * Element 871 of array, of type const unsigned int
072E 04B3             (           main.s):06499                 FDB     $04B3           decimal 1203
                      (           main.s):06500         * Element 872 of array, of type const unsigned int
0730 04B2             (           main.s):06501                 FDB     $04B2           decimal 1202
                      (           main.s):06502         * Element 873 of array, of type const unsigned int
0732 04B1             (           main.s):06503                 FDB     $04B1           decimal 1201
                      (           main.s):06504         * Element 874 of array, of type const unsigned int
0734 04AF             (           main.s):06505                 FDB     $04AF           decimal 1199
                      (           main.s):06506         * Element 875 of array, of type const unsigned int
0736 04AE             (           main.s):06507                 FDB     $04AE           decimal 1198
                      (           main.s):06508         * Element 876 of array, of type const unsigned int
0738 04AC             (           main.s):06509                 FDB     $04AC           decimal 1196
                      (           main.s):06510         * Element 877 of array, of type const unsigned int
073A 04AB             (           main.s):06511                 FDB     $04AB           decimal 1195
                      (           main.s):06512         * Element 878 of array, of type const unsigned int
073C 04AA             (           main.s):06513                 FDB     $04AA           decimal 1194
                      (           main.s):06514         * Element 879 of array, of type const unsigned int
073E 04A8             (           main.s):06515                 FDB     $04A8           decimal 1192
                      (           main.s):06516         * Element 880 of array, of type const unsigned int
0740 04A7             (           main.s):06517                 FDB     $04A7           decimal 1191
                      (           main.s):06518         * Element 881 of array, of type const unsigned int
0742 04A6             (           main.s):06519                 FDB     $04A6           decimal 1190
                      (           main.s):06520         * Element 882 of array, of type const unsigned int
0744 04A4             (           main.s):06521                 FDB     $04A4           decimal 1188
                      (           main.s):06522         * Element 883 of array, of type const unsigned int
0746 04A3             (           main.s):06523                 FDB     $04A3           decimal 1187
                      (           main.s):06524         * Element 884 of array, of type const unsigned int
0748 04A2             (           main.s):06525                 FDB     $04A2           decimal 1186
                      (           main.s):06526         * Element 885 of array, of type const unsigned int
074A 04A0             (           main.s):06527                 FDB     $04A0           decimal 1184
                      (           main.s):06528         * Element 886 of array, of type const unsigned int
074C 049F             (           main.s):06529                 FDB     $049F           decimal 1183
                      (           main.s):06530         * Element 887 of array, of type const unsigned int
074E 049E             (           main.s):06531                 FDB     $049E           decimal 1182
                      (           main.s):06532         * Element 888 of array, of type const unsigned int
0750 049C             (           main.s):06533                 FDB     $049C           decimal 1180
                      (           main.s):06534         * Element 889 of array, of type const unsigned int
0752 049B             (           main.s):06535                 FDB     $049B           decimal 1179
                      (           main.s):06536         * Element 890 of array, of type const unsigned int
0754 049A             (           main.s):06537                 FDB     $049A           decimal 1178
                      (           main.s):06538         * Element 891 of array, of type const unsigned int
0756 0498             (           main.s):06539                 FDB     $0498           decimal 1176
                      (           main.s):06540         * Element 892 of array, of type const unsigned int
0758 0497             (           main.s):06541                 FDB     $0497           decimal 1175
                      (           main.s):06542         * Element 893 of array, of type const unsigned int
075A 0496             (           main.s):06543                 FDB     $0496           decimal 1174
                      (           main.s):06544         * Element 894 of array, of type const unsigned int
075C 0494             (           main.s):06545                 FDB     $0494           decimal 1172
                      (           main.s):06546         * Element 895 of array, of type const unsigned int
075E 0493             (           main.s):06547                 FDB     $0493           decimal 1171
                      (           main.s):06548         * Element 896 of array, of type const unsigned int
0760 0492             (           main.s):06549                 FDB     $0492           decimal 1170
                      (           main.s):06550         * Element 897 of array, of type const unsigned int
0762 0490             (           main.s):06551                 FDB     $0490           decimal 1168
                      (           main.s):06552         * Element 898 of array, of type const unsigned int
0764 048F             (           main.s):06553                 FDB     $048F           decimal 1167
                      (           main.s):06554         * Element 899 of array, of type const unsigned int
0766 048E             (           main.s):06555                 FDB     $048E           decimal 1166
                      (           main.s):06556         * Element 900 of array, of type const unsigned int
0768 048D             (           main.s):06557                 FDB     $048D           decimal 1165
                      (           main.s):06558         * Element 901 of array, of type const unsigned int
076A 048B             (           main.s):06559                 FDB     $048B           decimal 1163
                      (           main.s):06560         * Element 902 of array, of type const unsigned int
076C 048A             (           main.s):06561                 FDB     $048A           decimal 1162
                      (           main.s):06562         * Element 903 of array, of type const unsigned int
076E 0489             (           main.s):06563                 FDB     $0489           decimal 1161
                      (           main.s):06564         * Element 904 of array, of type const unsigned int
0770 0487             (           main.s):06565                 FDB     $0487           decimal 1159
                      (           main.s):06566         * Element 905 of array, of type const unsigned int
0772 0486             (           main.s):06567                 FDB     $0486           decimal 1158
                      (           main.s):06568         * Element 906 of array, of type const unsigned int
0774 0485             (           main.s):06569                 FDB     $0485           decimal 1157
                      (           main.s):06570         * Element 907 of array, of type const unsigned int
0776 0484             (           main.s):06571                 FDB     $0484           decimal 1156
                      (           main.s):06572         * Element 908 of array, of type const unsigned int
0778 0482             (           main.s):06573                 FDB     $0482           decimal 1154
                      (           main.s):06574         * Element 909 of array, of type const unsigned int
077A 0481             (           main.s):06575                 FDB     $0481           decimal 1153
                      (           main.s):06576         * Element 910 of array, of type const unsigned int
077C 0480             (           main.s):06577                 FDB     $0480           decimal 1152
                      (           main.s):06578         * Element 911 of array, of type const unsigned int
077E 047E             (           main.s):06579                 FDB     $047E           decimal 1150
                      (           main.s):06580         * Element 912 of array, of type const unsigned int
0780 047D             (           main.s):06581                 FDB     $047D           decimal 1149
                      (           main.s):06582         * Element 913 of array, of type const unsigned int
0782 047C             (           main.s):06583                 FDB     $047C           decimal 1148
                      (           main.s):06584         * Element 914 of array, of type const unsigned int
0784 047B             (           main.s):06585                 FDB     $047B           decimal 1147
                      (           main.s):06586         * Element 915 of array, of type const unsigned int
0786 0479             (           main.s):06587                 FDB     $0479           decimal 1145
                      (           main.s):06588         * Element 916 of array, of type const unsigned int
0788 0478             (           main.s):06589                 FDB     $0478           decimal 1144
                      (           main.s):06590         * Element 917 of array, of type const unsigned int
078A 0477             (           main.s):06591                 FDB     $0477           decimal 1143
                      (           main.s):06592         * Element 918 of array, of type const unsigned int
078C 0476             (           main.s):06593                 FDB     $0476           decimal 1142
                      (           main.s):06594         * Element 919 of array, of type const unsigned int
078E 0474             (           main.s):06595                 FDB     $0474           decimal 1140
                      (           main.s):06596         * Element 920 of array, of type const unsigned int
0790 0473             (           main.s):06597                 FDB     $0473           decimal 1139
                      (           main.s):06598         * Element 921 of array, of type const unsigned int
0792 0472             (           main.s):06599                 FDB     $0472           decimal 1138
                      (           main.s):06600         * Element 922 of array, of type const unsigned int
0794 0471             (           main.s):06601                 FDB     $0471           decimal 1137
                      (           main.s):06602         * Element 923 of array, of type const unsigned int
0796 0470             (           main.s):06603                 FDB     $0470           decimal 1136
                      (           main.s):06604         * Element 924 of array, of type const unsigned int
0798 046E             (           main.s):06605                 FDB     $046E           decimal 1134
                      (           main.s):06606         * Element 925 of array, of type const unsigned int
079A 046D             (           main.s):06607                 FDB     $046D           decimal 1133
                      (           main.s):06608         * Element 926 of array, of type const unsigned int
079C 046C             (           main.s):06609                 FDB     $046C           decimal 1132
                      (           main.s):06610         * Element 927 of array, of type const unsigned int
079E 046B             (           main.s):06611                 FDB     $046B           decimal 1131
                      (           main.s):06612         * Element 928 of array, of type const unsigned int
07A0 0469             (           main.s):06613                 FDB     $0469           decimal 1129
                      (           main.s):06614         * Element 929 of array, of type const unsigned int
07A2 0468             (           main.s):06615                 FDB     $0468           decimal 1128
                      (           main.s):06616         * Element 930 of array, of type const unsigned int
07A4 0467             (           main.s):06617                 FDB     $0467           decimal 1127
                      (           main.s):06618         * Element 931 of array, of type const unsigned int
07A6 0466             (           main.s):06619                 FDB     $0466           decimal 1126
                      (           main.s):06620         * Element 932 of array, of type const unsigned int
07A8 0465             (           main.s):06621                 FDB     $0465           decimal 1125
                      (           main.s):06622         * Element 933 of array, of type const unsigned int
07AA 0463             (           main.s):06623                 FDB     $0463           decimal 1123
                      (           main.s):06624         * Element 934 of array, of type const unsigned int
07AC 0462             (           main.s):06625                 FDB     $0462           decimal 1122
                      (           main.s):06626         * Element 935 of array, of type const unsigned int
07AE 0461             (           main.s):06627                 FDB     $0461           decimal 1121
                      (           main.s):06628         * Element 936 of array, of type const unsigned int
07B0 0460             (           main.s):06629                 FDB     $0460           decimal 1120
                      (           main.s):06630         * Element 937 of array, of type const unsigned int
07B2 045F             (           main.s):06631                 FDB     $045F           decimal 1119
                      (           main.s):06632         * Element 938 of array, of type const unsigned int
07B4 045D             (           main.s):06633                 FDB     $045D           decimal 1117
                      (           main.s):06634         * Element 939 of array, of type const unsigned int
07B6 045C             (           main.s):06635                 FDB     $045C           decimal 1116
                      (           main.s):06636         * Element 940 of array, of type const unsigned int
07B8 045B             (           main.s):06637                 FDB     $045B           decimal 1115
                      (           main.s):06638         * Element 941 of array, of type const unsigned int
07BA 045A             (           main.s):06639                 FDB     $045A           decimal 1114
                      (           main.s):06640         * Element 942 of array, of type const unsigned int
07BC 0459             (           main.s):06641                 FDB     $0459           decimal 1113
                      (           main.s):06642         * Element 943 of array, of type const unsigned int
07BE 0457             (           main.s):06643                 FDB     $0457           decimal 1111
                      (           main.s):06644         * Element 944 of array, of type const unsigned int
07C0 0456             (           main.s):06645                 FDB     $0456           decimal 1110
                      (           main.s):06646         * Element 945 of array, of type const unsigned int
07C2 0455             (           main.s):06647                 FDB     $0455           decimal 1109
                      (           main.s):06648         * Element 946 of array, of type const unsigned int
07C4 0454             (           main.s):06649                 FDB     $0454           decimal 1108
                      (           main.s):06650         * Element 947 of array, of type const unsigned int
07C6 0453             (           main.s):06651                 FDB     $0453           decimal 1107
                      (           main.s):06652         * Element 948 of array, of type const unsigned int
07C8 0452             (           main.s):06653                 FDB     $0452           decimal 1106
                      (           main.s):06654         * Element 949 of array, of type const unsigned int
07CA 0450             (           main.s):06655                 FDB     $0450           decimal 1104
                      (           main.s):06656         * Element 950 of array, of type const unsigned int
07CC 044F             (           main.s):06657                 FDB     $044F           decimal 1103
                      (           main.s):06658         * Element 951 of array, of type const unsigned int
07CE 044E             (           main.s):06659                 FDB     $044E           decimal 1102
                      (           main.s):06660         * Element 952 of array, of type const unsigned int
07D0 044D             (           main.s):06661                 FDB     $044D           decimal 1101
                      (           main.s):06662         * Element 953 of array, of type const unsigned int
07D2 044C             (           main.s):06663                 FDB     $044C           decimal 1100
                      (           main.s):06664         * Element 954 of array, of type const unsigned int
07D4 044B             (           main.s):06665                 FDB     $044B           decimal 1099
                      (           main.s):06666         * Element 955 of array, of type const unsigned int
07D6 0449             (           main.s):06667                 FDB     $0449           decimal 1097
                      (           main.s):06668         * Element 956 of array, of type const unsigned int
07D8 0448             (           main.s):06669                 FDB     $0448           decimal 1096
                      (           main.s):06670         * Element 957 of array, of type const unsigned int
07DA 0447             (           main.s):06671                 FDB     $0447           decimal 1095
                      (           main.s):06672         * Element 958 of array, of type const unsigned int
07DC 0446             (           main.s):06673                 FDB     $0446           decimal 1094
                      (           main.s):06674         * Element 959 of array, of type const unsigned int
07DE 0445             (           main.s):06675                 FDB     $0445           decimal 1093
                      (           main.s):06676         * Element 960 of array, of type const unsigned int
07E0 0444             (           main.s):06677                 FDB     $0444           decimal 1092
                      (           main.s):06678         * Element 961 of array, of type const unsigned int
07E2 0443             (           main.s):06679                 FDB     $0443           decimal 1091
                      (           main.s):06680         * Element 962 of array, of type const unsigned int
07E4 0441             (           main.s):06681                 FDB     $0441           decimal 1089
                      (           main.s):06682         * Element 963 of array, of type const unsigned int
07E6 0440             (           main.s):06683                 FDB     $0440           decimal 1088
                      (           main.s):06684         * Element 964 of array, of type const unsigned int
07E8 043F             (           main.s):06685                 FDB     $043F           decimal 1087
                      (           main.s):06686         * Element 965 of array, of type const unsigned int
07EA 043E             (           main.s):06687                 FDB     $043E           decimal 1086
                      (           main.s):06688         * Element 966 of array, of type const unsigned int
07EC 043D             (           main.s):06689                 FDB     $043D           decimal 1085
                      (           main.s):06690         * Element 967 of array, of type const unsigned int
07EE 043C             (           main.s):06691                 FDB     $043C           decimal 1084
                      (           main.s):06692         * Element 968 of array, of type const unsigned int
07F0 043B             (           main.s):06693                 FDB     $043B           decimal 1083
                      (           main.s):06694         * Element 969 of array, of type const unsigned int
07F2 043A             (           main.s):06695                 FDB     $043A           decimal 1082
                      (           main.s):06696         * Element 970 of array, of type const unsigned int
07F4 0438             (           main.s):06697                 FDB     $0438           decimal 1080
                      (           main.s):06698         * Element 971 of array, of type const unsigned int
07F6 0437             (           main.s):06699                 FDB     $0437           decimal 1079
                      (           main.s):06700         * Element 972 of array, of type const unsigned int
07F8 0436             (           main.s):06701                 FDB     $0436           decimal 1078
                      (           main.s):06702         * Element 973 of array, of type const unsigned int
07FA 0435             (           main.s):06703                 FDB     $0435           decimal 1077
                      (           main.s):06704         * Element 974 of array, of type const unsigned int
07FC 0434             (           main.s):06705                 FDB     $0434           decimal 1076
                      (           main.s):06706         * Element 975 of array, of type const unsigned int
07FE 0433             (           main.s):06707                 FDB     $0433           decimal 1075
                      (           main.s):06708         * Element 976 of array, of type const unsigned int
0800 0432             (           main.s):06709                 FDB     $0432           decimal 1074
                      (           main.s):06710         * Element 977 of array, of type const unsigned int
0802 0431             (           main.s):06711                 FDB     $0431           decimal 1073
                      (           main.s):06712         * Element 978 of array, of type const unsigned int
0804 0430             (           main.s):06713                 FDB     $0430           decimal 1072
                      (           main.s):06714         * Element 979 of array, of type const unsigned int
0806 042F             (           main.s):06715                 FDB     $042F           decimal 1071
                      (           main.s):06716         * Element 980 of array, of type const unsigned int
0808 042D             (           main.s):06717                 FDB     $042D           decimal 1069
                      (           main.s):06718         * Element 981 of array, of type const unsigned int
080A 042C             (           main.s):06719                 FDB     $042C           decimal 1068
                      (           main.s):06720         * Element 982 of array, of type const unsigned int
080C 042B             (           main.s):06721                 FDB     $042B           decimal 1067
                      (           main.s):06722         * Element 983 of array, of type const unsigned int
080E 042A             (           main.s):06723                 FDB     $042A           decimal 1066
                      (           main.s):06724         * Element 984 of array, of type const unsigned int
0810 0429             (           main.s):06725                 FDB     $0429           decimal 1065
                      (           main.s):06726         * Element 985 of array, of type const unsigned int
0812 0428             (           main.s):06727                 FDB     $0428           decimal 1064
                      (           main.s):06728         * Element 986 of array, of type const unsigned int
0814 0427             (           main.s):06729                 FDB     $0427           decimal 1063
                      (           main.s):06730         * Element 987 of array, of type const unsigned int
0816 0426             (           main.s):06731                 FDB     $0426           decimal 1062
                      (           main.s):06732         * Element 988 of array, of type const unsigned int
0818 0425             (           main.s):06733                 FDB     $0425           decimal 1061
                      (           main.s):06734         * Element 989 of array, of type const unsigned int
081A 0424             (           main.s):06735                 FDB     $0424           decimal 1060
                      (           main.s):06736         * Element 990 of array, of type const unsigned int
081C 0423             (           main.s):06737                 FDB     $0423           decimal 1059
                      (           main.s):06738         * Element 991 of array, of type const unsigned int
081E 0422             (           main.s):06739                 FDB     $0422           decimal 1058
                      (           main.s):06740         * Element 992 of array, of type const unsigned int
0820 0421             (           main.s):06741                 FDB     $0421           decimal 1057
                      (           main.s):06742         * Element 993 of array, of type const unsigned int
0822 041F             (           main.s):06743                 FDB     $041F           decimal 1055
                      (           main.s):06744         * Element 994 of array, of type const unsigned int
0824 041E             (           main.s):06745                 FDB     $041E           decimal 1054
                      (           main.s):06746         * Element 995 of array, of type const unsigned int
0826 041D             (           main.s):06747                 FDB     $041D           decimal 1053
                      (           main.s):06748         * Element 996 of array, of type const unsigned int
0828 041C             (           main.s):06749                 FDB     $041C           decimal 1052
                      (           main.s):06750         * Element 997 of array, of type const unsigned int
082A 041B             (           main.s):06751                 FDB     $041B           decimal 1051
                      (           main.s):06752         * Element 998 of array, of type const unsigned int
082C 041A             (           main.s):06753                 FDB     $041A           decimal 1050
                      (           main.s):06754         * Element 999 of array, of type const unsigned int
082E 0419             (           main.s):06755                 FDB     $0419           decimal 1049
                      (           main.s):06756         * Element 1000 of array, of type const unsigned int
0830 0418             (           main.s):06757                 FDB     $0418           decimal 1048
                      (           main.s):06758         * Element 1001 of array, of type const unsigned int
0832 0417             (           main.s):06759                 FDB     $0417           decimal 1047
                      (           main.s):06760         * Element 1002 of array, of type const unsigned int
0834 0416             (           main.s):06761                 FDB     $0416           decimal 1046
                      (           main.s):06762         * Element 1003 of array, of type const unsigned int
0836 0415             (           main.s):06763                 FDB     $0415           decimal 1045
                      (           main.s):06764         * Element 1004 of array, of type const unsigned int
0838 0414             (           main.s):06765                 FDB     $0414           decimal 1044
                      (           main.s):06766         * Element 1005 of array, of type const unsigned int
083A 0413             (           main.s):06767                 FDB     $0413           decimal 1043
                      (           main.s):06768         * Element 1006 of array, of type const unsigned int
083C 0412             (           main.s):06769                 FDB     $0412           decimal 1042
                      (           main.s):06770         * Element 1007 of array, of type const unsigned int
083E 0411             (           main.s):06771                 FDB     $0411           decimal 1041
                      (           main.s):06772         * Element 1008 of array, of type const unsigned int
0840 0410             (           main.s):06773                 FDB     $0410           decimal 1040
                      (           main.s):06774         * Element 1009 of array, of type const unsigned int
0842 040F             (           main.s):06775                 FDB     $040F           decimal 1039
                      (           main.s):06776         * Element 1010 of array, of type const unsigned int
0844 040E             (           main.s):06777                 FDB     $040E           decimal 1038
                      (           main.s):06778         * Element 1011 of array, of type const unsigned int
0846 040D             (           main.s):06779                 FDB     $040D           decimal 1037
                      (           main.s):06780         * Element 1012 of array, of type const unsigned int
0848 040C             (           main.s):06781                 FDB     $040C           decimal 1036
                      (           main.s):06782         * Element 1013 of array, of type const unsigned int
084A 040B             (           main.s):06783                 FDB     $040B           decimal 1035
                      (           main.s):06784         * Element 1014 of array, of type const unsigned int
084C 040A             (           main.s):06785                 FDB     $040A           decimal 1034
                      (           main.s):06786         * Element 1015 of array, of type const unsigned int
084E 0409             (           main.s):06787                 FDB     $0409           decimal 1033
                      (           main.s):06788         * Element 1016 of array, of type const unsigned int
0850 0408             (           main.s):06789                 FDB     $0408           decimal 1032
                      (           main.s):06790         * Element 1017 of array, of type const unsigned int
0852 0407             (           main.s):06791                 FDB     $0407           decimal 1031
                      (           main.s):06792         * Element 1018 of array, of type const unsigned int
0854 0406             (           main.s):06793                 FDB     $0406           decimal 1030
                      (           main.s):06794         * Element 1019 of array, of type const unsigned int
0856 0405             (           main.s):06795                 FDB     $0405           decimal 1029
                      (           main.s):06796         * Element 1020 of array, of type const unsigned int
0858 0404             (           main.s):06797                 FDB     $0404           decimal 1028
                      (           main.s):06798         * Element 1021 of array, of type const unsigned int
085A 0402             (           main.s):06799                 FDB     $0402           decimal 1026
                      (           main.s):06800         * Element 1022 of array, of type const unsigned int
085C 0401             (           main.s):06801                 FDB     $0401           decimal 1025
                      (           main.s):06802         * Element 1023 of array, of type const unsigned int
085E 0400             (           main.s):06803                 FDB     $0400           decimal 1024
                      (           main.s):06804         * Element 1024 of array, of type const unsigned int
0860 03FF             (           main.s):06805                 FDB     $03FF           decimal 1023
                      (           main.s):06806         * Element 1025 of array, of type const unsigned int
0862 03FE             (           main.s):06807                 FDB     $03FE           decimal 1022
                      (           main.s):06808         * Element 1026 of array, of type const unsigned int
0864 03FD             (           main.s):06809                 FDB     $03FD           decimal 1021
                      (           main.s):06810         * Element 1027 of array, of type const unsigned int
0866 03FC             (           main.s):06811                 FDB     $03FC           decimal 1020
                      (           main.s):06812         * Element 1028 of array, of type const unsigned int
0868 03FC             (           main.s):06813                 FDB     $03FC           decimal 1020
                      (           main.s):06814         * Element 1029 of array, of type const unsigned int
086A 03FB             (           main.s):06815                 FDB     $03FB           decimal 1019
                      (           main.s):06816         * Element 1030 of array, of type const unsigned int
086C 03FA             (           main.s):06817                 FDB     $03FA           decimal 1018
                      (           main.s):06818         * Element 1031 of array, of type const unsigned int
086E 03F9             (           main.s):06819                 FDB     $03F9           decimal 1017
                      (           main.s):06820         * Element 1032 of array, of type const unsigned int
0870 03F8             (           main.s):06821                 FDB     $03F8           decimal 1016
                      (           main.s):06822         * Element 1033 of array, of type const unsigned int
0872 03F7             (           main.s):06823                 FDB     $03F7           decimal 1015
                      (           main.s):06824         * Element 1034 of array, of type const unsigned int
0874 03F6             (           main.s):06825                 FDB     $03F6           decimal 1014
                      (           main.s):06826         * Element 1035 of array, of type const unsigned int
0876 03F5             (           main.s):06827                 FDB     $03F5           decimal 1013
                      (           main.s):06828         * Element 1036 of array, of type const unsigned int
0878 03F4             (           main.s):06829                 FDB     $03F4           decimal 1012
                      (           main.s):06830         * Element 1037 of array, of type const unsigned int
087A 03F3             (           main.s):06831                 FDB     $03F3           decimal 1011
                      (           main.s):06832         * Element 1038 of array, of type const unsigned int
087C 03F2             (           main.s):06833                 FDB     $03F2           decimal 1010
                      (           main.s):06834         * Element 1039 of array, of type const unsigned int
087E 03F1             (           main.s):06835                 FDB     $03F1           decimal 1009
                      (           main.s):06836         * Element 1040 of array, of type const unsigned int
0880 03F0             (           main.s):06837                 FDB     $03F0           decimal 1008
                      (           main.s):06838         * Element 1041 of array, of type const unsigned int
0882 03EF             (           main.s):06839                 FDB     $03EF           decimal 1007
                      (           main.s):06840         * Element 1042 of array, of type const unsigned int
0884 03EE             (           main.s):06841                 FDB     $03EE           decimal 1006
                      (           main.s):06842         * Element 1043 of array, of type const unsigned int
0886 03ED             (           main.s):06843                 FDB     $03ED           decimal 1005
                      (           main.s):06844         * Element 1044 of array, of type const unsigned int
0888 03EC             (           main.s):06845                 FDB     $03EC           decimal 1004
                      (           main.s):06846         * Element 1045 of array, of type const unsigned int
088A 03EB             (           main.s):06847                 FDB     $03EB           decimal 1003
                      (           main.s):06848         * Element 1046 of array, of type const unsigned int
088C 03EA             (           main.s):06849                 FDB     $03EA           decimal 1002
                      (           main.s):06850         * Element 1047 of array, of type const unsigned int
088E 03E9             (           main.s):06851                 FDB     $03E9           decimal 1001
                      (           main.s):06852         * Element 1048 of array, of type const unsigned int
0890 03E8             (           main.s):06853                 FDB     $03E8           decimal 1000
                      (           main.s):06854         * Element 1049 of array, of type const unsigned int
0892 03E7             (           main.s):06855                 FDB     $03E7           decimal 999
                      (           main.s):06856         * Element 1050 of array, of type const unsigned int
0894 03E6             (           main.s):06857                 FDB     $03E6           decimal 998
                      (           main.s):06858         * Element 1051 of array, of type const unsigned int
0896 03E5             (           main.s):06859                 FDB     $03E5           decimal 997
                      (           main.s):06860         * Element 1052 of array, of type const unsigned int
0898 03E4             (           main.s):06861                 FDB     $03E4           decimal 996
                      (           main.s):06862         * Element 1053 of array, of type const unsigned int
089A 03E3             (           main.s):06863                 FDB     $03E3           decimal 995
                      (           main.s):06864         * Element 1054 of array, of type const unsigned int
089C 03E2             (           main.s):06865                 FDB     $03E2           decimal 994
                      (           main.s):06866         * Element 1055 of array, of type const unsigned int
089E 03E1             (           main.s):06867                 FDB     $03E1           decimal 993
                      (           main.s):06868         * Element 1056 of array, of type const unsigned int
08A0 03E0             (           main.s):06869                 FDB     $03E0           decimal 992
                      (           main.s):06870         * Element 1057 of array, of type const unsigned int
08A2 03E0             (           main.s):06871                 FDB     $03E0           decimal 992
                      (           main.s):06872         * Element 1058 of array, of type const unsigned int
08A4 03DF             (           main.s):06873                 FDB     $03DF           decimal 991
                      (           main.s):06874         * Element 1059 of array, of type const unsigned int
08A6 03DE             (           main.s):06875                 FDB     $03DE           decimal 990
                      (           main.s):06876         * Element 1060 of array, of type const unsigned int
08A8 03DD             (           main.s):06877                 FDB     $03DD           decimal 989
                      (           main.s):06878         * Element 1061 of array, of type const unsigned int
08AA 03DC             (           main.s):06879                 FDB     $03DC           decimal 988
                      (           main.s):06880         * Element 1062 of array, of type const unsigned int
08AC 03DB             (           main.s):06881                 FDB     $03DB           decimal 987
                      (           main.s):06882         * Element 1063 of array, of type const unsigned int
08AE 03DA             (           main.s):06883                 FDB     $03DA           decimal 986
                      (           main.s):06884         * Element 1064 of array, of type const unsigned int
08B0 03D9             (           main.s):06885                 FDB     $03D9           decimal 985
                      (           main.s):06886         * Element 1065 of array, of type const unsigned int
08B2 03D8             (           main.s):06887                 FDB     $03D8           decimal 984
                      (           main.s):06888         * Element 1066 of array, of type const unsigned int
08B4 03D7             (           main.s):06889                 FDB     $03D7           decimal 983
                      (           main.s):06890         * Element 1067 of array, of type const unsigned int
08B6 03D6             (           main.s):06891                 FDB     $03D6           decimal 982
                      (           main.s):06892         * Element 1068 of array, of type const unsigned int
08B8 03D5             (           main.s):06893                 FDB     $03D5           decimal 981
                      (           main.s):06894         * Element 1069 of array, of type const unsigned int
08BA 03D4             (           main.s):06895                 FDB     $03D4           decimal 980
                      (           main.s):06896         * Element 1070 of array, of type const unsigned int
08BC 03D3             (           main.s):06897                 FDB     $03D3           decimal 979
                      (           main.s):06898         * Element 1071 of array, of type const unsigned int
08BE 03D3             (           main.s):06899                 FDB     $03D3           decimal 979
                      (           main.s):06900         * Element 1072 of array, of type const unsigned int
08C0 03D2             (           main.s):06901                 FDB     $03D2           decimal 978
                      (           main.s):06902         * Element 1073 of array, of type const unsigned int
08C2 03D1             (           main.s):06903                 FDB     $03D1           decimal 977
                      (           main.s):06904         * Element 1074 of array, of type const unsigned int
08C4 03D0             (           main.s):06905                 FDB     $03D0           decimal 976
                      (           main.s):06906         * Element 1075 of array, of type const unsigned int
08C6 03CF             (           main.s):06907                 FDB     $03CF           decimal 975
                      (           main.s):06908         * Element 1076 of array, of type const unsigned int
08C8 03CE             (           main.s):06909                 FDB     $03CE           decimal 974
                      (           main.s):06910         * Element 1077 of array, of type const unsigned int
08CA 03CD             (           main.s):06911                 FDB     $03CD           decimal 973
                      (           main.s):06912         * Element 1078 of array, of type const unsigned int
08CC 03CC             (           main.s):06913                 FDB     $03CC           decimal 972
                      (           main.s):06914         * Element 1079 of array, of type const unsigned int
08CE 03CB             (           main.s):06915                 FDB     $03CB           decimal 971
                      (           main.s):06916         * Element 1080 of array, of type const unsigned int
08D0 03CA             (           main.s):06917                 FDB     $03CA           decimal 970
                      (           main.s):06918         * Element 1081 of array, of type const unsigned int
08D2 03C9             (           main.s):06919                 FDB     $03C9           decimal 969
                      (           main.s):06920         * Element 1082 of array, of type const unsigned int
08D4 03C9             (           main.s):06921                 FDB     $03C9           decimal 969
                      (           main.s):06922         * Element 1083 of array, of type const unsigned int
08D6 03C8             (           main.s):06923                 FDB     $03C8           decimal 968
                      (           main.s):06924         * Element 1084 of array, of type const unsigned int
08D8 03C7             (           main.s):06925                 FDB     $03C7           decimal 967
                      (           main.s):06926         * Element 1085 of array, of type const unsigned int
08DA 03C6             (           main.s):06927                 FDB     $03C6           decimal 966
                      (           main.s):06928         * Element 1086 of array, of type const unsigned int
08DC 03C5             (           main.s):06929                 FDB     $03C5           decimal 965
                      (           main.s):06930         * Element 1087 of array, of type const unsigned int
08DE 03C4             (           main.s):06931                 FDB     $03C4           decimal 964
                      (           main.s):06932         * Element 1088 of array, of type const unsigned int
08E0 03C3             (           main.s):06933                 FDB     $03C3           decimal 963
                      (           main.s):06934         * Element 1089 of array, of type const unsigned int
08E2 03C2             (           main.s):06935                 FDB     $03C2           decimal 962
                      (           main.s):06936         * Element 1090 of array, of type const unsigned int
08E4 03C1             (           main.s):06937                 FDB     $03C1           decimal 961
                      (           main.s):06938         * Element 1091 of array, of type const unsigned int
08E6 03C1             (           main.s):06939                 FDB     $03C1           decimal 961
                      (           main.s):06940         * Element 1092 of array, of type const unsigned int
08E8 03C0             (           main.s):06941                 FDB     $03C0           decimal 960
                      (           main.s):06942         * Element 1093 of array, of type const unsigned int
08EA 03BF             (           main.s):06943                 FDB     $03BF           decimal 959
                      (           main.s):06944         * Element 1094 of array, of type const unsigned int
08EC 03BE             (           main.s):06945                 FDB     $03BE           decimal 958
                      (           main.s):06946         * Element 1095 of array, of type const unsigned int
08EE 03BD             (           main.s):06947                 FDB     $03BD           decimal 957
                      (           main.s):06948         * Element 1096 of array, of type const unsigned int
08F0 03BC             (           main.s):06949                 FDB     $03BC           decimal 956
                      (           main.s):06950         * Element 1097 of array, of type const unsigned int
08F2 03BB             (           main.s):06951                 FDB     $03BB           decimal 955
                      (           main.s):06952         * Element 1098 of array, of type const unsigned int
08F4 03BA             (           main.s):06953                 FDB     $03BA           decimal 954
                      (           main.s):06954         * Element 1099 of array, of type const unsigned int
08F6 03BA             (           main.s):06955                 FDB     $03BA           decimal 954
                      (           main.s):06956         * Element 1100 of array, of type const unsigned int
08F8 03B9             (           main.s):06957                 FDB     $03B9           decimal 953
                      (           main.s):06958         * Element 1101 of array, of type const unsigned int
08FA 03B8             (           main.s):06959                 FDB     $03B8           decimal 952
                      (           main.s):06960         * Element 1102 of array, of type const unsigned int
08FC 03B7             (           main.s):06961                 FDB     $03B7           decimal 951
                      (           main.s):06962         * Element 1103 of array, of type const unsigned int
08FE 03B6             (           main.s):06963                 FDB     $03B6           decimal 950
                      (           main.s):06964         * Element 1104 of array, of type const unsigned int
0900 03B5             (           main.s):06965                 FDB     $03B5           decimal 949
                      (           main.s):06966         * Element 1105 of array, of type const unsigned int
0902 03B4             (           main.s):06967                 FDB     $03B4           decimal 948
                      (           main.s):06968         * Element 1106 of array, of type const unsigned int
0904 03B4             (           main.s):06969                 FDB     $03B4           decimal 948
                      (           main.s):06970         * Element 1107 of array, of type const unsigned int
0906 03B3             (           main.s):06971                 FDB     $03B3           decimal 947
                      (           main.s):06972         * Element 1108 of array, of type const unsigned int
0908 03B2             (           main.s):06973                 FDB     $03B2           decimal 946
                      (           main.s):06974         * Element 1109 of array, of type const unsigned int
090A 03B1             (           main.s):06975                 FDB     $03B1           decimal 945
                      (           main.s):06976         * Element 1110 of array, of type const unsigned int
090C 03B0             (           main.s):06977                 FDB     $03B0           decimal 944
                      (           main.s):06978         * Element 1111 of array, of type const unsigned int
090E 03AF             (           main.s):06979                 FDB     $03AF           decimal 943
                      (           main.s):06980         * Element 1112 of array, of type const unsigned int
0910 03AE             (           main.s):06981                 FDB     $03AE           decimal 942
                      (           main.s):06982         * Element 1113 of array, of type const unsigned int
0912 03AE             (           main.s):06983                 FDB     $03AE           decimal 942
                      (           main.s):06984         * Element 1114 of array, of type const unsigned int
0914 03AD             (           main.s):06985                 FDB     $03AD           decimal 941
                      (           main.s):06986         * Element 1115 of array, of type const unsigned int
0916 03AC             (           main.s):06987                 FDB     $03AC           decimal 940
                      (           main.s):06988         * Element 1116 of array, of type const unsigned int
0918 03AB             (           main.s):06989                 FDB     $03AB           decimal 939
                      (           main.s):06990         * Element 1117 of array, of type const unsigned int
091A 03AA             (           main.s):06991                 FDB     $03AA           decimal 938
                      (           main.s):06992         * Element 1118 of array, of type const unsigned int
091C 03A9             (           main.s):06993                 FDB     $03A9           decimal 937
                      (           main.s):06994         * Element 1119 of array, of type const unsigned int
091E 03A9             (           main.s):06995                 FDB     $03A9           decimal 937
                      (           main.s):06996         * Element 1120 of array, of type const unsigned int
0920 03A8             (           main.s):06997                 FDB     $03A8           decimal 936
                      (           main.s):06998         * Element 1121 of array, of type const unsigned int
0922 03A7             (           main.s):06999                 FDB     $03A7           decimal 935
                      (           main.s):07000         * Element 1122 of array, of type const unsigned int
0924 03A6             (           main.s):07001                 FDB     $03A6           decimal 934
                      (           main.s):07002         * Element 1123 of array, of type const unsigned int
0926 03A5             (           main.s):07003                 FDB     $03A5           decimal 933
                      (           main.s):07004         * Element 1124 of array, of type const unsigned int
0928 03A4             (           main.s):07005                 FDB     $03A4           decimal 932
                      (           main.s):07006         * Element 1125 of array, of type const unsigned int
092A 03A4             (           main.s):07007                 FDB     $03A4           decimal 932
                      (           main.s):07008         * Element 1126 of array, of type const unsigned int
092C 03A3             (           main.s):07009                 FDB     $03A3           decimal 931
                      (           main.s):07010         * Element 1127 of array, of type const unsigned int
092E 03A2             (           main.s):07011                 FDB     $03A2           decimal 930
                      (           main.s):07012         * Element 1128 of array, of type const unsigned int
0930 03A1             (           main.s):07013                 FDB     $03A1           decimal 929
                      (           main.s):07014         * Element 1129 of array, of type const unsigned int
0932 03A0             (           main.s):07015                 FDB     $03A0           decimal 928
                      (           main.s):07016         * Element 1130 of array, of type const unsigned int
0934 039F             (           main.s):07017                 FDB     $039F           decimal 927
                      (           main.s):07018         * Element 1131 of array, of type const unsigned int
0936 039F             (           main.s):07019                 FDB     $039F           decimal 927
                      (           main.s):07020         * Element 1132 of array, of type const unsigned int
0938 039E             (           main.s):07021                 FDB     $039E           decimal 926
                      (           main.s):07022         * Element 1133 of array, of type const unsigned int
093A 039D             (           main.s):07023                 FDB     $039D           decimal 925
                      (           main.s):07024         * Element 1134 of array, of type const unsigned int
093C 039C             (           main.s):07025                 FDB     $039C           decimal 924
                      (           main.s):07026         * Element 1135 of array, of type const unsigned int
093E 039B             (           main.s):07027                 FDB     $039B           decimal 923
                      (           main.s):07028         * Element 1136 of array, of type const unsigned int
0940 039B             (           main.s):07029                 FDB     $039B           decimal 923
                      (           main.s):07030         * Element 1137 of array, of type const unsigned int
0942 039A             (           main.s):07031                 FDB     $039A           decimal 922
                      (           main.s):07032         * Element 1138 of array, of type const unsigned int
0944 0399             (           main.s):07033                 FDB     $0399           decimal 921
                      (           main.s):07034         * Element 1139 of array, of type const unsigned int
0946 0398             (           main.s):07035                 FDB     $0398           decimal 920
                      (           main.s):07036         * Element 1140 of array, of type const unsigned int
0948 0397             (           main.s):07037                 FDB     $0397           decimal 919
                      (           main.s):07038         * Element 1141 of array, of type const unsigned int
094A 0396             (           main.s):07039                 FDB     $0396           decimal 918
                      (           main.s):07040         * Element 1142 of array, of type const unsigned int
094C 0396             (           main.s):07041                 FDB     $0396           decimal 918
                      (           main.s):07042         * Element 1143 of array, of type const unsigned int
094E 0395             (           main.s):07043                 FDB     $0395           decimal 917
                      (           main.s):07044         * Element 1144 of array, of type const unsigned int
0950 0394             (           main.s):07045                 FDB     $0394           decimal 916
                      (           main.s):07046         * Element 1145 of array, of type const unsigned int
0952 0393             (           main.s):07047                 FDB     $0393           decimal 915
                      (           main.s):07048         * Element 1146 of array, of type const unsigned int
0954 0392             (           main.s):07049                 FDB     $0392           decimal 914
                      (           main.s):07050         * Element 1147 of array, of type const unsigned int
0956 0392             (           main.s):07051                 FDB     $0392           decimal 914
                      (           main.s):07052         * Element 1148 of array, of type const unsigned int
0958 0391             (           main.s):07053                 FDB     $0391           decimal 913
                      (           main.s):07054         * Element 1149 of array, of type const unsigned int
095A 0390             (           main.s):07055                 FDB     $0390           decimal 912
                      (           main.s):07056         * Element 1150 of array, of type const unsigned int
095C 038F             (           main.s):07057                 FDB     $038F           decimal 911
                      (           main.s):07058         * Element 1151 of array, of type const unsigned int
095E 038E             (           main.s):07059                 FDB     $038E           decimal 910
                      (           main.s):07060         * Element 1152 of array, of type const unsigned int
0960 038E             (           main.s):07061                 FDB     $038E           decimal 910
                      (           main.s):07062         * Element 1153 of array, of type const unsigned int
0962 038D             (           main.s):07063                 FDB     $038D           decimal 909
                      (           main.s):07064         * Element 1154 of array, of type const unsigned int
0964 038C             (           main.s):07065                 FDB     $038C           decimal 908
                      (           main.s):07066         * Element 1155 of array, of type const unsigned int
0966 038B             (           main.s):07067                 FDB     $038B           decimal 907
                      (           main.s):07068         * Element 1156 of array, of type const unsigned int
0968 038B             (           main.s):07069                 FDB     $038B           decimal 907
                      (           main.s):07070         * Element 1157 of array, of type const unsigned int
096A 038A             (           main.s):07071                 FDB     $038A           decimal 906
                      (           main.s):07072         * Element 1158 of array, of type const unsigned int
096C 0389             (           main.s):07073                 FDB     $0389           decimal 905
                      (           main.s):07074         * Element 1159 of array, of type const unsigned int
096E 0388             (           main.s):07075                 FDB     $0388           decimal 904
                      (           main.s):07076         * Element 1160 of array, of type const unsigned int
0970 0387             (           main.s):07077                 FDB     $0387           decimal 903
                      (           main.s):07078         * Element 1161 of array, of type const unsigned int
0972 0387             (           main.s):07079                 FDB     $0387           decimal 903
                      (           main.s):07080         * Element 1162 of array, of type const unsigned int
0974 0386             (           main.s):07081                 FDB     $0386           decimal 902
                      (           main.s):07082         * Element 1163 of array, of type const unsigned int
0976 0385             (           main.s):07083                 FDB     $0385           decimal 901
                      (           main.s):07084         * Element 1164 of array, of type const unsigned int
0978 0384             (           main.s):07085                 FDB     $0384           decimal 900
                      (           main.s):07086         * Element 1165 of array, of type const unsigned int
097A 0384             (           main.s):07087                 FDB     $0384           decimal 900
                      (           main.s):07088         * Element 1166 of array, of type const unsigned int
097C 0383             (           main.s):07089                 FDB     $0383           decimal 899
                      (           main.s):07090         * Element 1167 of array, of type const unsigned int
097E 0382             (           main.s):07091                 FDB     $0382           decimal 898
                      (           main.s):07092         * Element 1168 of array, of type const unsigned int
0980 0381             (           main.s):07093                 FDB     $0381           decimal 897
                      (           main.s):07094         * Element 1169 of array, of type const unsigned int
0982 0380             (           main.s):07095                 FDB     $0380           decimal 896
                      (           main.s):07096         * Element 1170 of array, of type const unsigned int
0984 0380             (           main.s):07097                 FDB     $0380           decimal 896
                      (           main.s):07098         * Element 1171 of array, of type const unsigned int
0986 037F             (           main.s):07099                 FDB     $037F           decimal 895
                      (           main.s):07100         * Element 1172 of array, of type const unsigned int
0988 037E             (           main.s):07101                 FDB     $037E           decimal 894
                      (           main.s):07102         * Element 1173 of array, of type const unsigned int
098A 037D             (           main.s):07103                 FDB     $037D           decimal 893
                      (           main.s):07104         * Element 1174 of array, of type const unsigned int
098C 037D             (           main.s):07105                 FDB     $037D           decimal 893
                      (           main.s):07106         * Element 1175 of array, of type const unsigned int
098E 037C             (           main.s):07107                 FDB     $037C           decimal 892
                      (           main.s):07108         * Element 1176 of array, of type const unsigned int
0990 037B             (           main.s):07109                 FDB     $037B           decimal 891
                      (           main.s):07110         * Element 1177 of array, of type const unsigned int
0992 037A             (           main.s):07111                 FDB     $037A           decimal 890
                      (           main.s):07112         * Element 1178 of array, of type const unsigned int
0994 037A             (           main.s):07113                 FDB     $037A           decimal 890
                      (           main.s):07114         * Element 1179 of array, of type const unsigned int
0996 0379             (           main.s):07115                 FDB     $0379           decimal 889
                      (           main.s):07116         * Element 1180 of array, of type const unsigned int
0998 0378             (           main.s):07117                 FDB     $0378           decimal 888
                      (           main.s):07118         * Element 1181 of array, of type const unsigned int
099A 0377             (           main.s):07119                 FDB     $0377           decimal 887
                      (           main.s):07120         * Element 1182 of array, of type const unsigned int
099C 0377             (           main.s):07121                 FDB     $0377           decimal 887
                      (           main.s):07122         * Element 1183 of array, of type const unsigned int
099E 0376             (           main.s):07123                 FDB     $0376           decimal 886
                      (           main.s):07124         * Element 1184 of array, of type const unsigned int
09A0 0375             (           main.s):07125                 FDB     $0375           decimal 885
                      (           main.s):07126         * Element 1185 of array, of type const unsigned int
09A2 0374             (           main.s):07127                 FDB     $0374           decimal 884
                      (           main.s):07128         * Element 1186 of array, of type const unsigned int
09A4 0374             (           main.s):07129                 FDB     $0374           decimal 884
                      (           main.s):07130         * Element 1187 of array, of type const unsigned int
09A6 0373             (           main.s):07131                 FDB     $0373           decimal 883
                      (           main.s):07132         * Element 1188 of array, of type const unsigned int
09A8 0372             (           main.s):07133                 FDB     $0372           decimal 882
                      (           main.s):07134         * Element 1189 of array, of type const unsigned int
09AA 0371             (           main.s):07135                 FDB     $0371           decimal 881
                      (           main.s):07136         * Element 1190 of array, of type const unsigned int
09AC 0371             (           main.s):07137                 FDB     $0371           decimal 881
                      (           main.s):07138         * Element 1191 of array, of type const unsigned int
09AE 0370             (           main.s):07139                 FDB     $0370           decimal 880
                      (           main.s):07140         * Element 1192 of array, of type const unsigned int
09B0 036F             (           main.s):07141                 FDB     $036F           decimal 879
                      (           main.s):07142         * Element 1193 of array, of type const unsigned int
09B2 036E             (           main.s):07143                 FDB     $036E           decimal 878
                      (           main.s):07144         * Element 1194 of array, of type const unsigned int
09B4 036E             (           main.s):07145                 FDB     $036E           decimal 878
                      (           main.s):07146         * Element 1195 of array, of type const unsigned int
09B6 036D             (           main.s):07147                 FDB     $036D           decimal 877
                      (           main.s):07148         * Element 1196 of array, of type const unsigned int
09B8 036C             (           main.s):07149                 FDB     $036C           decimal 876
                      (           main.s):07150         * Element 1197 of array, of type const unsigned int
09BA 036B             (           main.s):07151                 FDB     $036B           decimal 875
                      (           main.s):07152         * Element 1198 of array, of type const unsigned int
09BC 036B             (           main.s):07153                 FDB     $036B           decimal 875
                      (           main.s):07154         * Element 1199 of array, of type const unsigned int
09BE 036A             (           main.s):07155                 FDB     $036A           decimal 874
                      (           main.s):07156         * Element 1200 of array, of type const unsigned int
09C0 0369             (           main.s):07157                 FDB     $0369           decimal 873
                      (           main.s):07158         * Element 1201 of array, of type const unsigned int
09C2 0369             (           main.s):07159                 FDB     $0369           decimal 873
                      (           main.s):07160         * Element 1202 of array, of type const unsigned int
09C4 0368             (           main.s):07161                 FDB     $0368           decimal 872
                      (           main.s):07162         * Element 1203 of array, of type const unsigned int
09C6 0367             (           main.s):07163                 FDB     $0367           decimal 871
                      (           main.s):07164         * Element 1204 of array, of type const unsigned int
09C8 0366             (           main.s):07165                 FDB     $0366           decimal 870
                      (           main.s):07166         * Element 1205 of array, of type const unsigned int
09CA 0366             (           main.s):07167                 FDB     $0366           decimal 870
                      (           main.s):07168         * Element 1206 of array, of type const unsigned int
09CC 0365             (           main.s):07169                 FDB     $0365           decimal 869
                      (           main.s):07170         * Element 1207 of array, of type const unsigned int
09CE 0364             (           main.s):07171                 FDB     $0364           decimal 868
                      (           main.s):07172         * Element 1208 of array, of type const unsigned int
09D0 0364             (           main.s):07173                 FDB     $0364           decimal 868
                      (           main.s):07174         * Element 1209 of array, of type const unsigned int
09D2 0363             (           main.s):07175                 FDB     $0363           decimal 867
                      (           main.s):07176         * Element 1210 of array, of type const unsigned int
09D4 0362             (           main.s):07177                 FDB     $0362           decimal 866
                      (           main.s):07178         * Element 1211 of array, of type const unsigned int
09D6 0361             (           main.s):07179                 FDB     $0361           decimal 865
                      (           main.s):07180         * Element 1212 of array, of type const unsigned int
09D8 0361             (           main.s):07181                 FDB     $0361           decimal 865
                      (           main.s):07182         * Element 1213 of array, of type const unsigned int
09DA 0360             (           main.s):07183                 FDB     $0360           decimal 864
                      (           main.s):07184         * Element 1214 of array, of type const unsigned int
09DC 035F             (           main.s):07185                 FDB     $035F           decimal 863
                      (           main.s):07186         * Element 1215 of array, of type const unsigned int
09DE 035F             (           main.s):07187                 FDB     $035F           decimal 863
                      (           main.s):07188         * Element 1216 of array, of type const unsigned int
09E0 035E             (           main.s):07189                 FDB     $035E           decimal 862
                      (           main.s):07190         * Element 1217 of array, of type const unsigned int
09E2 035D             (           main.s):07191                 FDB     $035D           decimal 861
                      (           main.s):07192         * Element 1218 of array, of type const unsigned int
09E4 035C             (           main.s):07193                 FDB     $035C           decimal 860
                      (           main.s):07194         * Element 1219 of array, of type const unsigned int
09E6 035C             (           main.s):07195                 FDB     $035C           decimal 860
                      (           main.s):07196         * Element 1220 of array, of type const unsigned int
09E8 035B             (           main.s):07197                 FDB     $035B           decimal 859
                      (           main.s):07198         * Element 1221 of array, of type const unsigned int
09EA 035A             (           main.s):07199                 FDB     $035A           decimal 858
                      (           main.s):07200         * Element 1222 of array, of type const unsigned int
09EC 035A             (           main.s):07201                 FDB     $035A           decimal 858
                      (           main.s):07202         * Element 1223 of array, of type const unsigned int
09EE 0359             (           main.s):07203                 FDB     $0359           decimal 857
                      (           main.s):07204         * Element 1224 of array, of type const unsigned int
09F0 0358             (           main.s):07205                 FDB     $0358           decimal 856
                      (           main.s):07206         * Element 1225 of array, of type const unsigned int
09F2 0357             (           main.s):07207                 FDB     $0357           decimal 855
                      (           main.s):07208         * Element 1226 of array, of type const unsigned int
09F4 0357             (           main.s):07209                 FDB     $0357           decimal 855
                      (           main.s):07210         * Element 1227 of array, of type const unsigned int
09F6 0356             (           main.s):07211                 FDB     $0356           decimal 854
                      (           main.s):07212         * Element 1228 of array, of type const unsigned int
09F8 0355             (           main.s):07213                 FDB     $0355           decimal 853
                      (           main.s):07214         * Element 1229 of array, of type const unsigned int
09FA 0355             (           main.s):07215                 FDB     $0355           decimal 853
                      (           main.s):07216         * Element 1230 of array, of type const unsigned int
09FC 0354             (           main.s):07217                 FDB     $0354           decimal 852
                      (           main.s):07218         * Element 1231 of array, of type const unsigned int
09FE 0353             (           main.s):07219                 FDB     $0353           decimal 851
                      (           main.s):07220         * Element 1232 of array, of type const unsigned int
0A00 0353             (           main.s):07221                 FDB     $0353           decimal 851
                      (           main.s):07222         * Element 1233 of array, of type const unsigned int
0A02 0352             (           main.s):07223                 FDB     $0352           decimal 850
                      (           main.s):07224         * Element 1234 of array, of type const unsigned int
0A04 0351             (           main.s):07225                 FDB     $0351           decimal 849
                      (           main.s):07226         * Element 1235 of array, of type const unsigned int
0A06 0351             (           main.s):07227                 FDB     $0351           decimal 849
                      (           main.s):07228         * Element 1236 of array, of type const unsigned int
0A08 0350             (           main.s):07229                 FDB     $0350           decimal 848
                      (           main.s):07230         * Element 1237 of array, of type const unsigned int
0A0A 034F             (           main.s):07231                 FDB     $034F           decimal 847
                      (           main.s):07232         * Element 1238 of array, of type const unsigned int
0A0C 034E             (           main.s):07233                 FDB     $034E           decimal 846
                      (           main.s):07234         * Element 1239 of array, of type const unsigned int
0A0E 034E             (           main.s):07235                 FDB     $034E           decimal 846
                      (           main.s):07236         * Element 1240 of array, of type const unsigned int
0A10 034D             (           main.s):07237                 FDB     $034D           decimal 845
                      (           main.s):07238         * Element 1241 of array, of type const unsigned int
0A12 034C             (           main.s):07239                 FDB     $034C           decimal 844
                      (           main.s):07240         * Element 1242 of array, of type const unsigned int
0A14 034C             (           main.s):07241                 FDB     $034C           decimal 844
                      (           main.s):07242         * Element 1243 of array, of type const unsigned int
0A16 034B             (           main.s):07243                 FDB     $034B           decimal 843
                      (           main.s):07244         * Element 1244 of array, of type const unsigned int
0A18 034A             (           main.s):07245                 FDB     $034A           decimal 842
                      (           main.s):07246         * Element 1245 of array, of type const unsigned int
0A1A 034A             (           main.s):07247                 FDB     $034A           decimal 842
                      (           main.s):07248         * Element 1246 of array, of type const unsigned int
0A1C 0349             (           main.s):07249                 FDB     $0349           decimal 841
                      (           main.s):07250         * Element 1247 of array, of type const unsigned int
0A1E 0348             (           main.s):07251                 FDB     $0348           decimal 840
                      (           main.s):07252         * Element 1248 of array, of type const unsigned int
0A20 0348             (           main.s):07253                 FDB     $0348           decimal 840
                      (           main.s):07254         * Element 1249 of array, of type const unsigned int
0A22 0347             (           main.s):07255                 FDB     $0347           decimal 839
                      (           main.s):07256         * Element 1250 of array, of type const unsigned int
0A24 0346             (           main.s):07257                 FDB     $0346           decimal 838
                      (           main.s):07258         * Element 1251 of array, of type const unsigned int
0A26 0346             (           main.s):07259                 FDB     $0346           decimal 838
                      (           main.s):07260         * Element 1252 of array, of type const unsigned int
0A28 0345             (           main.s):07261                 FDB     $0345           decimal 837
                      (           main.s):07262         * Element 1253 of array, of type const unsigned int
0A2A 0344             (           main.s):07263                 FDB     $0344           decimal 836
                      (           main.s):07264         * Element 1254 of array, of type const unsigned int
0A2C 0344             (           main.s):07265                 FDB     $0344           decimal 836
                      (           main.s):07266         * Element 1255 of array, of type const unsigned int
0A2E 0343             (           main.s):07267                 FDB     $0343           decimal 835
                      (           main.s):07268         * Element 1256 of array, of type const unsigned int
0A30 0342             (           main.s):07269                 FDB     $0342           decimal 834
                      (           main.s):07270         * Element 1257 of array, of type const unsigned int
0A32 0342             (           main.s):07271                 FDB     $0342           decimal 834
                      (           main.s):07272         * Element 1258 of array, of type const unsigned int
0A34 0341             (           main.s):07273                 FDB     $0341           decimal 833
                      (           main.s):07274         * Element 1259 of array, of type const unsigned int
0A36 0340             (           main.s):07275                 FDB     $0340           decimal 832
                      (           main.s):07276         * Element 1260 of array, of type const unsigned int
0A38 0340             (           main.s):07277                 FDB     $0340           decimal 832
                      (           main.s):07278         * Element 1261 of array, of type const unsigned int
0A3A 033F             (           main.s):07279                 FDB     $033F           decimal 831
                      (           main.s):07280         * Element 1262 of array, of type const unsigned int
0A3C 033E             (           main.s):07281                 FDB     $033E           decimal 830
                      (           main.s):07282         * Element 1263 of array, of type const unsigned int
0A3E 033E             (           main.s):07283                 FDB     $033E           decimal 830
                      (           main.s):07284         * Element 1264 of array, of type const unsigned int
0A40 033D             (           main.s):07285                 FDB     $033D           decimal 829
                      (           main.s):07286         * Element 1265 of array, of type const unsigned int
0A42 033C             (           main.s):07287                 FDB     $033C           decimal 828
                      (           main.s):07288         * Element 1266 of array, of type const unsigned int
0A44 033C             (           main.s):07289                 FDB     $033C           decimal 828
                      (           main.s):07290         * Element 1267 of array, of type const unsigned int
0A46 033B             (           main.s):07291                 FDB     $033B           decimal 827
                      (           main.s):07292         * Element 1268 of array, of type const unsigned int
0A48 033A             (           main.s):07293                 FDB     $033A           decimal 826
                      (           main.s):07294         * Element 1269 of array, of type const unsigned int
0A4A 033A             (           main.s):07295                 FDB     $033A           decimal 826
                      (           main.s):07296         * Element 1270 of array, of type const unsigned int
0A4C 0339             (           main.s):07297                 FDB     $0339           decimal 825
                      (           main.s):07298         * Element 1271 of array, of type const unsigned int
0A4E 0338             (           main.s):07299                 FDB     $0338           decimal 824
                      (           main.s):07300         * Element 1272 of array, of type const unsigned int
0A50 0338             (           main.s):07301                 FDB     $0338           decimal 824
                      (           main.s):07302         * Element 1273 of array, of type const unsigned int
0A52 0337             (           main.s):07303                 FDB     $0337           decimal 823
                      (           main.s):07304         * Element 1274 of array, of type const unsigned int
0A54 0337             (           main.s):07305                 FDB     $0337           decimal 823
                      (           main.s):07306         * Element 1275 of array, of type const unsigned int
0A56 0336             (           main.s):07307                 FDB     $0336           decimal 822
                      (           main.s):07308         * Element 1276 of array, of type const unsigned int
0A58 0335             (           main.s):07309                 FDB     $0335           decimal 821
                      (           main.s):07310         * Element 1277 of array, of type const unsigned int
0A5A 0335             (           main.s):07311                 FDB     $0335           decimal 821
                      (           main.s):07312         * Element 1278 of array, of type const unsigned int
0A5C 0334             (           main.s):07313                 FDB     $0334           decimal 820
                      (           main.s):07314         * Element 1279 of array, of type const unsigned int
0A5E 0333             (           main.s):07315                 FDB     $0333           decimal 819
                      (           main.s):07316         * Element 1280 of array, of type const unsigned int
0A60 0333             (           main.s):07317                 FDB     $0333           decimal 819
                      (           main.s):07318         * Element 1281 of array, of type const unsigned int
0A62 0332             (           main.s):07319                 FDB     $0332           decimal 818
                      (           main.s):07320         * Element 1282 of array, of type const unsigned int
0A64 0331             (           main.s):07321                 FDB     $0331           decimal 817
                      (           main.s):07322         * Element 1283 of array, of type const unsigned int
0A66 0331             (           main.s):07323                 FDB     $0331           decimal 817
                      (           main.s):07324         * Element 1284 of array, of type const unsigned int
0A68 0330             (           main.s):07325                 FDB     $0330           decimal 816
                      (           main.s):07326         * Element 1285 of array, of type const unsigned int
0A6A 0330             (           main.s):07327                 FDB     $0330           decimal 816
                      (           main.s):07328         * Element 1286 of array, of type const unsigned int
0A6C 032F             (           main.s):07329                 FDB     $032F           decimal 815
                      (           main.s):07330         * Element 1287 of array, of type const unsigned int
0A6E 032E             (           main.s):07331                 FDB     $032E           decimal 814
                      (           main.s):07332         * Element 1288 of array, of type const unsigned int
0A70 032E             (           main.s):07333                 FDB     $032E           decimal 814
                      (           main.s):07334         * Element 1289 of array, of type const unsigned int
0A72 032D             (           main.s):07335                 FDB     $032D           decimal 813
                      (           main.s):07336         * Element 1290 of array, of type const unsigned int
0A74 032C             (           main.s):07337                 FDB     $032C           decimal 812
                      (           main.s):07338         * Element 1291 of array, of type const unsigned int
0A76 032C             (           main.s):07339                 FDB     $032C           decimal 812
                      (           main.s):07340         * Element 1292 of array, of type const unsigned int
0A78 032B             (           main.s):07341                 FDB     $032B           decimal 811
                      (           main.s):07342         * Element 1293 of array, of type const unsigned int
0A7A 032A             (           main.s):07343                 FDB     $032A           decimal 810
                      (           main.s):07344         * Element 1294 of array, of type const unsigned int
0A7C 032A             (           main.s):07345                 FDB     $032A           decimal 810
                      (           main.s):07346         * Element 1295 of array, of type const unsigned int
0A7E 0329             (           main.s):07347                 FDB     $0329           decimal 809
                      (           main.s):07348         * Element 1296 of array, of type const unsigned int
0A80 0329             (           main.s):07349                 FDB     $0329           decimal 809
                      (           main.s):07350         * Element 1297 of array, of type const unsigned int
0A82 0328             (           main.s):07351                 FDB     $0328           decimal 808
                      (           main.s):07352         * Element 1298 of array, of type const unsigned int
0A84 0327             (           main.s):07353                 FDB     $0327           decimal 807
                      (           main.s):07354         * Element 1299 of array, of type const unsigned int
0A86 0327             (           main.s):07355                 FDB     $0327           decimal 807
                      (           main.s):07356         * Element 1300 of array, of type const unsigned int
0A88 0326             (           main.s):07357                 FDB     $0326           decimal 806
                      (           main.s):07358         * Element 1301 of array, of type const unsigned int
0A8A 0325             (           main.s):07359                 FDB     $0325           decimal 805
                      (           main.s):07360         * Element 1302 of array, of type const unsigned int
0A8C 0325             (           main.s):07361                 FDB     $0325           decimal 805
                      (           main.s):07362         * Element 1303 of array, of type const unsigned int
0A8E 0324             (           main.s):07363                 FDB     $0324           decimal 804
                      (           main.s):07364         * Element 1304 of array, of type const unsigned int
0A90 0324             (           main.s):07365                 FDB     $0324           decimal 804
                      (           main.s):07366         * Element 1305 of array, of type const unsigned int
0A92 0323             (           main.s):07367                 FDB     $0323           decimal 803
                      (           main.s):07368         * Element 1306 of array, of type const unsigned int
0A94 0322             (           main.s):07369                 FDB     $0322           decimal 802
                      (           main.s):07370         * Element 1307 of array, of type const unsigned int
0A96 0322             (           main.s):07371                 FDB     $0322           decimal 802
                      (           main.s):07372         * Element 1308 of array, of type const unsigned int
0A98 0321             (           main.s):07373                 FDB     $0321           decimal 801
                      (           main.s):07374         * Element 1309 of array, of type const unsigned int
0A9A 0321             (           main.s):07375                 FDB     $0321           decimal 801
                      (           main.s):07376         * Element 1310 of array, of type const unsigned int
0A9C 0320             (           main.s):07377                 FDB     $0320           decimal 800
                      (           main.s):07378         * Element 1311 of array, of type const unsigned int
0A9E 031F             (           main.s):07379                 FDB     $031F           decimal 799
                      (           main.s):07380         * Element 1312 of array, of type const unsigned int
0AA0 031F             (           main.s):07381                 FDB     $031F           decimal 799
                      (           main.s):07382         * Element 1313 of array, of type const unsigned int
0AA2 031E             (           main.s):07383                 FDB     $031E           decimal 798
                      (           main.s):07384         * Element 1314 of array, of type const unsigned int
0AA4 031D             (           main.s):07385                 FDB     $031D           decimal 797
                      (           main.s):07386         * Element 1315 of array, of type const unsigned int
0AA6 031D             (           main.s):07387                 FDB     $031D           decimal 797
                      (           main.s):07388         * Element 1316 of array, of type const unsigned int
0AA8 031C             (           main.s):07389                 FDB     $031C           decimal 796
                      (           main.s):07390         * Element 1317 of array, of type const unsigned int
0AAA 031C             (           main.s):07391                 FDB     $031C           decimal 796
                      (           main.s):07392         * Element 1318 of array, of type const unsigned int
0AAC 031B             (           main.s):07393                 FDB     $031B           decimal 795
                      (           main.s):07394         * Element 1319 of array, of type const unsigned int
0AAE 031A             (           main.s):07395                 FDB     $031A           decimal 794
                      (           main.s):07396         * Element 1320 of array, of type const unsigned int
0AB0 031A             (           main.s):07397                 FDB     $031A           decimal 794
                      (           main.s):07398         * Element 1321 of array, of type const unsigned int
0AB2 0319             (           main.s):07399                 FDB     $0319           decimal 793
                      (           main.s):07400         * Element 1322 of array, of type const unsigned int
0AB4 0319             (           main.s):07401                 FDB     $0319           decimal 793
                      (           main.s):07402         * Element 1323 of array, of type const unsigned int
0AB6 0318             (           main.s):07403                 FDB     $0318           decimal 792
                      (           main.s):07404         * Element 1324 of array, of type const unsigned int
0AB8 0317             (           main.s):07405                 FDB     $0317           decimal 791
                      (           main.s):07406         * Element 1325 of array, of type const unsigned int
0ABA 0317             (           main.s):07407                 FDB     $0317           decimal 791
                      (           main.s):07408         * Element 1326 of array, of type const unsigned int
0ABC 0316             (           main.s):07409                 FDB     $0316           decimal 790
                      (           main.s):07410         * Element 1327 of array, of type const unsigned int
0ABE 0316             (           main.s):07411                 FDB     $0316           decimal 790
                      (           main.s):07412         * Element 1328 of array, of type const unsigned int
0AC0 0315             (           main.s):07413                 FDB     $0315           decimal 789
                      (           main.s):07414         * Element 1329 of array, of type const unsigned int
0AC2 0314             (           main.s):07415                 FDB     $0314           decimal 788
                      (           main.s):07416         * Element 1330 of array, of type const unsigned int
0AC4 0314             (           main.s):07417                 FDB     $0314           decimal 788
                      (           main.s):07418         * Element 1331 of array, of type const unsigned int
0AC6 0313             (           main.s):07419                 FDB     $0313           decimal 787
                      (           main.s):07420         * Element 1332 of array, of type const unsigned int
0AC8 0313             (           main.s):07421                 FDB     $0313           decimal 787
                      (           main.s):07422         * Element 1333 of array, of type const unsigned int
0ACA 0312             (           main.s):07423                 FDB     $0312           decimal 786
                      (           main.s):07424         * Element 1334 of array, of type const unsigned int
0ACC 0312             (           main.s):07425                 FDB     $0312           decimal 786
                      (           main.s):07426         * Element 1335 of array, of type const unsigned int
0ACE 0311             (           main.s):07427                 FDB     $0311           decimal 785
                      (           main.s):07428         * Element 1336 of array, of type const unsigned int
0AD0 0310             (           main.s):07429                 FDB     $0310           decimal 784
                      (           main.s):07430         * Element 1337 of array, of type const unsigned int
0AD2 0310             (           main.s):07431                 FDB     $0310           decimal 784
                      (           main.s):07432         * Element 1338 of array, of type const unsigned int
0AD4 030F             (           main.s):07433                 FDB     $030F           decimal 783
                      (           main.s):07434         * Element 1339 of array, of type const unsigned int
0AD6 030F             (           main.s):07435                 FDB     $030F           decimal 783
                      (           main.s):07436         * Element 1340 of array, of type const unsigned int
0AD8 030E             (           main.s):07437                 FDB     $030E           decimal 782
                      (           main.s):07438         * Element 1341 of array, of type const unsigned int
0ADA 030D             (           main.s):07439                 FDB     $030D           decimal 781
                      (           main.s):07440         * Element 1342 of array, of type const unsigned int
0ADC 030D             (           main.s):07441                 FDB     $030D           decimal 781
                      (           main.s):07442         * Element 1343 of array, of type const unsigned int
0ADE 030C             (           main.s):07443                 FDB     $030C           decimal 780
                      (           main.s):07444         * Element 1344 of array, of type const unsigned int
0AE0 030C             (           main.s):07445                 FDB     $030C           decimal 780
                      (           main.s):07446         * Element 1345 of array, of type const unsigned int
0AE2 030B             (           main.s):07447                 FDB     $030B           decimal 779
                      (           main.s):07448         * Element 1346 of array, of type const unsigned int
0AE4 030B             (           main.s):07449                 FDB     $030B           decimal 779
                      (           main.s):07450         * Element 1347 of array, of type const unsigned int
0AE6 030A             (           main.s):07451                 FDB     $030A           decimal 778
                      (           main.s):07452         * Element 1348 of array, of type const unsigned int
0AE8 0309             (           main.s):07453                 FDB     $0309           decimal 777
                      (           main.s):07454         * Element 1349 of array, of type const unsigned int
0AEA 0309             (           main.s):07455                 FDB     $0309           decimal 777
                      (           main.s):07456         * Element 1350 of array, of type const unsigned int
0AEC 0308             (           main.s):07457                 FDB     $0308           decimal 776
                      (           main.s):07458         * Element 1351 of array, of type const unsigned int
0AEE 0308             (           main.s):07459                 FDB     $0308           decimal 776
                      (           main.s):07460         * Element 1352 of array, of type const unsigned int
0AF0 0307             (           main.s):07461                 FDB     $0307           decimal 775
                      (           main.s):07462         * Element 1353 of array, of type const unsigned int
0AF2 0306             (           main.s):07463                 FDB     $0306           decimal 774
                      (           main.s):07464         * Element 1354 of array, of type const unsigned int
0AF4 0306             (           main.s):07465                 FDB     $0306           decimal 774
                      (           main.s):07466         * Element 1355 of array, of type const unsigned int
0AF6 0305             (           main.s):07467                 FDB     $0305           decimal 773
                      (           main.s):07468         * Element 1356 of array, of type const unsigned int
0AF8 0305             (           main.s):07469                 FDB     $0305           decimal 773
                      (           main.s):07470         * Element 1357 of array, of type const unsigned int
0AFA 0304             (           main.s):07471                 FDB     $0304           decimal 772
                      (           main.s):07472         * Element 1358 of array, of type const unsigned int
0AFC 0304             (           main.s):07473                 FDB     $0304           decimal 772
                      (           main.s):07474         * Element 1359 of array, of type const unsigned int
0AFE 0303             (           main.s):07475                 FDB     $0303           decimal 771
                      (           main.s):07476         * Element 1360 of array, of type const unsigned int
0B00 0303             (           main.s):07477                 FDB     $0303           decimal 771
                      (           main.s):07478         * Element 1361 of array, of type const unsigned int
0B02 0302             (           main.s):07479                 FDB     $0302           decimal 770
                      (           main.s):07480         * Element 1362 of array, of type const unsigned int
0B04 0301             (           main.s):07481                 FDB     $0301           decimal 769
                      (           main.s):07482         * Element 1363 of array, of type const unsigned int
0B06 0301             (           main.s):07483                 FDB     $0301           decimal 769
                      (           main.s):07484         * Element 1364 of array, of type const unsigned int
0B08 0300             (           main.s):07485                 FDB     $0300           decimal 768
                      (           main.s):07486         * Element 1365 of array, of type const unsigned int
0B0A 0300             (           main.s):07487                 FDB     $0300           decimal 768
                      (           main.s):07488         * Element 1366 of array, of type const unsigned int
0B0C 02FF             (           main.s):07489                 FDB     $02FF           decimal 767
                      (           main.s):07490         * Element 1367 of array, of type const unsigned int
0B0E 02FF             (           main.s):07491                 FDB     $02FF           decimal 767
                      (           main.s):07492         * Element 1368 of array, of type const unsigned int
0B10 02FE             (           main.s):07493                 FDB     $02FE           decimal 766
                      (           main.s):07494         * Element 1369 of array, of type const unsigned int
0B12 02FD             (           main.s):07495                 FDB     $02FD           decimal 765
                      (           main.s):07496         * Element 1370 of array, of type const unsigned int
0B14 02FD             (           main.s):07497                 FDB     $02FD           decimal 765
                      (           main.s):07498         * Element 1371 of array, of type const unsigned int
0B16 02FC             (           main.s):07499                 FDB     $02FC           decimal 764
                      (           main.s):07500         * Element 1372 of array, of type const unsigned int
0B18 02FC             (           main.s):07501                 FDB     $02FC           decimal 764
                      (           main.s):07502         * Element 1373 of array, of type const unsigned int
0B1A 02FB             (           main.s):07503                 FDB     $02FB           decimal 763
                      (           main.s):07504         * Element 1374 of array, of type const unsigned int
0B1C 02FB             (           main.s):07505                 FDB     $02FB           decimal 763
                      (           main.s):07506         * Element 1375 of array, of type const unsigned int
0B1E 02FA             (           main.s):07507                 FDB     $02FA           decimal 762
                      (           main.s):07508         * Element 1376 of array, of type const unsigned int
0B20 02FA             (           main.s):07509                 FDB     $02FA           decimal 762
                      (           main.s):07510         * Element 1377 of array, of type const unsigned int
0B22 02F9             (           main.s):07511                 FDB     $02F9           decimal 761
                      (           main.s):07512         * Element 1378 of array, of type const unsigned int
0B24 02F8             (           main.s):07513                 FDB     $02F8           decimal 760
                      (           main.s):07514         * Element 1379 of array, of type const unsigned int
0B26 02F8             (           main.s):07515                 FDB     $02F8           decimal 760
                      (           main.s):07516         * Element 1380 of array, of type const unsigned int
0B28 02F7             (           main.s):07517                 FDB     $02F7           decimal 759
                      (           main.s):07518         * Element 1381 of array, of type const unsigned int
0B2A 02F7             (           main.s):07519                 FDB     $02F7           decimal 759
                      (           main.s):07520         * Element 1382 of array, of type const unsigned int
0B2C 02F6             (           main.s):07521                 FDB     $02F6           decimal 758
                      (           main.s):07522         * Element 1383 of array, of type const unsigned int
0B2E 02F6             (           main.s):07523                 FDB     $02F6           decimal 758
                      (           main.s):07524         * Element 1384 of array, of type const unsigned int
0B30 02F5             (           main.s):07525                 FDB     $02F5           decimal 757
                      (           main.s):07526         * Element 1385 of array, of type const unsigned int
0B32 02F5             (           main.s):07527                 FDB     $02F5           decimal 757
                      (           main.s):07528         * Element 1386 of array, of type const unsigned int
0B34 02F4             (           main.s):07529                 FDB     $02F4           decimal 756
                      (           main.s):07530         * Element 1387 of array, of type const unsigned int
0B36 02F3             (           main.s):07531                 FDB     $02F3           decimal 755
                      (           main.s):07532         * Element 1388 of array, of type const unsigned int
0B38 02F3             (           main.s):07533                 FDB     $02F3           decimal 755
                      (           main.s):07534         * Element 1389 of array, of type const unsigned int
0B3A 02F2             (           main.s):07535                 FDB     $02F2           decimal 754
                      (           main.s):07536         * Element 1390 of array, of type const unsigned int
0B3C 02F2             (           main.s):07537                 FDB     $02F2           decimal 754
                      (           main.s):07538         * Element 1391 of array, of type const unsigned int
0B3E 02F1             (           main.s):07539                 FDB     $02F1           decimal 753
                      (           main.s):07540         * Element 1392 of array, of type const unsigned int
0B40 02F1             (           main.s):07541                 FDB     $02F1           decimal 753
                      (           main.s):07542         * Element 1393 of array, of type const unsigned int
0B42 02F0             (           main.s):07543                 FDB     $02F0           decimal 752
                      (           main.s):07544         * Element 1394 of array, of type const unsigned int
0B44 02F0             (           main.s):07545                 FDB     $02F0           decimal 752
                      (           main.s):07546         * Element 1395 of array, of type const unsigned int
0B46 02EF             (           main.s):07547                 FDB     $02EF           decimal 751
                      (           main.s):07548         * Element 1396 of array, of type const unsigned int
0B48 02EF             (           main.s):07549                 FDB     $02EF           decimal 751
                      (           main.s):07550         * Element 1397 of array, of type const unsigned int
0B4A 02EE             (           main.s):07551                 FDB     $02EE           decimal 750
                      (           main.s):07552         * Element 1398 of array, of type const unsigned int
0B4C 02EE             (           main.s):07553                 FDB     $02EE           decimal 750
                      (           main.s):07554         * Element 1399 of array, of type const unsigned int
0B4E 02ED             (           main.s):07555                 FDB     $02ED           decimal 749
                      (           main.s):07556         * Element 1400 of array, of type const unsigned int
0B50 02EC             (           main.s):07557                 FDB     $02EC           decimal 748
                      (           main.s):07558         * Element 1401 of array, of type const unsigned int
0B52 02EC             (           main.s):07559                 FDB     $02EC           decimal 748
                      (           main.s):07560         * Element 1402 of array, of type const unsigned int
0B54 02EB             (           main.s):07561                 FDB     $02EB           decimal 747
                      (           main.s):07562         * Element 1403 of array, of type const unsigned int
0B56 02EB             (           main.s):07563                 FDB     $02EB           decimal 747
                      (           main.s):07564         * Element 1404 of array, of type const unsigned int
0B58 02EA             (           main.s):07565                 FDB     $02EA           decimal 746
                      (           main.s):07566         * Element 1405 of array, of type const unsigned int
0B5A 02EA             (           main.s):07567                 FDB     $02EA           decimal 746
                      (           main.s):07568         * Element 1406 of array, of type const unsigned int
0B5C 02E9             (           main.s):07569                 FDB     $02E9           decimal 745
                      (           main.s):07570         * Element 1407 of array, of type const unsigned int
0B5E 02E9             (           main.s):07571                 FDB     $02E9           decimal 745
                      (           main.s):07572         * Element 1408 of array, of type const unsigned int
0B60 02E8             (           main.s):07573                 FDB     $02E8           decimal 744
                      (           main.s):07574         * Element 1409 of array, of type const unsigned int
0B62 02E8             (           main.s):07575                 FDB     $02E8           decimal 744
                      (           main.s):07576         * Element 1410 of array, of type const unsigned int
0B64 02E7             (           main.s):07577                 FDB     $02E7           decimal 743
                      (           main.s):07578         * Element 1411 of array, of type const unsigned int
0B66 02E7             (           main.s):07579                 FDB     $02E7           decimal 743
                      (           main.s):07580         * Element 1412 of array, of type const unsigned int
0B68 02E6             (           main.s):07581                 FDB     $02E6           decimal 742
                      (           main.s):07582         * Element 1413 of array, of type const unsigned int
0B6A 02E6             (           main.s):07583                 FDB     $02E6           decimal 742
                      (           main.s):07584         * Element 1414 of array, of type const unsigned int
0B6C 02E5             (           main.s):07585                 FDB     $02E5           decimal 741
                      (           main.s):07586         * Element 1415 of array, of type const unsigned int
0B6E 02E5             (           main.s):07587                 FDB     $02E5           decimal 741
                      (           main.s):07588         * Element 1416 of array, of type const unsigned int
0B70 02E4             (           main.s):07589                 FDB     $02E4           decimal 740
                      (           main.s):07590         * Element 1417 of array, of type const unsigned int
0B72 02E3             (           main.s):07591                 FDB     $02E3           decimal 739
                      (           main.s):07592         * Element 1418 of array, of type const unsigned int
0B74 02E3             (           main.s):07593                 FDB     $02E3           decimal 739
                      (           main.s):07594         * Element 1419 of array, of type const unsigned int
0B76 02E2             (           main.s):07595                 FDB     $02E2           decimal 738
                      (           main.s):07596         * Element 1420 of array, of type const unsigned int
0B78 02E2             (           main.s):07597                 FDB     $02E2           decimal 738
                      (           main.s):07598         * Element 1421 of array, of type const unsigned int
0B7A 02E1             (           main.s):07599                 FDB     $02E1           decimal 737
                      (           main.s):07600         * Element 1422 of array, of type const unsigned int
0B7C 02E1             (           main.s):07601                 FDB     $02E1           decimal 737
                      (           main.s):07602         * Element 1423 of array, of type const unsigned int
0B7E 02E0             (           main.s):07603                 FDB     $02E0           decimal 736
                      (           main.s):07604         * Element 1424 of array, of type const unsigned int
0B80 02E0             (           main.s):07605                 FDB     $02E0           decimal 736
                      (           main.s):07606         * Element 1425 of array, of type const unsigned int
0B82 02DF             (           main.s):07607                 FDB     $02DF           decimal 735
                      (           main.s):07608         * Element 1426 of array, of type const unsigned int
0B84 02DF             (           main.s):07609                 FDB     $02DF           decimal 735
                      (           main.s):07610         * Element 1427 of array, of type const unsigned int
0B86 02DE             (           main.s):07611                 FDB     $02DE           decimal 734
                      (           main.s):07612         * Element 1428 of array, of type const unsigned int
0B88 02DE             (           main.s):07613                 FDB     $02DE           decimal 734
                      (           main.s):07614         * Element 1429 of array, of type const unsigned int
0B8A 02DD             (           main.s):07615                 FDB     $02DD           decimal 733
                      (           main.s):07616         * Element 1430 of array, of type const unsigned int
0B8C 02DD             (           main.s):07617                 FDB     $02DD           decimal 733
                      (           main.s):07618         * Element 1431 of array, of type const unsigned int
0B8E 02DC             (           main.s):07619                 FDB     $02DC           decimal 732
                      (           main.s):07620         * Element 1432 of array, of type const unsigned int
0B90 02DC             (           main.s):07621                 FDB     $02DC           decimal 732
                      (           main.s):07622         * Element 1433 of array, of type const unsigned int
0B92 02DB             (           main.s):07623                 FDB     $02DB           decimal 731
                      (           main.s):07624         * Element 1434 of array, of type const unsigned int
0B94 02DB             (           main.s):07625                 FDB     $02DB           decimal 731
                      (           main.s):07626         * Element 1435 of array, of type const unsigned int
0B96 02DA             (           main.s):07627                 FDB     $02DA           decimal 730
                      (           main.s):07628         * Element 1436 of array, of type const unsigned int
0B98 02DA             (           main.s):07629                 FDB     $02DA           decimal 730
                      (           main.s):07630         * Element 1437 of array, of type const unsigned int
0B9A 02D9             (           main.s):07631                 FDB     $02D9           decimal 729
                      (           main.s):07632         * Element 1438 of array, of type const unsigned int
0B9C 02D9             (           main.s):07633                 FDB     $02D9           decimal 729
                      (           main.s):07634         * Element 1439 of array, of type const unsigned int
0B9E 02D8             (           main.s):07635                 FDB     $02D8           decimal 728
                      (           main.s):07636         * Element 1440 of array, of type const unsigned int
0BA0 02D8             (           main.s):07637                 FDB     $02D8           decimal 728
                      (           main.s):07638         * Element 1441 of array, of type const unsigned int
0BA2 02D7             (           main.s):07639                 FDB     $02D7           decimal 727
                      (           main.s):07640         * Element 1442 of array, of type const unsigned int
0BA4 02D7             (           main.s):07641                 FDB     $02D7           decimal 727
                      (           main.s):07642         * Element 1443 of array, of type const unsigned int
0BA6 02D6             (           main.s):07643                 FDB     $02D6           decimal 726
                      (           main.s):07644         * Element 1444 of array, of type const unsigned int
0BA8 02D6             (           main.s):07645                 FDB     $02D6           decimal 726
                      (           main.s):07646         * Element 1445 of array, of type const unsigned int
0BAA 02D5             (           main.s):07647                 FDB     $02D5           decimal 725
                      (           main.s):07648         * Element 1446 of array, of type const unsigned int
0BAC 02D5             (           main.s):07649                 FDB     $02D5           decimal 725
                      (           main.s):07650         * Element 1447 of array, of type const unsigned int
0BAE 02D4             (           main.s):07651                 FDB     $02D4           decimal 724
                      (           main.s):07652         * Element 1448 of array, of type const unsigned int
0BB0 02D4             (           main.s):07653                 FDB     $02D4           decimal 724
                      (           main.s):07654         * Element 1449 of array, of type const unsigned int
0BB2 02D3             (           main.s):07655                 FDB     $02D3           decimal 723
                      (           main.s):07656         * Element 1450 of array, of type const unsigned int
0BB4 02D3             (           main.s):07657                 FDB     $02D3           decimal 723
                      (           main.s):07658         * Element 1451 of array, of type const unsigned int
0BB6 02D2             (           main.s):07659                 FDB     $02D2           decimal 722
                      (           main.s):07660         * Element 1452 of array, of type const unsigned int
0BB8 02D2             (           main.s):07661                 FDB     $02D2           decimal 722
                      (           main.s):07662         * Element 1453 of array, of type const unsigned int
0BBA 02D1             (           main.s):07663                 FDB     $02D1           decimal 721
                      (           main.s):07664         * Element 1454 of array, of type const unsigned int
0BBC 02D1             (           main.s):07665                 FDB     $02D1           decimal 721
                      (           main.s):07666         * Element 1455 of array, of type const unsigned int
0BBE 02D0             (           main.s):07667                 FDB     $02D0           decimal 720
                      (           main.s):07668         * Element 1456 of array, of type const unsigned int
0BC0 02D0             (           main.s):07669                 FDB     $02D0           decimal 720
                      (           main.s):07670         * Element 1457 of array, of type const unsigned int
0BC2 02CF             (           main.s):07671                 FDB     $02CF           decimal 719
                      (           main.s):07672         * Element 1458 of array, of type const unsigned int
0BC4 02CF             (           main.s):07673                 FDB     $02CF           decimal 719
                      (           main.s):07674         * Element 1459 of array, of type const unsigned int
0BC6 02CE             (           main.s):07675                 FDB     $02CE           decimal 718
                      (           main.s):07676         * Element 1460 of array, of type const unsigned int
0BC8 02CE             (           main.s):07677                 FDB     $02CE           decimal 718
                      (           main.s):07678         * Element 1461 of array, of type const unsigned int
0BCA 02CD             (           main.s):07679                 FDB     $02CD           decimal 717
                      (           main.s):07680         * Element 1462 of array, of type const unsigned int
0BCC 02CD             (           main.s):07681                 FDB     $02CD           decimal 717
                      (           main.s):07682         * Element 1463 of array, of type const unsigned int
0BCE 02CC             (           main.s):07683                 FDB     $02CC           decimal 716
                      (           main.s):07684         * Element 1464 of array, of type const unsigned int
0BD0 02CC             (           main.s):07685                 FDB     $02CC           decimal 716
                      (           main.s):07686         * Element 1465 of array, of type const unsigned int
0BD2 02CB             (           main.s):07687                 FDB     $02CB           decimal 715
                      (           main.s):07688         * Element 1466 of array, of type const unsigned int
0BD4 02CB             (           main.s):07689                 FDB     $02CB           decimal 715
                      (           main.s):07690         * Element 1467 of array, of type const unsigned int
0BD6 02CA             (           main.s):07691                 FDB     $02CA           decimal 714
                      (           main.s):07692         * Element 1468 of array, of type const unsigned int
0BD8 02CA             (           main.s):07693                 FDB     $02CA           decimal 714
                      (           main.s):07694         * Element 1469 of array, of type const unsigned int
0BDA 02C9             (           main.s):07695                 FDB     $02C9           decimal 713
                      (           main.s):07696         * Element 1470 of array, of type const unsigned int
0BDC 02C9             (           main.s):07697                 FDB     $02C9           decimal 713
                      (           main.s):07698         * Element 1471 of array, of type const unsigned int
0BDE 02C8             (           main.s):07699                 FDB     $02C8           decimal 712
                      (           main.s):07700         * Element 1472 of array, of type const unsigned int
0BE0 02C8             (           main.s):07701                 FDB     $02C8           decimal 712
                      (           main.s):07702         * Element 1473 of array, of type const unsigned int
0BE2 02C7             (           main.s):07703                 FDB     $02C7           decimal 711
                      (           main.s):07704         * Element 1474 of array, of type const unsigned int
0BE4 02C7             (           main.s):07705                 FDB     $02C7           decimal 711
                      (           main.s):07706         * Element 1475 of array, of type const unsigned int
0BE6 02C6             (           main.s):07707                 FDB     $02C6           decimal 710
                      (           main.s):07708         * Element 1476 of array, of type const unsigned int
0BE8 02C6             (           main.s):07709                 FDB     $02C6           decimal 710
                      (           main.s):07710         * Element 1477 of array, of type const unsigned int
0BEA 02C5             (           main.s):07711                 FDB     $02C5           decimal 709
                      (           main.s):07712         * Element 1478 of array, of type const unsigned int
0BEC 02C5             (           main.s):07713                 FDB     $02C5           decimal 709
                      (           main.s):07714         * Element 1479 of array, of type const unsigned int
0BEE 02C4             (           main.s):07715                 FDB     $02C4           decimal 708
                      (           main.s):07716         * Element 1480 of array, of type const unsigned int
0BF0 02C4             (           main.s):07717                 FDB     $02C4           decimal 708
                      (           main.s):07718         * Element 1481 of array, of type const unsigned int
0BF2 02C4             (           main.s):07719                 FDB     $02C4           decimal 708
                      (           main.s):07720         * Element 1482 of array, of type const unsigned int
0BF4 02C3             (           main.s):07721                 FDB     $02C3           decimal 707
                      (           main.s):07722         * Element 1483 of array, of type const unsigned int
0BF6 02C3             (           main.s):07723                 FDB     $02C3           decimal 707
                      (           main.s):07724         * Element 1484 of array, of type const unsigned int
0BF8 02C2             (           main.s):07725                 FDB     $02C2           decimal 706
                      (           main.s):07726         * Element 1485 of array, of type const unsigned int
0BFA 02C2             (           main.s):07727                 FDB     $02C2           decimal 706
                      (           main.s):07728         * Element 1486 of array, of type const unsigned int
0BFC 02C1             (           main.s):07729                 FDB     $02C1           decimal 705
                      (           main.s):07730         * Element 1487 of array, of type const unsigned int
0BFE 02C1             (           main.s):07731                 FDB     $02C1           decimal 705
                      (           main.s):07732         * Element 1488 of array, of type const unsigned int
0C00 02C0             (           main.s):07733                 FDB     $02C0           decimal 704
                      (           main.s):07734         * Element 1489 of array, of type const unsigned int
0C02 02C0             (           main.s):07735                 FDB     $02C0           decimal 704
                      (           main.s):07736         * Element 1490 of array, of type const unsigned int
0C04 02BF             (           main.s):07737                 FDB     $02BF           decimal 703
                      (           main.s):07738         * Element 1491 of array, of type const unsigned int
0C06 02BF             (           main.s):07739                 FDB     $02BF           decimal 703
                      (           main.s):07740         * Element 1492 of array, of type const unsigned int
0C08 02BE             (           main.s):07741                 FDB     $02BE           decimal 702
                      (           main.s):07742         * Element 1493 of array, of type const unsigned int
0C0A 02BE             (           main.s):07743                 FDB     $02BE           decimal 702
                      (           main.s):07744         * Element 1494 of array, of type const unsigned int
0C0C 02BD             (           main.s):07745                 FDB     $02BD           decimal 701
                      (           main.s):07746         * Element 1495 of array, of type const unsigned int
0C0E 02BD             (           main.s):07747                 FDB     $02BD           decimal 701
                      (           main.s):07748         * Element 1496 of array, of type const unsigned int
0C10 02BC             (           main.s):07749                 FDB     $02BC           decimal 700
                      (           main.s):07750         * Element 1497 of array, of type const unsigned int
0C12 02BC             (           main.s):07751                 FDB     $02BC           decimal 700
                      (           main.s):07752         * Element 1498 of array, of type const unsigned int
0C14 02BB             (           main.s):07753                 FDB     $02BB           decimal 699
                      (           main.s):07754         * Element 1499 of array, of type const unsigned int
0C16 02BB             (           main.s):07755                 FDB     $02BB           decimal 699
                      (           main.s):07756         * Element 1500 of array, of type const unsigned int
0C18 02BB             (           main.s):07757                 FDB     $02BB           decimal 699
                      (           main.s):07758         * Element 1501 of array, of type const unsigned int
0C1A 02BA             (           main.s):07759                 FDB     $02BA           decimal 698
                      (           main.s):07760         * Element 1502 of array, of type const unsigned int
0C1C 02BA             (           main.s):07761                 FDB     $02BA           decimal 698
                      (           main.s):07762         * Element 1503 of array, of type const unsigned int
0C1E 02B9             (           main.s):07763                 FDB     $02B9           decimal 697
                      (           main.s):07764         * Element 1504 of array, of type const unsigned int
0C20 02B9             (           main.s):07765                 FDB     $02B9           decimal 697
                      (           main.s):07766         * Element 1505 of array, of type const unsigned int
0C22 02B8             (           main.s):07767                 FDB     $02B8           decimal 696
                      (           main.s):07768         * Element 1506 of array, of type const unsigned int
0C24 02B8             (           main.s):07769                 FDB     $02B8           decimal 696
                      (           main.s):07770         * Element 1507 of array, of type const unsigned int
0C26 02B7             (           main.s):07771                 FDB     $02B7           decimal 695
                      (           main.s):07772         * Element 1508 of array, of type const unsigned int
0C28 02B7             (           main.s):07773                 FDB     $02B7           decimal 695
                      (           main.s):07774         * Element 1509 of array, of type const unsigned int
0C2A 02B6             (           main.s):07775                 FDB     $02B6           decimal 694
                      (           main.s):07776         * Element 1510 of array, of type const unsigned int
0C2C 02B6             (           main.s):07777                 FDB     $02B6           decimal 694
                      (           main.s):07778         * Element 1511 of array, of type const unsigned int
0C2E 02B5             (           main.s):07779                 FDB     $02B5           decimal 693
                      (           main.s):07780         * Element 1512 of array, of type const unsigned int
0C30 02B5             (           main.s):07781                 FDB     $02B5           decimal 693
                      (           main.s):07782         * Element 1513 of array, of type const unsigned int
0C32 02B5             (           main.s):07783                 FDB     $02B5           decimal 693
                      (           main.s):07784         * Element 1514 of array, of type const unsigned int
0C34 02B4             (           main.s):07785                 FDB     $02B4           decimal 692
                      (           main.s):07786         * Element 1515 of array, of type const unsigned int
0C36 02B4             (           main.s):07787                 FDB     $02B4           decimal 692
                      (           main.s):07788         * Element 1516 of array, of type const unsigned int
0C38 02B3             (           main.s):07789                 FDB     $02B3           decimal 691
                      (           main.s):07790         * Element 1517 of array, of type const unsigned int
0C3A 02B3             (           main.s):07791                 FDB     $02B3           decimal 691
                      (           main.s):07792         * Element 1518 of array, of type const unsigned int
0C3C 02B2             (           main.s):07793                 FDB     $02B2           decimal 690
                      (           main.s):07794         * Element 1519 of array, of type const unsigned int
0C3E 02B2             (           main.s):07795                 FDB     $02B2           decimal 690
                      (           main.s):07796         * Element 1520 of array, of type const unsigned int
0C40 02B1             (           main.s):07797                 FDB     $02B1           decimal 689
                      (           main.s):07798         * Element 1521 of array, of type const unsigned int
0C42 02B1             (           main.s):07799                 FDB     $02B1           decimal 689
                      (           main.s):07800         * Element 1522 of array, of type const unsigned int
0C44 02B0             (           main.s):07801                 FDB     $02B0           decimal 688
                      (           main.s):07802         * Element 1523 of array, of type const unsigned int
0C46 02B0             (           main.s):07803                 FDB     $02B0           decimal 688
                      (           main.s):07804         * Element 1524 of array, of type const unsigned int
0C48 02B0             (           main.s):07805                 FDB     $02B0           decimal 688
                      (           main.s):07806         * Element 1525 of array, of type const unsigned int
0C4A 02AF             (           main.s):07807                 FDB     $02AF           decimal 687
                      (           main.s):07808         * Element 1526 of array, of type const unsigned int
0C4C 02AF             (           main.s):07809                 FDB     $02AF           decimal 687
                      (           main.s):07810         * Element 1527 of array, of type const unsigned int
0C4E 02AE             (           main.s):07811                 FDB     $02AE           decimal 686
                      (           main.s):07812         * Element 1528 of array, of type const unsigned int
0C50 02AE             (           main.s):07813                 FDB     $02AE           decimal 686
                      (           main.s):07814         * Element 1529 of array, of type const unsigned int
0C52 02AD             (           main.s):07815                 FDB     $02AD           decimal 685
                      (           main.s):07816         * Element 1530 of array, of type const unsigned int
0C54 02AD             (           main.s):07817                 FDB     $02AD           decimal 685
                      (           main.s):07818         * Element 1531 of array, of type const unsigned int
0C56 02AC             (           main.s):07819                 FDB     $02AC           decimal 684
                      (           main.s):07820         * Element 1532 of array, of type const unsigned int
0C58 02AC             (           main.s):07821                 FDB     $02AC           decimal 684
                      (           main.s):07822         * Element 1533 of array, of type const unsigned int
0C5A 02AB             (           main.s):07823                 FDB     $02AB           decimal 683
                      (           main.s):07824         * Element 1534 of array, of type const unsigned int
0C5C 02AB             (           main.s):07825                 FDB     $02AB           decimal 683
                      (           main.s):07826         * Element 1535 of array, of type const unsigned int
0C5E 02AB             (           main.s):07827                 FDB     $02AB           decimal 683
                      (           main.s):07828         * Element 1536 of array, of type const unsigned int
0C60 02AA             (           main.s):07829                 FDB     $02AA           decimal 682
                      (           main.s):07830         * Element 1537 of array, of type const unsigned int
0C62 02AA             (           main.s):07831                 FDB     $02AA           decimal 682
                      (           main.s):07832         * Element 1538 of array, of type const unsigned int
0C64 02A9             (           main.s):07833                 FDB     $02A9           decimal 681
                      (           main.s):07834         * Element 1539 of array, of type const unsigned int
0C66 02A9             (           main.s):07835                 FDB     $02A9           decimal 681
                      (           main.s):07836         * Element 1540 of array, of type const unsigned int
0C68 02A8             (           main.s):07837                 FDB     $02A8           decimal 680
                      (           main.s):07838         * Element 1541 of array, of type const unsigned int
0C6A 02A8             (           main.s):07839                 FDB     $02A8           decimal 680
                      (           main.s):07840         * Element 1542 of array, of type const unsigned int
0C6C 02A8             (           main.s):07841                 FDB     $02A8           decimal 680
                      (           main.s):07842         * Element 1543 of array, of type const unsigned int
0C6E 02A7             (           main.s):07843                 FDB     $02A7           decimal 679
                      (           main.s):07844         * Element 1544 of array, of type const unsigned int
0C70 02A7             (           main.s):07845                 FDB     $02A7           decimal 679
                      (           main.s):07846         * Element 1545 of array, of type const unsigned int
0C72 02A6             (           main.s):07847                 FDB     $02A6           decimal 678
                      (           main.s):07848         * Element 1546 of array, of type const unsigned int
0C74 02A6             (           main.s):07849                 FDB     $02A6           decimal 678
                      (           main.s):07850         * Element 1547 of array, of type const unsigned int
0C76 02A5             (           main.s):07851                 FDB     $02A5           decimal 677
                      (           main.s):07852         * Element 1548 of array, of type const unsigned int
0C78 02A5             (           main.s):07853                 FDB     $02A5           decimal 677
                      (           main.s):07854         * Element 1549 of array, of type const unsigned int
0C7A 02A4             (           main.s):07855                 FDB     $02A4           decimal 676
                      (           main.s):07856         * Element 1550 of array, of type const unsigned int
0C7C 02A4             (           main.s):07857                 FDB     $02A4           decimal 676
                      (           main.s):07858         * Element 1551 of array, of type const unsigned int
0C7E 02A4             (           main.s):07859                 FDB     $02A4           decimal 676
                      (           main.s):07860         * Element 1552 of array, of type const unsigned int
0C80 02A3             (           main.s):07861                 FDB     $02A3           decimal 675
                      (           main.s):07862         * Element 1553 of array, of type const unsigned int
0C82 02A3             (           main.s):07863                 FDB     $02A3           decimal 675
                      (           main.s):07864         * Element 1554 of array, of type const unsigned int
0C84 02A2             (           main.s):07865                 FDB     $02A2           decimal 674
                      (           main.s):07866         * Element 1555 of array, of type const unsigned int
0C86 02A2             (           main.s):07867                 FDB     $02A2           decimal 674
                      (           main.s):07868         * Element 1556 of array, of type const unsigned int
0C88 02A1             (           main.s):07869                 FDB     $02A1           decimal 673
                      (           main.s):07870         * Element 1557 of array, of type const unsigned int
0C8A 02A1             (           main.s):07871                 FDB     $02A1           decimal 673
                      (           main.s):07872         * Element 1558 of array, of type const unsigned int
0C8C 02A1             (           main.s):07873                 FDB     $02A1           decimal 673
                      (           main.s):07874         * Element 1559 of array, of type const unsigned int
0C8E 02A0             (           main.s):07875                 FDB     $02A0           decimal 672
                      (           main.s):07876         * Element 1560 of array, of type const unsigned int
0C90 02A0             (           main.s):07877                 FDB     $02A0           decimal 672
                      (           main.s):07878         * Element 1561 of array, of type const unsigned int
0C92 029F             (           main.s):07879                 FDB     $029F           decimal 671
                      (           main.s):07880         * Element 1562 of array, of type const unsigned int
0C94 029F             (           main.s):07881                 FDB     $029F           decimal 671
                      (           main.s):07882         * Element 1563 of array, of type const unsigned int
0C96 029E             (           main.s):07883                 FDB     $029E           decimal 670
                      (           main.s):07884         * Element 1564 of array, of type const unsigned int
0C98 029E             (           main.s):07885                 FDB     $029E           decimal 670
                      (           main.s):07886         * Element 1565 of array, of type const unsigned int
0C9A 029E             (           main.s):07887                 FDB     $029E           decimal 670
                      (           main.s):07888         * Element 1566 of array, of type const unsigned int
0C9C 029D             (           main.s):07889                 FDB     $029D           decimal 669
                      (           main.s):07890         * Element 1567 of array, of type const unsigned int
0C9E 029D             (           main.s):07891                 FDB     $029D           decimal 669
                      (           main.s):07892         * Element 1568 of array, of type const unsigned int
0CA0 029C             (           main.s):07893                 FDB     $029C           decimal 668
                      (           main.s):07894         * Element 1569 of array, of type const unsigned int
0CA2 029C             (           main.s):07895                 FDB     $029C           decimal 668
                      (           main.s):07896         * Element 1570 of array, of type const unsigned int
0CA4 029B             (           main.s):07897                 FDB     $029B           decimal 667
                      (           main.s):07898         * Element 1571 of array, of type const unsigned int
0CA6 029B             (           main.s):07899                 FDB     $029B           decimal 667
                      (           main.s):07900         * Element 1572 of array, of type const unsigned int
0CA8 029B             (           main.s):07901                 FDB     $029B           decimal 667
                      (           main.s):07902         * Element 1573 of array, of type const unsigned int
0CAA 029A             (           main.s):07903                 FDB     $029A           decimal 666
                      (           main.s):07904         * Element 1574 of array, of type const unsigned int
0CAC 029A             (           main.s):07905                 FDB     $029A           decimal 666
                      (           main.s):07906         * Element 1575 of array, of type const unsigned int
0CAE 0299             (           main.s):07907                 FDB     $0299           decimal 665
                      (           main.s):07908         * Element 1576 of array, of type const unsigned int
0CB0 0299             (           main.s):07909                 FDB     $0299           decimal 665
                      (           main.s):07910         * Element 1577 of array, of type const unsigned int
0CB2 0298             (           main.s):07911                 FDB     $0298           decimal 664
                      (           main.s):07912         * Element 1578 of array, of type const unsigned int
0CB4 0298             (           main.s):07913                 FDB     $0298           decimal 664
                      (           main.s):07914         * Element 1579 of array, of type const unsigned int
0CB6 0298             (           main.s):07915                 FDB     $0298           decimal 664
                      (           main.s):07916         * Element 1580 of array, of type const unsigned int
0CB8 0297             (           main.s):07917                 FDB     $0297           decimal 663
                      (           main.s):07918         * Element 1581 of array, of type const unsigned int
0CBA 0297             (           main.s):07919                 FDB     $0297           decimal 663
                      (           main.s):07920         * Element 1582 of array, of type const unsigned int
0CBC 0296             (           main.s):07921                 FDB     $0296           decimal 662
                      (           main.s):07922         * Element 1583 of array, of type const unsigned int
0CBE 0296             (           main.s):07923                 FDB     $0296           decimal 662
                      (           main.s):07924         * Element 1584 of array, of type const unsigned int
0CC0 0295             (           main.s):07925                 FDB     $0295           decimal 661
                      (           main.s):07926         * Element 1585 of array, of type const unsigned int
0CC2 0295             (           main.s):07927                 FDB     $0295           decimal 661
                      (           main.s):07928         * Element 1586 of array, of type const unsigned int
0CC4 0295             (           main.s):07929                 FDB     $0295           decimal 661
                      (           main.s):07930         * Element 1587 of array, of type const unsigned int
0CC6 0294             (           main.s):07931                 FDB     $0294           decimal 660
                      (           main.s):07932         * Element 1588 of array, of type const unsigned int
0CC8 0294             (           main.s):07933                 FDB     $0294           decimal 660
                      (           main.s):07934         * Element 1589 of array, of type const unsigned int
0CCA 0293             (           main.s):07935                 FDB     $0293           decimal 659
                      (           main.s):07936         * Element 1590 of array, of type const unsigned int
0CCC 0293             (           main.s):07937                 FDB     $0293           decimal 659
                      (           main.s):07938         * Element 1591 of array, of type const unsigned int
0CCE 0293             (           main.s):07939                 FDB     $0293           decimal 659
                      (           main.s):07940         * Element 1592 of array, of type const unsigned int
0CD0 0292             (           main.s):07941                 FDB     $0292           decimal 658
                      (           main.s):07942         * Element 1593 of array, of type const unsigned int
0CD2 0292             (           main.s):07943                 FDB     $0292           decimal 658
                      (           main.s):07944         * Element 1594 of array, of type const unsigned int
0CD4 0291             (           main.s):07945                 FDB     $0291           decimal 657
                      (           main.s):07946         * Element 1595 of array, of type const unsigned int
0CD6 0291             (           main.s):07947                 FDB     $0291           decimal 657
                      (           main.s):07948         * Element 1596 of array, of type const unsigned int
0CD8 0290             (           main.s):07949                 FDB     $0290           decimal 656
                      (           main.s):07950         * Element 1597 of array, of type const unsigned int
0CDA 0290             (           main.s):07951                 FDB     $0290           decimal 656
                      (           main.s):07952         * Element 1598 of array, of type const unsigned int
0CDC 0290             (           main.s):07953                 FDB     $0290           decimal 656
                      (           main.s):07954         * Element 1599 of array, of type const unsigned int
0CDE 028F             (           main.s):07955                 FDB     $028F           decimal 655
                      (           main.s):07956         * Element 1600 of array, of type const unsigned int
0CE0 028F             (           main.s):07957                 FDB     $028F           decimal 655
                      (           main.s):07958         * Element 1601 of array, of type const unsigned int
0CE2 028E             (           main.s):07959                 FDB     $028E           decimal 654
                      (           main.s):07960         * Element 1602 of array, of type const unsigned int
0CE4 028E             (           main.s):07961                 FDB     $028E           decimal 654
                      (           main.s):07962         * Element 1603 of array, of type const unsigned int
0CE6 028E             (           main.s):07963                 FDB     $028E           decimal 654
                      (           main.s):07964         * Element 1604 of array, of type const unsigned int
0CE8 028D             (           main.s):07965                 FDB     $028D           decimal 653
                      (           main.s):07966         * Element 1605 of array, of type const unsigned int
0CEA 028D             (           main.s):07967                 FDB     $028D           decimal 653
                      (           main.s):07968         * Element 1606 of array, of type const unsigned int
0CEC 028C             (           main.s):07969                 FDB     $028C           decimal 652
                      (           main.s):07970         * Element 1607 of array, of type const unsigned int
0CEE 028C             (           main.s):07971                 FDB     $028C           decimal 652
                      (           main.s):07972         * Element 1608 of array, of type const unsigned int
0CF0 028C             (           main.s):07973                 FDB     $028C           decimal 652
                      (           main.s):07974         * Element 1609 of array, of type const unsigned int
0CF2 028B             (           main.s):07975                 FDB     $028B           decimal 651
                      (           main.s):07976         * Element 1610 of array, of type const unsigned int
0CF4 028B             (           main.s):07977                 FDB     $028B           decimal 651
                      (           main.s):07978         * Element 1611 of array, of type const unsigned int
0CF6 028A             (           main.s):07979                 FDB     $028A           decimal 650
                      (           main.s):07980         * Element 1612 of array, of type const unsigned int
0CF8 028A             (           main.s):07981                 FDB     $028A           decimal 650
                      (           main.s):07982         * Element 1613 of array, of type const unsigned int
0CFA 028A             (           main.s):07983                 FDB     $028A           decimal 650
                      (           main.s):07984         * Element 1614 of array, of type const unsigned int
0CFC 0289             (           main.s):07985                 FDB     $0289           decimal 649
                      (           main.s):07986         * Element 1615 of array, of type const unsigned int
0CFE 0289             (           main.s):07987                 FDB     $0289           decimal 649
                      (           main.s):07988         * Element 1616 of array, of type const unsigned int
0D00 0288             (           main.s):07989                 FDB     $0288           decimal 648
                      (           main.s):07990         * Element 1617 of array, of type const unsigned int
0D02 0288             (           main.s):07991                 FDB     $0288           decimal 648
                      (           main.s):07992         * Element 1618 of array, of type const unsigned int
0D04 0288             (           main.s):07993                 FDB     $0288           decimal 648
                      (           main.s):07994         * Element 1619 of array, of type const unsigned int
0D06 0287             (           main.s):07995                 FDB     $0287           decimal 647
                      (           main.s):07996         * Element 1620 of array, of type const unsigned int
0D08 0287             (           main.s):07997                 FDB     $0287           decimal 647
                      (           main.s):07998         * Element 1621 of array, of type const unsigned int
0D0A 0286             (           main.s):07999                 FDB     $0286           decimal 646
                      (           main.s):08000         * Element 1622 of array, of type const unsigned int
0D0C 0286             (           main.s):08001                 FDB     $0286           decimal 646
                      (           main.s):08002         * Element 1623 of array, of type const unsigned int
0D0E 0286             (           main.s):08003                 FDB     $0286           decimal 646
                      (           main.s):08004         * Element 1624 of array, of type const unsigned int
0D10 0285             (           main.s):08005                 FDB     $0285           decimal 645
                      (           main.s):08006         * Element 1625 of array, of type const unsigned int
0D12 0285             (           main.s):08007                 FDB     $0285           decimal 645
                      (           main.s):08008         * Element 1626 of array, of type const unsigned int
0D14 0284             (           main.s):08009                 FDB     $0284           decimal 644
                      (           main.s):08010         * Element 1627 of array, of type const unsigned int
0D16 0284             (           main.s):08011                 FDB     $0284           decimal 644
                      (           main.s):08012         * Element 1628 of array, of type const unsigned int
0D18 0284             (           main.s):08013                 FDB     $0284           decimal 644
                      (           main.s):08014         * Element 1629 of array, of type const unsigned int
0D1A 0283             (           main.s):08015                 FDB     $0283           decimal 643
                      (           main.s):08016         * Element 1630 of array, of type const unsigned int
0D1C 0283             (           main.s):08017                 FDB     $0283           decimal 643
                      (           main.s):08018         * Element 1631 of array, of type const unsigned int
0D1E 0282             (           main.s):08019                 FDB     $0282           decimal 642
                      (           main.s):08020         * Element 1632 of array, of type const unsigned int
0D20 0282             (           main.s):08021                 FDB     $0282           decimal 642
                      (           main.s):08022         * Element 1633 of array, of type const unsigned int
0D22 0282             (           main.s):08023                 FDB     $0282           decimal 642
                      (           main.s):08024         * Element 1634 of array, of type const unsigned int
0D24 0281             (           main.s):08025                 FDB     $0281           decimal 641
                      (           main.s):08026         * Element 1635 of array, of type const unsigned int
0D26 0281             (           main.s):08027                 FDB     $0281           decimal 641
                      (           main.s):08028         * Element 1636 of array, of type const unsigned int
0D28 0280             (           main.s):08029                 FDB     $0280           decimal 640
                      (           main.s):08030         * Element 1637 of array, of type const unsigned int
0D2A 0280             (           main.s):08031                 FDB     $0280           decimal 640
                      (           main.s):08032         * Element 1638 of array, of type const unsigned int
0D2C 0280             (           main.s):08033                 FDB     $0280           decimal 640
                      (           main.s):08034         * Element 1639 of array, of type const unsigned int
0D2E 027F             (           main.s):08035                 FDB     $027F           decimal 639
                      (           main.s):08036         * Element 1640 of array, of type const unsigned int
0D30 027F             (           main.s):08037                 FDB     $027F           decimal 639
                      (           main.s):08038         * Element 1641 of array, of type const unsigned int
0D32 027E             (           main.s):08039                 FDB     $027E           decimal 638
                      (           main.s):08040         * Element 1642 of array, of type const unsigned int
0D34 027E             (           main.s):08041                 FDB     $027E           decimal 638
                      (           main.s):08042         * Element 1643 of array, of type const unsigned int
0D36 027E             (           main.s):08043                 FDB     $027E           decimal 638
                      (           main.s):08044         * Element 1644 of array, of type const unsigned int
0D38 027D             (           main.s):08045                 FDB     $027D           decimal 637
                      (           main.s):08046         * Element 1645 of array, of type const unsigned int
0D3A 027D             (           main.s):08047                 FDB     $027D           decimal 637
                      (           main.s):08048         * Element 1646 of array, of type const unsigned int
0D3C 027D             (           main.s):08049                 FDB     $027D           decimal 637
                      (           main.s):08050         * Element 1647 of array, of type const unsigned int
0D3E 027C             (           main.s):08051                 FDB     $027C           decimal 636
                      (           main.s):08052         * Element 1648 of array, of type const unsigned int
0D40 027C             (           main.s):08053                 FDB     $027C           decimal 636
                      (           main.s):08054         * Element 1649 of array, of type const unsigned int
0D42 027B             (           main.s):08055                 FDB     $027B           decimal 635
                      (           main.s):08056         * Element 1650 of array, of type const unsigned int
0D44 027B             (           main.s):08057                 FDB     $027B           decimal 635
                      (           main.s):08058         * Element 1651 of array, of type const unsigned int
0D46 027B             (           main.s):08059                 FDB     $027B           decimal 635
                      (           main.s):08060         * Element 1652 of array, of type const unsigned int
0D48 027A             (           main.s):08061                 FDB     $027A           decimal 634
                      (           main.s):08062         * Element 1653 of array, of type const unsigned int
0D4A 027A             (           main.s):08063                 FDB     $027A           decimal 634
                      (           main.s):08064         * Element 1654 of array, of type const unsigned int
0D4C 0279             (           main.s):08065                 FDB     $0279           decimal 633
                      (           main.s):08066         * Element 1655 of array, of type const unsigned int
0D4E 0279             (           main.s):08067                 FDB     $0279           decimal 633
                      (           main.s):08068         * Element 1656 of array, of type const unsigned int
0D50 0279             (           main.s):08069                 FDB     $0279           decimal 633
                      (           main.s):08070         * Element 1657 of array, of type const unsigned int
0D52 0278             (           main.s):08071                 FDB     $0278           decimal 632
                      (           main.s):08072         * Element 1658 of array, of type const unsigned int
0D54 0278             (           main.s):08073                 FDB     $0278           decimal 632
                      (           main.s):08074         * Element 1659 of array, of type const unsigned int
0D56 0278             (           main.s):08075                 FDB     $0278           decimal 632
                      (           main.s):08076         * Element 1660 of array, of type const unsigned int
0D58 0277             (           main.s):08077                 FDB     $0277           decimal 631
                      (           main.s):08078         * Element 1661 of array, of type const unsigned int
0D5A 0277             (           main.s):08079                 FDB     $0277           decimal 631
                      (           main.s):08080         * Element 1662 of array, of type const unsigned int
0D5C 0276             (           main.s):08081                 FDB     $0276           decimal 630
                      (           main.s):08082         * Element 1663 of array, of type const unsigned int
0D5E 0276             (           main.s):08083                 FDB     $0276           decimal 630
                      (           main.s):08084         * Element 1664 of array, of type const unsigned int
0D60 0276             (           main.s):08085                 FDB     $0276           decimal 630
                      (           main.s):08086         * Element 1665 of array, of type const unsigned int
0D62 0275             (           main.s):08087                 FDB     $0275           decimal 629
                      (           main.s):08088         * Element 1666 of array, of type const unsigned int
0D64 0275             (           main.s):08089                 FDB     $0275           decimal 629
                      (           main.s):08090         * Element 1667 of array, of type const unsigned int
0D66 0275             (           main.s):08091                 FDB     $0275           decimal 629
                      (           main.s):08092         * Element 1668 of array, of type const unsigned int
0D68 0274             (           main.s):08093                 FDB     $0274           decimal 628
                      (           main.s):08094         * Element 1669 of array, of type const unsigned int
0D6A 0274             (           main.s):08095                 FDB     $0274           decimal 628
                      (           main.s):08096         * Element 1670 of array, of type const unsigned int
0D6C 0273             (           main.s):08097                 FDB     $0273           decimal 627
                      (           main.s):08098         * Element 1671 of array, of type const unsigned int
0D6E 0273             (           main.s):08099                 FDB     $0273           decimal 627
                      (           main.s):08100         * Element 1672 of array, of type const unsigned int
0D70 0273             (           main.s):08101                 FDB     $0273           decimal 627
                      (           main.s):08102         * Element 1673 of array, of type const unsigned int
0D72 0272             (           main.s):08103                 FDB     $0272           decimal 626
                      (           main.s):08104         * Element 1674 of array, of type const unsigned int
0D74 0272             (           main.s):08105                 FDB     $0272           decimal 626
                      (           main.s):08106         * Element 1675 of array, of type const unsigned int
0D76 0272             (           main.s):08107                 FDB     $0272           decimal 626
                      (           main.s):08108         * Element 1676 of array, of type const unsigned int
0D78 0271             (           main.s):08109                 FDB     $0271           decimal 625
                      (           main.s):08110         * Element 1677 of array, of type const unsigned int
0D7A 0271             (           main.s):08111                 FDB     $0271           decimal 625
                      (           main.s):08112         * Element 1678 of array, of type const unsigned int
0D7C 0270             (           main.s):08113                 FDB     $0270           decimal 624
                      (           main.s):08114         * Element 1679 of array, of type const unsigned int
0D7E 0270             (           main.s):08115                 FDB     $0270           decimal 624
                      (           main.s):08116         * Element 1680 of array, of type const unsigned int
0D80 0270             (           main.s):08117                 FDB     $0270           decimal 624
                      (           main.s):08118         * Element 1681 of array, of type const unsigned int
0D82 026F             (           main.s):08119                 FDB     $026F           decimal 623
                      (           main.s):08120         * Element 1682 of array, of type const unsigned int
0D84 026F             (           main.s):08121                 FDB     $026F           decimal 623
                      (           main.s):08122         * Element 1683 of array, of type const unsigned int
0D86 026F             (           main.s):08123                 FDB     $026F           decimal 623
                      (           main.s):08124         * Element 1684 of array, of type const unsigned int
0D88 026E             (           main.s):08125                 FDB     $026E           decimal 622
                      (           main.s):08126         * Element 1685 of array, of type const unsigned int
0D8A 026E             (           main.s):08127                 FDB     $026E           decimal 622
                      (           main.s):08128         * Element 1686 of array, of type const unsigned int
0D8C 026D             (           main.s):08129                 FDB     $026D           decimal 621
                      (           main.s):08130         * Element 1687 of array, of type const unsigned int
0D8E 026D             (           main.s):08131                 FDB     $026D           decimal 621
                      (           main.s):08132         * Element 1688 of array, of type const unsigned int
0D90 026D             (           main.s):08133                 FDB     $026D           decimal 621
                      (           main.s):08134         * Element 1689 of array, of type const unsigned int
0D92 026C             (           main.s):08135                 FDB     $026C           decimal 620
                      (           main.s):08136         * Element 1690 of array, of type const unsigned int
0D94 026C             (           main.s):08137                 FDB     $026C           decimal 620
                      (           main.s):08138         * Element 1691 of array, of type const unsigned int
0D96 026C             (           main.s):08139                 FDB     $026C           decimal 620
                      (           main.s):08140         * Element 1692 of array, of type const unsigned int
0D98 026B             (           main.s):08141                 FDB     $026B           decimal 619
                      (           main.s):08142         * Element 1693 of array, of type const unsigned int
0D9A 026B             (           main.s):08143                 FDB     $026B           decimal 619
                      (           main.s):08144         * Element 1694 of array, of type const unsigned int
0D9C 026A             (           main.s):08145                 FDB     $026A           decimal 618
                      (           main.s):08146         * Element 1695 of array, of type const unsigned int
0D9E 026A             (           main.s):08147                 FDB     $026A           decimal 618
                      (           main.s):08148         * Element 1696 of array, of type const unsigned int
0DA0 026A             (           main.s):08149                 FDB     $026A           decimal 618
                      (           main.s):08150         * Element 1697 of array, of type const unsigned int
0DA2 0269             (           main.s):08151                 FDB     $0269           decimal 617
                      (           main.s):08152         * Element 1698 of array, of type const unsigned int
0DA4 0269             (           main.s):08153                 FDB     $0269           decimal 617
                      (           main.s):08154         * Element 1699 of array, of type const unsigned int
0DA6 0269             (           main.s):08155                 FDB     $0269           decimal 617
                      (           main.s):08156         * Element 1700 of array, of type const unsigned int
0DA8 0268             (           main.s):08157                 FDB     $0268           decimal 616
                      (           main.s):08158         * Element 1701 of array, of type const unsigned int
0DAA 0268             (           main.s):08159                 FDB     $0268           decimal 616
                      (           main.s):08160         * Element 1702 of array, of type const unsigned int
0DAC 0268             (           main.s):08161                 FDB     $0268           decimal 616
                      (           main.s):08162         * Element 1703 of array, of type const unsigned int
0DAE 0267             (           main.s):08163                 FDB     $0267           decimal 615
                      (           main.s):08164         * Element 1704 of array, of type const unsigned int
0DB0 0267             (           main.s):08165                 FDB     $0267           decimal 615
                      (           main.s):08166         * Element 1705 of array, of type const unsigned int
0DB2 0266             (           main.s):08167                 FDB     $0266           decimal 614
                      (           main.s):08168         * Element 1706 of array, of type const unsigned int
0DB4 0266             (           main.s):08169                 FDB     $0266           decimal 614
                      (           main.s):08170         * Element 1707 of array, of type const unsigned int
0DB6 0266             (           main.s):08171                 FDB     $0266           decimal 614
                      (           main.s):08172         * Element 1708 of array, of type const unsigned int
0DB8 0265             (           main.s):08173                 FDB     $0265           decimal 613
                      (           main.s):08174         * Element 1709 of array, of type const unsigned int
0DBA 0265             (           main.s):08175                 FDB     $0265           decimal 613
                      (           main.s):08176         * Element 1710 of array, of type const unsigned int
0DBC 0265             (           main.s):08177                 FDB     $0265           decimal 613
                      (           main.s):08178         * Element 1711 of array, of type const unsigned int
0DBE 0264             (           main.s):08179                 FDB     $0264           decimal 612
                      (           main.s):08180         * Element 1712 of array, of type const unsigned int
0DC0 0264             (           main.s):08181                 FDB     $0264           decimal 612
                      (           main.s):08182         * Element 1713 of array, of type const unsigned int
0DC2 0264             (           main.s):08183                 FDB     $0264           decimal 612
                      (           main.s):08184         * Element 1714 of array, of type const unsigned int
0DC4 0263             (           main.s):08185                 FDB     $0263           decimal 611
                      (           main.s):08186         * Element 1715 of array, of type const unsigned int
0DC6 0263             (           main.s):08187                 FDB     $0263           decimal 611
                      (           main.s):08188         * Element 1716 of array, of type const unsigned int
0DC8 0263             (           main.s):08189                 FDB     $0263           decimal 611
                      (           main.s):08190         * Element 1717 of array, of type const unsigned int
0DCA 0262             (           main.s):08191                 FDB     $0262           decimal 610
                      (           main.s):08192         * Element 1718 of array, of type const unsigned int
0DCC 0262             (           main.s):08193                 FDB     $0262           decimal 610
                      (           main.s):08194         * Element 1719 of array, of type const unsigned int
0DCE 0261             (           main.s):08195                 FDB     $0261           decimal 609
                      (           main.s):08196         * Element 1720 of array, of type const unsigned int
0DD0 0261             (           main.s):08197                 FDB     $0261           decimal 609
                      (           main.s):08198         * Element 1721 of array, of type const unsigned int
0DD2 0261             (           main.s):08199                 FDB     $0261           decimal 609
                      (           main.s):08200         * Element 1722 of array, of type const unsigned int
0DD4 0260             (           main.s):08201                 FDB     $0260           decimal 608
                      (           main.s):08202         * Element 1723 of array, of type const unsigned int
0DD6 0260             (           main.s):08203                 FDB     $0260           decimal 608
                      (           main.s):08204         * Element 1724 of array, of type const unsigned int
0DD8 0260             (           main.s):08205                 FDB     $0260           decimal 608
                      (           main.s):08206         * Element 1725 of array, of type const unsigned int
0DDA 025F             (           main.s):08207                 FDB     $025F           decimal 607
                      (           main.s):08208         * Element 1726 of array, of type const unsigned int
0DDC 025F             (           main.s):08209                 FDB     $025F           decimal 607
                      (           main.s):08210         * Element 1727 of array, of type const unsigned int
0DDE 025F             (           main.s):08211                 FDB     $025F           decimal 607
                      (           main.s):08212         * Element 1728 of array, of type const unsigned int
0DE0 025E             (           main.s):08213                 FDB     $025E           decimal 606
                      (           main.s):08214         * Element 1729 of array, of type const unsigned int
0DE2 025E             (           main.s):08215                 FDB     $025E           decimal 606
                      (           main.s):08216         * Element 1730 of array, of type const unsigned int
0DE4 025E             (           main.s):08217                 FDB     $025E           decimal 606
                      (           main.s):08218         * Element 1731 of array, of type const unsigned int
0DE6 025D             (           main.s):08219                 FDB     $025D           decimal 605
                      (           main.s):08220         * Element 1732 of array, of type const unsigned int
0DE8 025D             (           main.s):08221                 FDB     $025D           decimal 605
                      (           main.s):08222         * Element 1733 of array, of type const unsigned int
0DEA 025D             (           main.s):08223                 FDB     $025D           decimal 605
                      (           main.s):08224         * Element 1734 of array, of type const unsigned int
0DEC 025C             (           main.s):08225                 FDB     $025C           decimal 604
                      (           main.s):08226         * Element 1735 of array, of type const unsigned int
0DEE 025C             (           main.s):08227                 FDB     $025C           decimal 604
                      (           main.s):08228         * Element 1736 of array, of type const unsigned int
0DF0 025C             (           main.s):08229                 FDB     $025C           decimal 604
                      (           main.s):08230         * Element 1737 of array, of type const unsigned int
0DF2 025B             (           main.s):08231                 FDB     $025B           decimal 603
                      (           main.s):08232         * Element 1738 of array, of type const unsigned int
0DF4 025B             (           main.s):08233                 FDB     $025B           decimal 603
                      (           main.s):08234         * Element 1739 of array, of type const unsigned int
0DF6 025A             (           main.s):08235                 FDB     $025A           decimal 602
                      (           main.s):08236         * Element 1740 of array, of type const unsigned int
0DF8 025A             (           main.s):08237                 FDB     $025A           decimal 602
                      (           main.s):08238         * Element 1741 of array, of type const unsigned int
0DFA 025A             (           main.s):08239                 FDB     $025A           decimal 602
                      (           main.s):08240         * Element 1742 of array, of type const unsigned int
0DFC 0259             (           main.s):08241                 FDB     $0259           decimal 601
                      (           main.s):08242         * Element 1743 of array, of type const unsigned int
0DFE 0259             (           main.s):08243                 FDB     $0259           decimal 601
                      (           main.s):08244         * Element 1744 of array, of type const unsigned int
0E00 0259             (           main.s):08245                 FDB     $0259           decimal 601
                      (           main.s):08246         * Element 1745 of array, of type const unsigned int
0E02 0258             (           main.s):08247                 FDB     $0258           decimal 600
                      (           main.s):08248         * Element 1746 of array, of type const unsigned int
0E04 0258             (           main.s):08249                 FDB     $0258           decimal 600
                      (           main.s):08250         * Element 1747 of array, of type const unsigned int
0E06 0258             (           main.s):08251                 FDB     $0258           decimal 600
                      (           main.s):08252         * Element 1748 of array, of type const unsigned int
0E08 0257             (           main.s):08253                 FDB     $0257           decimal 599
                      (           main.s):08254         * Element 1749 of array, of type const unsigned int
0E0A 0257             (           main.s):08255                 FDB     $0257           decimal 599
                      (           main.s):08256         * Element 1750 of array, of type const unsigned int
0E0C 0257             (           main.s):08257                 FDB     $0257           decimal 599
                      (           main.s):08258         * Element 1751 of array, of type const unsigned int
0E0E 0256             (           main.s):08259                 FDB     $0256           decimal 598
                      (           main.s):08260         * Element 1752 of array, of type const unsigned int
0E10 0256             (           main.s):08261                 FDB     $0256           decimal 598
                      (           main.s):08262         * Element 1753 of array, of type const unsigned int
0E12 0256             (           main.s):08263                 FDB     $0256           decimal 598
                      (           main.s):08264         * Element 1754 of array, of type const unsigned int
0E14 0255             (           main.s):08265                 FDB     $0255           decimal 597
                      (           main.s):08266         * Element 1755 of array, of type const unsigned int
0E16 0255             (           main.s):08267                 FDB     $0255           decimal 597
                      (           main.s):08268         * Element 1756 of array, of type const unsigned int
0E18 0255             (           main.s):08269                 FDB     $0255           decimal 597
                      (           main.s):08270         * Element 1757 of array, of type const unsigned int
0E1A 0254             (           main.s):08271                 FDB     $0254           decimal 596
                      (           main.s):08272         * Element 1758 of array, of type const unsigned int
0E1C 0254             (           main.s):08273                 FDB     $0254           decimal 596
                      (           main.s):08274         * Element 1759 of array, of type const unsigned int
0E1E 0254             (           main.s):08275                 FDB     $0254           decimal 596
                      (           main.s):08276         * Element 1760 of array, of type const unsigned int
0E20 0253             (           main.s):08277                 FDB     $0253           decimal 595
                      (           main.s):08278         * Element 1761 of array, of type const unsigned int
0E22 0253             (           main.s):08279                 FDB     $0253           decimal 595
                      (           main.s):08280         * Element 1762 of array, of type const unsigned int
0E24 0253             (           main.s):08281                 FDB     $0253           decimal 595
                      (           main.s):08282         * Element 1763 of array, of type const unsigned int
0E26 0252             (           main.s):08283                 FDB     $0252           decimal 594
                      (           main.s):08284         * Element 1764 of array, of type const unsigned int
0E28 0252             (           main.s):08285                 FDB     $0252           decimal 594
                      (           main.s):08286         * Element 1765 of array, of type const unsigned int
0E2A 0252             (           main.s):08287                 FDB     $0252           decimal 594
                      (           main.s):08288         * Element 1766 of array, of type const unsigned int
0E2C 0251             (           main.s):08289                 FDB     $0251           decimal 593
                      (           main.s):08290         * Element 1767 of array, of type const unsigned int
0E2E 0251             (           main.s):08291                 FDB     $0251           decimal 593
                      (           main.s):08292         * Element 1768 of array, of type const unsigned int
0E30 0251             (           main.s):08293                 FDB     $0251           decimal 593
                      (           main.s):08294         * Element 1769 of array, of type const unsigned int
0E32 0250             (           main.s):08295                 FDB     $0250           decimal 592
                      (           main.s):08296         * Element 1770 of array, of type const unsigned int
0E34 0250             (           main.s):08297                 FDB     $0250           decimal 592
                      (           main.s):08298         * Element 1771 of array, of type const unsigned int
0E36 0250             (           main.s):08299                 FDB     $0250           decimal 592
                      (           main.s):08300         * Element 1772 of array, of type const unsigned int
0E38 024F             (           main.s):08301                 FDB     $024F           decimal 591
                      (           main.s):08302         * Element 1773 of array, of type const unsigned int
0E3A 024F             (           main.s):08303                 FDB     $024F           decimal 591
                      (           main.s):08304         * Element 1774 of array, of type const unsigned int
0E3C 024F             (           main.s):08305                 FDB     $024F           decimal 591
                      (           main.s):08306         * Element 1775 of array, of type const unsigned int
0E3E 024E             (           main.s):08307                 FDB     $024E           decimal 590
                      (           main.s):08308         * Element 1776 of array, of type const unsigned int
0E40 024E             (           main.s):08309                 FDB     $024E           decimal 590
                      (           main.s):08310         * Element 1777 of array, of type const unsigned int
0E42 024E             (           main.s):08311                 FDB     $024E           decimal 590
                      (           main.s):08312         * Element 1778 of array, of type const unsigned int
0E44 024D             (           main.s):08313                 FDB     $024D           decimal 589
                      (           main.s):08314         * Element 1779 of array, of type const unsigned int
0E46 024D             (           main.s):08315                 FDB     $024D           decimal 589
                      (           main.s):08316         * Element 1780 of array, of type const unsigned int
0E48 024D             (           main.s):08317                 FDB     $024D           decimal 589
                      (           main.s):08318         * Element 1781 of array, of type const unsigned int
0E4A 024C             (           main.s):08319                 FDB     $024C           decimal 588
                      (           main.s):08320         * Element 1782 of array, of type const unsigned int
0E4C 024C             (           main.s):08321                 FDB     $024C           decimal 588
                      (           main.s):08322         * Element 1783 of array, of type const unsigned int
0E4E 024C             (           main.s):08323                 FDB     $024C           decimal 588
                      (           main.s):08324         * Element 1784 of array, of type const unsigned int
0E50 024B             (           main.s):08325                 FDB     $024B           decimal 587
                      (           main.s):08326         * Element 1785 of array, of type const unsigned int
0E52 024B             (           main.s):08327                 FDB     $024B           decimal 587
                      (           main.s):08328         * Element 1786 of array, of type const unsigned int
0E54 024B             (           main.s):08329                 FDB     $024B           decimal 587
                      (           main.s):08330         * Element 1787 of array, of type const unsigned int
0E56 024A             (           main.s):08331                 FDB     $024A           decimal 586
                      (           main.s):08332         * Element 1788 of array, of type const unsigned int
0E58 024A             (           main.s):08333                 FDB     $024A           decimal 586
                      (           main.s):08334         * Element 1789 of array, of type const unsigned int
0E5A 024A             (           main.s):08335                 FDB     $024A           decimal 586
                      (           main.s):08336         * Element 1790 of array, of type const unsigned int
0E5C 0249             (           main.s):08337                 FDB     $0249           decimal 585
                      (           main.s):08338         * Element 1791 of array, of type const unsigned int
0E5E 0249             (           main.s):08339                 FDB     $0249           decimal 585
                      (           main.s):08340         * Element 1792 of array, of type const unsigned int
0E60 0249             (           main.s):08341                 FDB     $0249           decimal 585
                      (           main.s):08342         * Element 1793 of array, of type const unsigned int
0E62 0248             (           main.s):08343                 FDB     $0248           decimal 584
                      (           main.s):08344         * Element 1794 of array, of type const unsigned int
0E64 0248             (           main.s):08345                 FDB     $0248           decimal 584
                      (           main.s):08346         * Element 1795 of array, of type const unsigned int
0E66 0248             (           main.s):08347                 FDB     $0248           decimal 584
                      (           main.s):08348         * Element 1796 of array, of type const unsigned int
0E68 0247             (           main.s):08349                 FDB     $0247           decimal 583
                      (           main.s):08350         * Element 1797 of array, of type const unsigned int
0E6A 0247             (           main.s):08351                 FDB     $0247           decimal 583
                      (           main.s):08352         * Element 1798 of array, of type const unsigned int
0E6C 0247             (           main.s):08353                 FDB     $0247           decimal 583
                      (           main.s):08354         * Element 1799 of array, of type const unsigned int
0E6E 0246             (           main.s):08355                 FDB     $0246           decimal 582
                      (           main.s):08356         * Element 1800 of array, of type const unsigned int
0E70 0246             (           main.s):08357                 FDB     $0246           decimal 582
                      (           main.s):08358         * Element 1801 of array, of type const unsigned int
0E72 0246             (           main.s):08359                 FDB     $0246           decimal 582
                      (           main.s):08360         * Element 1802 of array, of type const unsigned int
0E74 0245             (           main.s):08361                 FDB     $0245           decimal 581
                      (           main.s):08362         * Element 1803 of array, of type const unsigned int
0E76 0245             (           main.s):08363                 FDB     $0245           decimal 581
                      (           main.s):08364         * Element 1804 of array, of type const unsigned int
0E78 0245             (           main.s):08365                 FDB     $0245           decimal 581
                      (           main.s):08366         * Element 1805 of array, of type const unsigned int
0E7A 0244             (           main.s):08367                 FDB     $0244           decimal 580
                      (           main.s):08368         * Element 1806 of array, of type const unsigned int
0E7C 0244             (           main.s):08369                 FDB     $0244           decimal 580
                      (           main.s):08370         * Element 1807 of array, of type const unsigned int
0E7E 0244             (           main.s):08371                 FDB     $0244           decimal 580
                      (           main.s):08372         * Element 1808 of array, of type const unsigned int
0E80 0243             (           main.s):08373                 FDB     $0243           decimal 579
                      (           main.s):08374         * Element 1809 of array, of type const unsigned int
0E82 0243             (           main.s):08375                 FDB     $0243           decimal 579
                      (           main.s):08376         * Element 1810 of array, of type const unsigned int
0E84 0243             (           main.s):08377                 FDB     $0243           decimal 579
                      (           main.s):08378         * Element 1811 of array, of type const unsigned int
0E86 0242             (           main.s):08379                 FDB     $0242           decimal 578
                      (           main.s):08380         * Element 1812 of array, of type const unsigned int
0E88 0242             (           main.s):08381                 FDB     $0242           decimal 578
                      (           main.s):08382         * Element 1813 of array, of type const unsigned int
0E8A 0242             (           main.s):08383                 FDB     $0242           decimal 578
                      (           main.s):08384         * Element 1814 of array, of type const unsigned int
0E8C 0242             (           main.s):08385                 FDB     $0242           decimal 578
                      (           main.s):08386         * Element 1815 of array, of type const unsigned int
0E8E 0241             (           main.s):08387                 FDB     $0241           decimal 577
                      (           main.s):08388         * Element 1816 of array, of type const unsigned int
0E90 0241             (           main.s):08389                 FDB     $0241           decimal 577
                      (           main.s):08390         * Element 1817 of array, of type const unsigned int
0E92 0241             (           main.s):08391                 FDB     $0241           decimal 577
                      (           main.s):08392         * Element 1818 of array, of type const unsigned int
0E94 0240             (           main.s):08393                 FDB     $0240           decimal 576
                      (           main.s):08394         * Element 1819 of array, of type const unsigned int
0E96 0240             (           main.s):08395                 FDB     $0240           decimal 576
                      (           main.s):08396         * Element 1820 of array, of type const unsigned int
0E98 0240             (           main.s):08397                 FDB     $0240           decimal 576
                      (           main.s):08398         * Element 1821 of array, of type const unsigned int
0E9A 023F             (           main.s):08399                 FDB     $023F           decimal 575
                      (           main.s):08400         * Element 1822 of array, of type const unsigned int
0E9C 023F             (           main.s):08401                 FDB     $023F           decimal 575
                      (           main.s):08402         * Element 1823 of array, of type const unsigned int
0E9E 023F             (           main.s):08403                 FDB     $023F           decimal 575
                      (           main.s):08404         * Element 1824 of array, of type const unsigned int
0EA0 023E             (           main.s):08405                 FDB     $023E           decimal 574
                      (           main.s):08406         * Element 1825 of array, of type const unsigned int
0EA2 023E             (           main.s):08407                 FDB     $023E           decimal 574
                      (           main.s):08408         * Element 1826 of array, of type const unsigned int
0EA4 023E             (           main.s):08409                 FDB     $023E           decimal 574
                      (           main.s):08410         * Element 1827 of array, of type const unsigned int
0EA6 023D             (           main.s):08411                 FDB     $023D           decimal 573
                      (           main.s):08412         * Element 1828 of array, of type const unsigned int
0EA8 023D             (           main.s):08413                 FDB     $023D           decimal 573
                      (           main.s):08414         * Element 1829 of array, of type const unsigned int
0EAA 023D             (           main.s):08415                 FDB     $023D           decimal 573
                      (           main.s):08416         * Element 1830 of array, of type const unsigned int
0EAC 023C             (           main.s):08417                 FDB     $023C           decimal 572
                      (           main.s):08418         * Element 1831 of array, of type const unsigned int
0EAE 023C             (           main.s):08419                 FDB     $023C           decimal 572
                      (           main.s):08420         * Element 1832 of array, of type const unsigned int
0EB0 023C             (           main.s):08421                 FDB     $023C           decimal 572
                      (           main.s):08422         * Element 1833 of array, of type const unsigned int
0EB2 023C             (           main.s):08423                 FDB     $023C           decimal 572
                      (           main.s):08424         * Element 1834 of array, of type const unsigned int
0EB4 023B             (           main.s):08425                 FDB     $023B           decimal 571
                      (           main.s):08426         * Element 1835 of array, of type const unsigned int
0EB6 023B             (           main.s):08427                 FDB     $023B           decimal 571
                      (           main.s):08428         * Element 1836 of array, of type const unsigned int
0EB8 023B             (           main.s):08429                 FDB     $023B           decimal 571
                      (           main.s):08430         * Element 1837 of array, of type const unsigned int
0EBA 023A             (           main.s):08431                 FDB     $023A           decimal 570
                      (           main.s):08432         * Element 1838 of array, of type const unsigned int
0EBC 023A             (           main.s):08433                 FDB     $023A           decimal 570
                      (           main.s):08434         * Element 1839 of array, of type const unsigned int
0EBE 023A             (           main.s):08435                 FDB     $023A           decimal 570
                      (           main.s):08436         * Element 1840 of array, of type const unsigned int
0EC0 0239             (           main.s):08437                 FDB     $0239           decimal 569
                      (           main.s):08438         * Element 1841 of array, of type const unsigned int
0EC2 0239             (           main.s):08439                 FDB     $0239           decimal 569
                      (           main.s):08440         * Element 1842 of array, of type const unsigned int
0EC4 0239             (           main.s):08441                 FDB     $0239           decimal 569
                      (           main.s):08442         * Element 1843 of array, of type const unsigned int
0EC6 0238             (           main.s):08443                 FDB     $0238           decimal 568
                      (           main.s):08444         * Element 1844 of array, of type const unsigned int
0EC8 0238             (           main.s):08445                 FDB     $0238           decimal 568
                      (           main.s):08446         * Element 1845 of array, of type const unsigned int
0ECA 0238             (           main.s):08447                 FDB     $0238           decimal 568
                      (           main.s):08448         * Element 1846 of array, of type const unsigned int
0ECC 0238             (           main.s):08449                 FDB     $0238           decimal 568
                      (           main.s):08450         * Element 1847 of array, of type const unsigned int
0ECE 0237             (           main.s):08451                 FDB     $0237           decimal 567
                      (           main.s):08452         * Element 1848 of array, of type const unsigned int
0ED0 0237             (           main.s):08453                 FDB     $0237           decimal 567
                      (           main.s):08454         * Element 1849 of array, of type const unsigned int
0ED2 0237             (           main.s):08455                 FDB     $0237           decimal 567
                      (           main.s):08456         * Element 1850 of array, of type const unsigned int
0ED4 0236             (           main.s):08457                 FDB     $0236           decimal 566
                      (           main.s):08458         * Element 1851 of array, of type const unsigned int
0ED6 0236             (           main.s):08459                 FDB     $0236           decimal 566
                      (           main.s):08460         * Element 1852 of array, of type const unsigned int
0ED8 0236             (           main.s):08461                 FDB     $0236           decimal 566
                      (           main.s):08462         * Element 1853 of array, of type const unsigned int
0EDA 0235             (           main.s):08463                 FDB     $0235           decimal 565
                      (           main.s):08464         * Element 1854 of array, of type const unsigned int
0EDC 0235             (           main.s):08465                 FDB     $0235           decimal 565
                      (           main.s):08466         * Element 1855 of array, of type const unsigned int
0EDE 0235             (           main.s):08467                 FDB     $0235           decimal 565
                      (           main.s):08468         * Element 1856 of array, of type const unsigned int
0EE0 0234             (           main.s):08469                 FDB     $0234           decimal 564
                      (           main.s):08470         * Element 1857 of array, of type const unsigned int
0EE2 0234             (           main.s):08471                 FDB     $0234           decimal 564
                      (           main.s):08472         * Element 1858 of array, of type const unsigned int
0EE4 0234             (           main.s):08473                 FDB     $0234           decimal 564
                      (           main.s):08474         * Element 1859 of array, of type const unsigned int
0EE6 0234             (           main.s):08475                 FDB     $0234           decimal 564
                      (           main.s):08476         * Element 1860 of array, of type const unsigned int
0EE8 0233             (           main.s):08477                 FDB     $0233           decimal 563
                      (           main.s):08478         * Element 1861 of array, of type const unsigned int
0EEA 0233             (           main.s):08479                 FDB     $0233           decimal 563
                      (           main.s):08480         * Element 1862 of array, of type const unsigned int
0EEC 0233             (           main.s):08481                 FDB     $0233           decimal 563
                      (           main.s):08482         * Element 1863 of array, of type const unsigned int
0EEE 0232             (           main.s):08483                 FDB     $0232           decimal 562
                      (           main.s):08484         * Element 1864 of array, of type const unsigned int
0EF0 0232             (           main.s):08485                 FDB     $0232           decimal 562
                      (           main.s):08486         * Element 1865 of array, of type const unsigned int
0EF2 0232             (           main.s):08487                 FDB     $0232           decimal 562
                      (           main.s):08488         * Element 1866 of array, of type const unsigned int
0EF4 0231             (           main.s):08489                 FDB     $0231           decimal 561
                      (           main.s):08490         * Element 1867 of array, of type const unsigned int
0EF6 0231             (           main.s):08491                 FDB     $0231           decimal 561
                      (           main.s):08492         * Element 1868 of array, of type const unsigned int
0EF8 0231             (           main.s):08493                 FDB     $0231           decimal 561
                      (           main.s):08494         * Element 1869 of array, of type const unsigned int
0EFA 0231             (           main.s):08495                 FDB     $0231           decimal 561
                      (           main.s):08496         * Element 1870 of array, of type const unsigned int
0EFC 0230             (           main.s):08497                 FDB     $0230           decimal 560
                      (           main.s):08498         * Element 1871 of array, of type const unsigned int
0EFE 0230             (           main.s):08499                 FDB     $0230           decimal 560
                      (           main.s):08500         * Element 1872 of array, of type const unsigned int
0F00 0230             (           main.s):08501                 FDB     $0230           decimal 560
                      (           main.s):08502         * Element 1873 of array, of type const unsigned int
0F02 022F             (           main.s):08503                 FDB     $022F           decimal 559
                      (           main.s):08504         * Element 1874 of array, of type const unsigned int
0F04 022F             (           main.s):08505                 FDB     $022F           decimal 559
                      (           main.s):08506         * Element 1875 of array, of type const unsigned int
0F06 022F             (           main.s):08507                 FDB     $022F           decimal 559
                      (           main.s):08508         * Element 1876 of array, of type const unsigned int
0F08 022E             (           main.s):08509                 FDB     $022E           decimal 558
                      (           main.s):08510         * Element 1877 of array, of type const unsigned int
0F0A 022E             (           main.s):08511                 FDB     $022E           decimal 558
                      (           main.s):08512         * Element 1878 of array, of type const unsigned int
0F0C 022E             (           main.s):08513                 FDB     $022E           decimal 558
                      (           main.s):08514         * Element 1879 of array, of type const unsigned int
0F0E 022E             (           main.s):08515                 FDB     $022E           decimal 558
                      (           main.s):08516         * Element 1880 of array, of type const unsigned int
0F10 022D             (           main.s):08517                 FDB     $022D           decimal 557
                      (           main.s):08518         * Element 1881 of array, of type const unsigned int
0F12 022D             (           main.s):08519                 FDB     $022D           decimal 557
                      (           main.s):08520         * Element 1882 of array, of type const unsigned int
0F14 022D             (           main.s):08521                 FDB     $022D           decimal 557
                      (           main.s):08522         * Element 1883 of array, of type const unsigned int
0F16 022C             (           main.s):08523                 FDB     $022C           decimal 556
                      (           main.s):08524         * Element 1884 of array, of type const unsigned int
0F18 022C             (           main.s):08525                 FDB     $022C           decimal 556
                      (           main.s):08526         * Element 1885 of array, of type const unsigned int
0F1A 022C             (           main.s):08527                 FDB     $022C           decimal 556
                      (           main.s):08528         * Element 1886 of array, of type const unsigned int
0F1C 022B             (           main.s):08529                 FDB     $022B           decimal 555
                      (           main.s):08530         * Element 1887 of array, of type const unsigned int
0F1E 022B             (           main.s):08531                 FDB     $022B           decimal 555
                      (           main.s):08532         * Element 1888 of array, of type const unsigned int
0F20 022B             (           main.s):08533                 FDB     $022B           decimal 555
                      (           main.s):08534         * Element 1889 of array, of type const unsigned int
0F22 022B             (           main.s):08535                 FDB     $022B           decimal 555
                      (           main.s):08536         * Element 1890 of array, of type const unsigned int
0F24 022A             (           main.s):08537                 FDB     $022A           decimal 554
                      (           main.s):08538         * Element 1891 of array, of type const unsigned int
0F26 022A             (           main.s):08539                 FDB     $022A           decimal 554
                      (           main.s):08540         * Element 1892 of array, of type const unsigned int
0F28 022A             (           main.s):08541                 FDB     $022A           decimal 554
                      (           main.s):08542         * Element 1893 of array, of type const unsigned int
0F2A 0229             (           main.s):08543                 FDB     $0229           decimal 553
                      (           main.s):08544         * Element 1894 of array, of type const unsigned int
0F2C 0229             (           main.s):08545                 FDB     $0229           decimal 553
                      (           main.s):08546         * Element 1895 of array, of type const unsigned int
0F2E 0229             (           main.s):08547                 FDB     $0229           decimal 553
                      (           main.s):08548         * Element 1896 of array, of type const unsigned int
0F30 0229             (           main.s):08549                 FDB     $0229           decimal 553
                      (           main.s):08550         * Element 1897 of array, of type const unsigned int
0F32 0228             (           main.s):08551                 FDB     $0228           decimal 552
                      (           main.s):08552         * Element 1898 of array, of type const unsigned int
0F34 0228             (           main.s):08553                 FDB     $0228           decimal 552
                      (           main.s):08554         * Element 1899 of array, of type const unsigned int
0F36 0228             (           main.s):08555                 FDB     $0228           decimal 552
                      (           main.s):08556         * Element 1900 of array, of type const unsigned int
0F38 0227             (           main.s):08557                 FDB     $0227           decimal 551
                      (           main.s):08558         * Element 1901 of array, of type const unsigned int
0F3A 0227             (           main.s):08559                 FDB     $0227           decimal 551
                      (           main.s):08560         * Element 1902 of array, of type const unsigned int
0F3C 0227             (           main.s):08561                 FDB     $0227           decimal 551
                      (           main.s):08562         * Element 1903 of array, of type const unsigned int
0F3E 0227             (           main.s):08563                 FDB     $0227           decimal 551
                      (           main.s):08564         * Element 1904 of array, of type const unsigned int
0F40 0226             (           main.s):08565                 FDB     $0226           decimal 550
                      (           main.s):08566         * Element 1905 of array, of type const unsigned int
0F42 0226             (           main.s):08567                 FDB     $0226           decimal 550
                      (           main.s):08568         * Element 1906 of array, of type const unsigned int
0F44 0226             (           main.s):08569                 FDB     $0226           decimal 550
                      (           main.s):08570         * Element 1907 of array, of type const unsigned int
0F46 0225             (           main.s):08571                 FDB     $0225           decimal 549
                      (           main.s):08572         * Element 1908 of array, of type const unsigned int
0F48 0225             (           main.s):08573                 FDB     $0225           decimal 549
                      (           main.s):08574         * Element 1909 of array, of type const unsigned int
0F4A 0225             (           main.s):08575                 FDB     $0225           decimal 549
                      (           main.s):08576         * Element 1910 of array, of type const unsigned int
0F4C 0224             (           main.s):08577                 FDB     $0224           decimal 548
                      (           main.s):08578         * Element 1911 of array, of type const unsigned int
0F4E 0224             (           main.s):08579                 FDB     $0224           decimal 548
                      (           main.s):08580         * Element 1912 of array, of type const unsigned int
0F50 0224             (           main.s):08581                 FDB     $0224           decimal 548
                      (           main.s):08582         * Element 1913 of array, of type const unsigned int
0F52 0224             (           main.s):08583                 FDB     $0224           decimal 548
                      (           main.s):08584         * Element 1914 of array, of type const unsigned int
0F54 0223             (           main.s):08585                 FDB     $0223           decimal 547
                      (           main.s):08586         * Element 1915 of array, of type const unsigned int
0F56 0223             (           main.s):08587                 FDB     $0223           decimal 547
                      (           main.s):08588         * Element 1916 of array, of type const unsigned int
0F58 0223             (           main.s):08589                 FDB     $0223           decimal 547
                      (           main.s):08590         * Element 1917 of array, of type const unsigned int
0F5A 0222             (           main.s):08591                 FDB     $0222           decimal 546
                      (           main.s):08592         * Element 1918 of array, of type const unsigned int
0F5C 0222             (           main.s):08593                 FDB     $0222           decimal 546
                      (           main.s):08594         * Element 1919 of array, of type const unsigned int
0F5E 0222             (           main.s):08595                 FDB     $0222           decimal 546
                      (           main.s):08596         * Element 1920 of array, of type const unsigned int
0F60 0222             (           main.s):08597                 FDB     $0222           decimal 546
                      (           main.s):08598         * Element 1921 of array, of type const unsigned int
0F62 0221             (           main.s):08599                 FDB     $0221           decimal 545
                      (           main.s):08600         * Element 1922 of array, of type const unsigned int
0F64 0221             (           main.s):08601                 FDB     $0221           decimal 545
                      (           main.s):08602         * Element 1923 of array, of type const unsigned int
0F66 0221             (           main.s):08603                 FDB     $0221           decimal 545
                      (           main.s):08604         * Element 1924 of array, of type const unsigned int
0F68 0220             (           main.s):08605                 FDB     $0220           decimal 544
                      (           main.s):08606         * Element 1925 of array, of type const unsigned int
0F6A 0220             (           main.s):08607                 FDB     $0220           decimal 544
                      (           main.s):08608         * Element 1926 of array, of type const unsigned int
0F6C 0220             (           main.s):08609                 FDB     $0220           decimal 544
                      (           main.s):08610         * Element 1927 of array, of type const unsigned int
0F6E 0220             (           main.s):08611                 FDB     $0220           decimal 544
                      (           main.s):08612         * Element 1928 of array, of type const unsigned int
0F70 021F             (           main.s):08613                 FDB     $021F           decimal 543
                      (           main.s):08614         * Element 1929 of array, of type const unsigned int
0F72 021F             (           main.s):08615                 FDB     $021F           decimal 543
                      (           main.s):08616         * Element 1930 of array, of type const unsigned int
0F74 021F             (           main.s):08617                 FDB     $021F           decimal 543
                      (           main.s):08618         * Element 1931 of array, of type const unsigned int
0F76 021F             (           main.s):08619                 FDB     $021F           decimal 543
                      (           main.s):08620         * Element 1932 of array, of type const unsigned int
0F78 021E             (           main.s):08621                 FDB     $021E           decimal 542
                      (           main.s):08622         * Element 1933 of array, of type const unsigned int
0F7A 021E             (           main.s):08623                 FDB     $021E           decimal 542
                      (           main.s):08624         * Element 1934 of array, of type const unsigned int
0F7C 021E             (           main.s):08625                 FDB     $021E           decimal 542
                      (           main.s):08626         * Element 1935 of array, of type const unsigned int
0F7E 021D             (           main.s):08627                 FDB     $021D           decimal 541
                      (           main.s):08628         * Element 1936 of array, of type const unsigned int
0F80 021D             (           main.s):08629                 FDB     $021D           decimal 541
                      (           main.s):08630         * Element 1937 of array, of type const unsigned int
0F82 021D             (           main.s):08631                 FDB     $021D           decimal 541
                      (           main.s):08632         * Element 1938 of array, of type const unsigned int
0F84 021D             (           main.s):08633                 FDB     $021D           decimal 541
                      (           main.s):08634         * Element 1939 of array, of type const unsigned int
0F86 021C             (           main.s):08635                 FDB     $021C           decimal 540
                      (           main.s):08636         * Element 1940 of array, of type const unsigned int
0F88 021C             (           main.s):08637                 FDB     $021C           decimal 540
                      (           main.s):08638         * Element 1941 of array, of type const unsigned int
0F8A 021C             (           main.s):08639                 FDB     $021C           decimal 540
                      (           main.s):08640         * Element 1942 of array, of type const unsigned int
0F8C 021B             (           main.s):08641                 FDB     $021B           decimal 539
                      (           main.s):08642         * Element 1943 of array, of type const unsigned int
0F8E 021B             (           main.s):08643                 FDB     $021B           decimal 539
                      (           main.s):08644         * Element 1944 of array, of type const unsigned int
0F90 021B             (           main.s):08645                 FDB     $021B           decimal 539
                      (           main.s):08646         * Element 1945 of array, of type const unsigned int
0F92 021B             (           main.s):08647                 FDB     $021B           decimal 539
                      (           main.s):08648         * Element 1946 of array, of type const unsigned int
0F94 021A             (           main.s):08649                 FDB     $021A           decimal 538
                      (           main.s):08650         * Element 1947 of array, of type const unsigned int
0F96 021A             (           main.s):08651                 FDB     $021A           decimal 538
                      (           main.s):08652         * Element 1948 of array, of type const unsigned int
0F98 021A             (           main.s):08653                 FDB     $021A           decimal 538
                      (           main.s):08654         * Element 1949 of array, of type const unsigned int
0F9A 0219             (           main.s):08655                 FDB     $0219           decimal 537
                      (           main.s):08656         * Element 1950 of array, of type const unsigned int
0F9C 0219             (           main.s):08657                 FDB     $0219           decimal 537
                      (           main.s):08658         * Element 1951 of array, of type const unsigned int
0F9E 0219             (           main.s):08659                 FDB     $0219           decimal 537
                      (           main.s):08660         * Element 1952 of array, of type const unsigned int
0FA0 0219             (           main.s):08661                 FDB     $0219           decimal 537
                      (           main.s):08662         * Element 1953 of array, of type const unsigned int
0FA2 0218             (           main.s):08663                 FDB     $0218           decimal 536
                      (           main.s):08664         * Element 1954 of array, of type const unsigned int
0FA4 0218             (           main.s):08665                 FDB     $0218           decimal 536
                      (           main.s):08666         * Element 1955 of array, of type const unsigned int
0FA6 0218             (           main.s):08667                 FDB     $0218           decimal 536
                      (           main.s):08668         * Element 1956 of array, of type const unsigned int
0FA8 0218             (           main.s):08669                 FDB     $0218           decimal 536
                      (           main.s):08670         * Element 1957 of array, of type const unsigned int
0FAA 0217             (           main.s):08671                 FDB     $0217           decimal 535
                      (           main.s):08672         * Element 1958 of array, of type const unsigned int
0FAC 0217             (           main.s):08673                 FDB     $0217           decimal 535
                      (           main.s):08674         * Element 1959 of array, of type const unsigned int
0FAE 0217             (           main.s):08675                 FDB     $0217           decimal 535
                      (           main.s):08676         * Element 1960 of array, of type const unsigned int
0FB0 0216             (           main.s):08677                 FDB     $0216           decimal 534
                      (           main.s):08678         * Element 1961 of array, of type const unsigned int
0FB2 0216             (           main.s):08679                 FDB     $0216           decimal 534
                      (           main.s):08680         * Element 1962 of array, of type const unsigned int
0FB4 0216             (           main.s):08681                 FDB     $0216           decimal 534
                      (           main.s):08682         * Element 1963 of array, of type const unsigned int
0FB6 0216             (           main.s):08683                 FDB     $0216           decimal 534
                      (           main.s):08684         * Element 1964 of array, of type const unsigned int
0FB8 0215             (           main.s):08685                 FDB     $0215           decimal 533
                      (           main.s):08686         * Element 1965 of array, of type const unsigned int
0FBA 0215             (           main.s):08687                 FDB     $0215           decimal 533
                      (           main.s):08688         * Element 1966 of array, of type const unsigned int
0FBC 0215             (           main.s):08689                 FDB     $0215           decimal 533
                      (           main.s):08690         * Element 1967 of array, of type const unsigned int
0FBE 0215             (           main.s):08691                 FDB     $0215           decimal 533
                      (           main.s):08692         * Element 1968 of array, of type const unsigned int
0FC0 0214             (           main.s):08693                 FDB     $0214           decimal 532
                      (           main.s):08694         * Element 1969 of array, of type const unsigned int
0FC2 0214             (           main.s):08695                 FDB     $0214           decimal 532
                      (           main.s):08696         * Element 1970 of array, of type const unsigned int
0FC4 0214             (           main.s):08697                 FDB     $0214           decimal 532
                      (           main.s):08698         * Element 1971 of array, of type const unsigned int
0FC6 0213             (           main.s):08699                 FDB     $0213           decimal 531
                      (           main.s):08700         * Element 1972 of array, of type const unsigned int
0FC8 0213             (           main.s):08701                 FDB     $0213           decimal 531
                      (           main.s):08702         * Element 1973 of array, of type const unsigned int
0FCA 0213             (           main.s):08703                 FDB     $0213           decimal 531
                      (           main.s):08704         * Element 1974 of array, of type const unsigned int
0FCC 0213             (           main.s):08705                 FDB     $0213           decimal 531
                      (           main.s):08706         * Element 1975 of array, of type const unsigned int
0FCE 0212             (           main.s):08707                 FDB     $0212           decimal 530
                      (           main.s):08708         * Element 1976 of array, of type const unsigned int
0FD0 0212             (           main.s):08709                 FDB     $0212           decimal 530
                      (           main.s):08710         * Element 1977 of array, of type const unsigned int
0FD2 0212             (           main.s):08711                 FDB     $0212           decimal 530
                      (           main.s):08712         * Element 1978 of array, of type const unsigned int
0FD4 0212             (           main.s):08713                 FDB     $0212           decimal 530
                      (           main.s):08714         * Element 1979 of array, of type const unsigned int
0FD6 0211             (           main.s):08715                 FDB     $0211           decimal 529
                      (           main.s):08716         * Element 1980 of array, of type const unsigned int
0FD8 0211             (           main.s):08717                 FDB     $0211           decimal 529
                      (           main.s):08718         * Element 1981 of array, of type const unsigned int
0FDA 0211             (           main.s):08719                 FDB     $0211           decimal 529
                      (           main.s):08720         * Element 1982 of array, of type const unsigned int
0FDC 0211             (           main.s):08721                 FDB     $0211           decimal 529
                      (           main.s):08722         * Element 1983 of array, of type const unsigned int
0FDE 0210             (           main.s):08723                 FDB     $0210           decimal 528
                      (           main.s):08724         * Element 1984 of array, of type const unsigned int
0FE0 0210             (           main.s):08725                 FDB     $0210           decimal 528
                      (           main.s):08726         * Element 1985 of array, of type const unsigned int
0FE2 0210             (           main.s):08727                 FDB     $0210           decimal 528
                      (           main.s):08728         * Element 1986 of array, of type const unsigned int
0FE4 020F             (           main.s):08729                 FDB     $020F           decimal 527
                      (           main.s):08730         * Element 1987 of array, of type const unsigned int
0FE6 020F             (           main.s):08731                 FDB     $020F           decimal 527
                      (           main.s):08732         * Element 1988 of array, of type const unsigned int
0FE8 020F             (           main.s):08733                 FDB     $020F           decimal 527
                      (           main.s):08734         * Element 1989 of array, of type const unsigned int
0FEA 020F             (           main.s):08735                 FDB     $020F           decimal 527
                      (           main.s):08736         * Element 1990 of array, of type const unsigned int
0FEC 020E             (           main.s):08737                 FDB     $020E           decimal 526
                      (           main.s):08738         * Element 1991 of array, of type const unsigned int
0FEE 020E             (           main.s):08739                 FDB     $020E           decimal 526
                      (           main.s):08740         * Element 1992 of array, of type const unsigned int
0FF0 020E             (           main.s):08741                 FDB     $020E           decimal 526
                      (           main.s):08742         * Element 1993 of array, of type const unsigned int
0FF2 020E             (           main.s):08743                 FDB     $020E           decimal 526
                      (           main.s):08744         * Element 1994 of array, of type const unsigned int
0FF4 020D             (           main.s):08745                 FDB     $020D           decimal 525
                      (           main.s):08746         * Element 1995 of array, of type const unsigned int
0FF6 020D             (           main.s):08747                 FDB     $020D           decimal 525
                      (           main.s):08748         * Element 1996 of array, of type const unsigned int
0FF8 020D             (           main.s):08749                 FDB     $020D           decimal 525
                      (           main.s):08750         * Element 1997 of array, of type const unsigned int
0FFA 020D             (           main.s):08751                 FDB     $020D           decimal 525
                      (           main.s):08752         * Element 1998 of array, of type const unsigned int
0FFC 020C             (           main.s):08753                 FDB     $020C           decimal 524
                      (           main.s):08754         * Element 1999 of array, of type const unsigned int
0FFE 020C             (           main.s):08755                 FDB     $020C           decimal 524
                      (           main.s):08756         * Element 2000 of array, of type const unsigned int
1000 020C             (           main.s):08757                 FDB     $020C           decimal 524
                      (           main.s):08758         * Element 2001 of array, of type const unsigned int
1002 020C             (           main.s):08759                 FDB     $020C           decimal 524
                      (           main.s):08760         * Element 2002 of array, of type const unsigned int
1004 020B             (           main.s):08761                 FDB     $020B           decimal 523
                      (           main.s):08762         * Element 2003 of array, of type const unsigned int
1006 020B             (           main.s):08763                 FDB     $020B           decimal 523
                      (           main.s):08764         * Element 2004 of array, of type const unsigned int
1008 020B             (           main.s):08765                 FDB     $020B           decimal 523
                      (           main.s):08766         * Element 2005 of array, of type const unsigned int
100A 020A             (           main.s):08767                 FDB     $020A           decimal 522
                      (           main.s):08768         * Element 2006 of array, of type const unsigned int
100C 020A             (           main.s):08769                 FDB     $020A           decimal 522
                      (           main.s):08770         * Element 2007 of array, of type const unsigned int
100E 020A             (           main.s):08771                 FDB     $020A           decimal 522
                      (           main.s):08772         * Element 2008 of array, of type const unsigned int
1010 020A             (           main.s):08773                 FDB     $020A           decimal 522
                      (           main.s):08774         * Element 2009 of array, of type const unsigned int
1012 0209             (           main.s):08775                 FDB     $0209           decimal 521
                      (           main.s):08776         * Element 2010 of array, of type const unsigned int
1014 0209             (           main.s):08777                 FDB     $0209           decimal 521
                      (           main.s):08778         * Element 2011 of array, of type const unsigned int
1016 0209             (           main.s):08779                 FDB     $0209           decimal 521
                      (           main.s):08780         * Element 2012 of array, of type const unsigned int
1018 0209             (           main.s):08781                 FDB     $0209           decimal 521
                      (           main.s):08782         * Element 2013 of array, of type const unsigned int
101A 0208             (           main.s):08783                 FDB     $0208           decimal 520
                      (           main.s):08784         * Element 2014 of array, of type const unsigned int
101C 0208             (           main.s):08785                 FDB     $0208           decimal 520
                      (           main.s):08786         * Element 2015 of array, of type const unsigned int
101E 0208             (           main.s):08787                 FDB     $0208           decimal 520
                      (           main.s):08788         * Element 2016 of array, of type const unsigned int
1020 0208             (           main.s):08789                 FDB     $0208           decimal 520
                      (           main.s):08790         * Element 2017 of array, of type const unsigned int
1022 0207             (           main.s):08791                 FDB     $0207           decimal 519
                      (           main.s):08792         * Element 2018 of array, of type const unsigned int
1024 0207             (           main.s):08793                 FDB     $0207           decimal 519
                      (           main.s):08794         * Element 2019 of array, of type const unsigned int
1026 0207             (           main.s):08795                 FDB     $0207           decimal 519
                      (           main.s):08796         * Element 2020 of array, of type const unsigned int
1028 0207             (           main.s):08797                 FDB     $0207           decimal 519
                      (           main.s):08798         * Element 2021 of array, of type const unsigned int
102A 0206             (           main.s):08799                 FDB     $0206           decimal 518
                      (           main.s):08800         * Element 2022 of array, of type const unsigned int
102C 0206             (           main.s):08801                 FDB     $0206           decimal 518
                      (           main.s):08802         * Element 2023 of array, of type const unsigned int
102E 0206             (           main.s):08803                 FDB     $0206           decimal 518
                      (           main.s):08804         * Element 2024 of array, of type const unsigned int
1030 0206             (           main.s):08805                 FDB     $0206           decimal 518
                      (           main.s):08806         * Element 2025 of array, of type const unsigned int
1032 0205             (           main.s):08807                 FDB     $0205           decimal 517
                      (           main.s):08808         * Element 2026 of array, of type const unsigned int
1034 0205             (           main.s):08809                 FDB     $0205           decimal 517
                      (           main.s):08810         * Element 2027 of array, of type const unsigned int
1036 0205             (           main.s):08811                 FDB     $0205           decimal 517
                      (           main.s):08812         * Element 2028 of array, of type const unsigned int
1038 0205             (           main.s):08813                 FDB     $0205           decimal 517
                      (           main.s):08814         * Element 2029 of array, of type const unsigned int
103A 0204             (           main.s):08815                 FDB     $0204           decimal 516
                      (           main.s):08816         * Element 2030 of array, of type const unsigned int
103C 0204             (           main.s):08817                 FDB     $0204           decimal 516
                      (           main.s):08818         * Element 2031 of array, of type const unsigned int
103E 0204             (           main.s):08819                 FDB     $0204           decimal 516
                      (           main.s):08820         * Element 2032 of array, of type const unsigned int
1040 0204             (           main.s):08821                 FDB     $0204           decimal 516
                      (           main.s):08822         * Element 2033 of array, of type const unsigned int
1042 0203             (           main.s):08823                 FDB     $0203           decimal 515
                      (           main.s):08824         * Element 2034 of array, of type const unsigned int
1044 0203             (           main.s):08825                 FDB     $0203           decimal 515
                      (           main.s):08826         * Element 2035 of array, of type const unsigned int
1046 0203             (           main.s):08827                 FDB     $0203           decimal 515
                      (           main.s):08828         * Element 2036 of array, of type const unsigned int
1048 0203             (           main.s):08829                 FDB     $0203           decimal 515
                      (           main.s):08830         * Element 2037 of array, of type const unsigned int
104A 0202             (           main.s):08831                 FDB     $0202           decimal 514
                      (           main.s):08832         * Element 2038 of array, of type const unsigned int
104C 0202             (           main.s):08833                 FDB     $0202           decimal 514
                      (           main.s):08834         * Element 2039 of array, of type const unsigned int
104E 0202             (           main.s):08835                 FDB     $0202           decimal 514
                      (           main.s):08836         * Element 2040 of array, of type const unsigned int
1050 0202             (           main.s):08837                 FDB     $0202           decimal 514
                      (           main.s):08838         * Element 2041 of array, of type const unsigned int
1052 0201             (           main.s):08839                 FDB     $0201           decimal 513
                      (           main.s):08840         * Element 2042 of array, of type const unsigned int
1054 0201             (           main.s):08841                 FDB     $0201           decimal 513
                      (           main.s):08842         * Element 2043 of array, of type const unsigned int
1056 0201             (           main.s):08843                 FDB     $0201           decimal 513
                      (           main.s):08844         * Element 2044 of array, of type const unsigned int
1058 0200             (           main.s):08845                 FDB     $0200           decimal 512
                      (           main.s):08846         * Element 2045 of array, of type const unsigned int
105A 0200             (           main.s):08847                 FDB     $0200           decimal 512
                      (           main.s):08848         * Element 2046 of array, of type const unsigned int
105C 0200             (           main.s):08849                 FDB     $0200           decimal 512
                      (           main.s):08850         * Element 2047 of array, of type const unsigned int
105E 0200             (           main.s):08851                 FDB     $0200           decimal 512
                      (           main.s):08852         
                      (           main.s):08853         
                      (           main.s):08854                 ENDSECTION
                      (           main.s):08855         
                      (           main.s):08856         
                      (           main.s):08857         
                      (           main.s):08858         
                      (           main.s):08859                 SECTION initgl_end
                      (           main.s):08860         
                      (           main.s):08861         
0000 39               (           main.s):08862                 RTS                     end of global variable initialization
                      (           main.s):08863         
                      (           main.s):08864         
                      (           main.s):08865                 ENDSECTION
                      (           main.s):08866         
                      (           main.s):08867         
                      (           main.s):08868         
                      (           main.s):08869         
                      (           main.s):08870         *******************************************************************************
                      (           main.s):08871         
                      (           main.s):08872         
                      (           main.s):08873         
                      (           main.s):08874                 SECTION program_end
                      (           main.s):08875         
                      (           main.s):08876         
                      (           main.s):08877         program_end     EXPORT
     0000             (           main.s):08878         program_end     EQU     *
                      (           main.s):08879         
                      (           main.s):08880         
                      (           main.s):08881                 ENDSECTION
                      (           main.s):08882         
                      (           main.s):08883         
                      (           main.s):08884         
                      (           main.s):08885         
                      (           main.s):08886         *******************************************************************************
                      (           main.s):08887         
                      (           main.s):08888         * WRITABLE DATA SECTION
                      (           main.s):08889         
                      (           main.s):08890         
                      (           main.s):08891                 SECTION rwdata
                      (           main.s):08892         
                      (           main.s):08893         
                      (           main.s):08894         * Statically-initialized global variables
     0000             (           main.s):08895         _world  EQU     *               world: char[][][]
                      (           main.s):08896         * Element 0 of array, of type char[][]
                      (           main.s):08897         * Element 0 of array, of type char[]
                      (           main.s):08898         * Element 0 of array, of type char
0000 00               (           main.s):08899                 FCB     $00             decimal 0
                      (           main.s):08900         * Element 1 of array, of type char
0001 00               (           main.s):08901                 FCB     $00             decimal 0
                      (           main.s):08902         * Element 2 of array, of type char
0002 00               (           main.s):08903                 FCB     $00             decimal 0
                      (           main.s):08904         * Element 1 of array, of type char[]
                      (           main.s):08905         * Element 0 of array, of type char
0003 00               (           main.s):08906                 FCB     $00             decimal 0
                      (           main.s):08907         * Element 1 of array, of type char
0004 00               (           main.s):08908                 FCB     $00             decimal 0
                      (           main.s):08909         * Element 2 of array, of type char
0005 00               (           main.s):08910                 FCB     $00             decimal 0
                      (           main.s):08911         * Element 2 of array, of type char[]
                      (           main.s):08912         * Element 0 of array, of type char
0006 00               (           main.s):08913                 FCB     $00             decimal 0
                      (           main.s):08914         * Element 1 of array, of type char
0007 00               (           main.s):08915                 FCB     $00             decimal 0
                      (           main.s):08916         * Element 2 of array, of type char
0008 00               (           main.s):08917                 FCB     $00             decimal 0
                      (           main.s):08918         * Element 1 of array, of type char[][]
                      (           main.s):08919         * Element 0 of array, of type char[]
                      (           main.s):08920         * Element 0 of array, of type char
0009 00               (           main.s):08921                 FCB     $00             decimal 0
                      (           main.s):08922         * Element 1 of array, of type char
000A 00               (           main.s):08923                 FCB     $00             decimal 0
                      (           main.s):08924         * Element 2 of array, of type char
000B 00               (           main.s):08925                 FCB     $00             decimal 0
                      (           main.s):08926         * Element 1 of array, of type char[]
                      (           main.s):08927         * Element 0 of array, of type char
000C 00               (           main.s):08928                 FCB     $00             decimal 0
                      (           main.s):08929         * Element 1 of array, of type char
000D 00               (           main.s):08930                 FCB     $00             decimal 0
                      (           main.s):08931         * Element 2 of array, of type char
000E 00               (           main.s):08932                 FCB     $00             decimal 0
                      (           main.s):08933         * Element 2 of array, of type char[]
                      (           main.s):08934         * Element 0 of array, of type char
000F 00               (           main.s):08935                 FCB     $00             decimal 0
                      (           main.s):08936         * Element 1 of array, of type char
0010 00               (           main.s):08937                 FCB     $00             decimal 0
                      (           main.s):08938         * Element 2 of array, of type char
0011 00               (           main.s):08939                 FCB     $00             decimal 0
                      (           main.s):08940         * Element 2 of array, of type char[][]
                      (           main.s):08941         * Element 0 of array, of type char[]
                      (           main.s):08942         * Element 0 of array, of type char
0012 00               (           main.s):08943                 FCB     $00             decimal 0
                      (           main.s):08944         * Element 1 of array, of type char
0013 00               (           main.s):08945                 FCB     $00             decimal 0
                      (           main.s):08946         * Element 2 of array, of type char
0014 00               (           main.s):08947                 FCB     $00             decimal 0
                      (           main.s):08948         * Element 1 of array, of type char[]
                      (           main.s):08949         * Element 0 of array, of type char
0015 00               (           main.s):08950                 FCB     $00             decimal 0
                      (           main.s):08951         * Element 1 of array, of type char
0016 00               (           main.s):08952                 FCB     $00             decimal 0
                      (           main.s):08953         * Element 2 of array, of type char
0017 00               (           main.s):08954                 FCB     $00             decimal 0
                      (           main.s):08955         * Element 2 of array, of type char[]
                      (           main.s):08956         * Element 0 of array, of type char
0018 00               (           main.s):08957                 FCB     $00             decimal 0
                      (           main.s):08958         * Element 1 of array, of type char
0019 00               (           main.s):08959                 FCB     $00             decimal 0
                      (           main.s):08960         * Element 2 of array, of type char
001A 00               (           main.s):08961                 FCB     $00             decimal 0
     001B             (           main.s):08962         _decimalx       EQU     *               decimalx: long: main.c:49
001B 0000             (           main.s):08963                 FDB     $00             decimal 0
001D 0000             (           main.s):08964                 FDB     $00
     001F             (           main.s):08965         _decimalz       EQU     *               decimalz: long: main.c:50
001F 0000             (           main.s):08966                 FDB     $00             decimal 0
0021 0000             (           main.s):08967                 FDB     $00
                      (           main.s):08968         * Statically-initialized local static variables
                      (           main.s):08969         
                      (           main.s):08970         
                      (           main.s):08971                 ENDSECTION
                      (           main.s):08972         
                      (           main.s):08973         
                      (           main.s):08974         
                      (           main.s):08975         
                      (           main.s):08976                 SECTION bss
                      (           main.s):08977         
                      (           main.s):08978         
     0000             (           main.s):08979         bss_start       EQU     *
                      (           main.s):08980         * Uninitialized global variables
     0000             (           main.s):08981         _playerposition EQU     *
0000                  (           main.s):08982                 RMB     6               playerposition: struct AnonStruct_main.c:26: main.c:47
     0006             (           main.s):08983         _playerrotation EQU     *
0006                  (           main.s):08984                 RMB     4               playerrotation: struct AnonStruct_main.c:16: main.c:48
     000A             (           main.s):08985         _sinv   EQU     *
000A                  (           main.s):08986                 RMB     2               sinv: int: main.c:53
     000C             (           main.s):08987         _cosv   EQU     *
000C                  (           main.s):08988                 RMB     2               cosv: int: main.c:53
     000E             (           main.s):08989         _sinu   EQU     *
000E                  (           main.s):08990                 RMB     2               sinu: int: main.c:53
     0010             (           main.s):08991         _cosu   EQU     *
0010                  (           main.s):08992                 RMB     2               cosu: int: main.c:53
                      (           main.s):08993         * Uninitialized local static variables
     0012             (           main.s):08994         bss_end EQU     *
                      (           main.s):08995         
                      (           main.s):08996         
                      (           main.s):08997                 ENDSECTION
                      (           main.s):08998         
                      (           main.s):08999         
                      (           main.s):09000         
                      (           main.s):09001         
                      (           main.s):09002         *******************************************************************************
                      (           main.s):09003         
                      (           main.s):09004         * Importing 33 utility routine(s).
                      (           main.s):09005         MUL16   IMPORT
                      (           main.s):09006         SDIV16  IMPORT
                      (           main.s):09007         _intensity      IMPORT
                      (           main.s):09008         _line   IMPORT
                      (           main.s):09009         _move   IMPORT
                      (           main.s):09010         _mul8   IMPORT
                      (           main.s):09011         _print_str_c    IMPORT
                      (           main.s):09012         _read_buttons   IMPORT
                      (           main.s):09013         _read_joystick  IMPORT
                      (           main.s):09014         _reset_beam     IMPORT
                      (           main.s):09015         _set_text_size  IMPORT
                      (           main.s):09016         _terminal_print IMPORT
                      (           main.s):09017         _terminal_render        IMPORT
                      (           main.s):09018         _wait_retrace   IMPORT
                      (           main.s):09019         addDWordDWord   IMPORT
                      (           main.s):09020         addDWordInt     IMPORT
                      (           main.s):09021         cmpDWordSignedInt       IMPORT
                      (           main.s):09022         copyDWord       IMPORT
                      (           main.s):09023         copyDWordFromXToD       IMPORT
                      (           main.s):09024         copyMem IMPORT
                      (           main.s):09025         initByteFromDWord       IMPORT
                      (           main.s):09026         initDWordFromSignedWord IMPORT
                      (           main.s):09027         initDWordFromUnsignedWord       IMPORT
                      (           main.s):09028         initWordFromDWord       IMPORT
                      (           main.s):09029         leftShiftDWord  IMPORT
                      (           main.s):09030         mulDWordDWord   IMPORT
                      (           main.s):09031         mulDWordInt     IMPORT
                      (           main.s):09032         negateDWord     IMPORT
                      (           main.s):09033         push4ByteStruct IMPORT
                      (           main.s):09034         pushSmallStruct IMPORT
                      (           main.s):09035         rightShiftDWord IMPORT
                      (           main.s):09036         subDWordDWord   IMPORT
                      (           main.s):09037         subDWordInt     IMPORT
                      (           main.s):09038         
                      (           main.s):09039         
                      (           main.s):09040         *******************************************************************************
                      (           main.s):09041         
                      (           main.s):09042                 END
