                      (           main.s):00001         * 6809 assembly program generated by cmoc 0.1.98
                      (           main.s):00002         
                      (           main.s):00003         
                      (           main.s):00004                 SECTION start
                      (           main.s):00005         
                      (           main.s):00006         
                      (           main.s):00007         * Vectrex header, positioned at address 0.
0000 6720474345203230 (           main.s):00008                 FCC     'g GCE 2015'
     3135
000A 80               (           main.s):00009                 FCB     $80
000B FD0D             (           main.s):00010                 FDB     $FD0D
000D F8               (           main.s):00011                 FCB     $FFFFFFF8
000E 50               (           main.s):00012                 FCB     $50
000F 20               (           main.s):00013                 FCB     $20
0010 AA               (           main.s):00014                 FCB     $FFFFFFAA
0011 434D4F43         (           main.s):00015                 FCC     'CMOC'
0015 80               (           main.s):00016                 FCB     $80
0016 00               (           main.s):00017                 FCB     0
                      (           main.s):00018         program_start   EXPORT
                      (           main.s):00019         _main   IMPORT
                      (           main.s):00020         INILIB  IMPORT
                      (           main.s):00021         _exit   IMPORT
     0017             (           main.s):00022         program_start   EQU     *
0017 CCFF00           (           main.s):00023                 LDD     #-256           stack space in bytes
001A 170000           (           main.s):00024                 LBSR    INILIB          initialize standard library and global variables
001D 170000           (           main.s):00025                 LBSR    _main           call main()
     0020             (           main.s):00026         main_return_address     EQU     *
0020 170000           (           main.s):00027                 LBSR    _exit           use LBSR to respect calling convention
                      (           main.s):00028         
                      (           main.s):00029         
                      (           main.s):00030                 ENDSECTION
                      (           main.s):00031         
                      (           main.s):00032         
                      (           main.s):00033         
                      (           main.s):00034         
                      (           main.s):00035                 SECTION code
                      (           main.s):00036         
                      (           main.s):00037         
                      (           main.s):00038         _sin_table      EXPORT
                      (           main.s):00039         _recip_table    EXPORT
                      (           main.s):00040         _world  EXPORT
                      (           main.s):00041         _dxSinCache     EXPORT
                      (           main.s):00042         _dzCosCache     EXPORT
                      (           main.s):00043         _dxCosCache     EXPORT
                      (           main.s):00044         _dzSinCache     EXPORT
                      (           main.s):00045         _dyCosCache     EXPORT
                      (           main.s):00046         _dySinCache     EXPORT
                      (           main.s):00047         _playerposition EXPORT
                      (           main.s):00048         _playerrotation EXPORT
                      (           main.s):00049         _decimalx       EXPORT
                      (           main.s):00050         _decimalz       EXPORT
                      (           main.s):00051         _sinv   EXPORT
                      (           main.s):00052         _cosv   EXPORT
                      (           main.s):00053         _sinu   EXPORT
                      (           main.s):00054         _cosu   EXPORT
                      (           main.s):00055         _cold_start     IMPORT
                      (           main.s):00056         _dot    IMPORT
                      (           main.s):00057         _dots   IMPORT
                      (           main.s):00058         _init_os        IMPORT
                      (           main.s):00059         _init_os_ram    IMPORT
                      (           main.s):00060         _init_via       IMPORT
                      (           main.s):00061         _intensity      IMPORT
                      (           main.s):00062         _line   IMPORT
                      (           main.s):00063         _lines  IMPORT
                      (           main.s):00064         _move   IMPORT
                      (           main.s):00065         _mul8   IMPORT
                      (           main.s):00066         _music_check    IMPORT
                      (           main.s):00067         _music_get_flag IMPORT
                      (           main.s):00068         _music_play     IMPORT
                      (           main.s):00069         _music_set_flag IMPORT
                      (           main.s):00070         _pattern_lines  IMPORT
                      (           main.s):00071         _print_str      IMPORT
                      (           main.s):00072         _print_str_c    IMPORT
                      (           main.s):00073         _random IMPORT
                      (           main.s):00074         _random_seed    IMPORT
                      (           main.s):00075         _read_buttons   IMPORT
                      (           main.s):00076         _read_joystick  IMPORT
                      (           main.s):00077         _reset_beam     IMPORT
                      (           main.s):00078         _rotate IMPORT
                      (           main.s):00079         _set_refresh    IMPORT
                      (           main.s):00080         _set_scale      IMPORT
                      (           main.s):00081         _set_text_size  IMPORT
                      (           main.s):00082         _terminal_clear IMPORT
                      (           main.s):00083         _terminal_init  IMPORT
                      (           main.s):00084         _terminal_print IMPORT
                      (           main.s):00085         _terminal_render        IMPORT
                      (           main.s):00086         _wait_retrace   IMPORT
                      (           main.s):00087         _warm_start     IMPORT
                      (           main.s):00088         _mul16x8        EXPORT
                      (           main.s):00089         
                      (           main.s):00090         
                      (           main.s):00091         *******************************************************************************
                      (           main.s):00092         
                      (           main.s):00093         * FUNCTION mul16x8(): defined at main.c:72
     0000             (           main.s):00094         _mul16x8        EQU     *
                      (           main.s):00095         * Prototype: long mul16x8(unsigned int, unsigned char)
                      (           main.s):00096         * Calling convention: 0 (CMOC Default)
0000 3440             (           main.s):00097                 PSHS    U
0002 33E4             (           main.s):00098                 LEAU    ,S
0004 32E8EA           (           main.s):00099                 LEAS    -22,S
                      (           main.s):00100         * Formal parameter(s):
                      (           main.s):00101         *      6,U:    2 bytes: a: unsigned int: line 72
                      (           main.s):00102         *      9,U:    1 byte : b: unsigned char: line 72
                      (           main.s):00103         * Local non-static variable(s):
                      (           main.s):00104         *    -22,U:    1 byte : low: unsigned char: line 74
                      (           main.s):00105         *    -21,U:    1 byte : high: unsigned char: line 75
                      (           main.s):00106         *    -20,U:    2 bytes: low_result: unsigned int: line 77
                      (           main.s):00107         *    -18,U:    2 bytes: high_result: unsigned int: line 78
                      (           main.s):00108         *    -16,U:    4 bytes: result: long: line 80
                      (           main.s):00109         *    -12,U:    4 bytes: $V00058: long: line 82
                      (           main.s):00110         *     -8,U:    4 bytes: $V00059: long: line 83
                      (           main.s):00111         *     -4,U:    4 bytes: $V00060: long: line 83
                      (           main.s):00112         * Line main.c:74: init of variable low
0007 EC46             (           main.s):00113                 LDD     6,U             variable `a', declared at main.c:72
                      (           main.s):00114         * Cast from `unsigned int' to byte: result already in B
0009 E7C8EA           (           main.s):00115                 STB     -22,U           variable low
                      (           main.s):00116         * Line main.c:75: init of variable high
000C EC46             (           main.s):00117                 LDD     6,U             variable `a', declared at main.c:72
000E 1F89             (           main.s):00118                 TFR     A,B             shift D 8 bits right
0010 4F               (           main.s):00119                 CLRA                    unsigned
                      (           main.s):00120         * Cast from `unsigned int' to byte: result already in B
0011 E7C8EB           (           main.s):00121                 STB     -21,U           variable high
                      (           main.s):00122         * Line main.c:77: init of variable low_result
                      (           main.s):00123         * Line main.c:77: function call: mul8()
0014 E649             (           main.s):00124                 LDB     9,U             variable `b', declared at main.c:72
                      (           main.s):00125         * optim: stripExtraClrA_B
0016 3406             (           main.s):00126                 PSHS    B,A             C function argument 2 of mul8(): unsigned char
0018 E6C8EA           (           main.s):00127                 LDB     -22,U           variable `low', declared at main.c:74
                      (           main.s):00128         * optim: stripExtraClrA_B
001B 3406             (           main.s):00129                 PSHS    B,A             C function argument 1 of mul8(): unsigned char
001D BD0000           (           main.s):00130                 JSR     _mul8
0020 3264             (           main.s):00131                 LEAS    4,S
0022 EDC8EC           (           main.s):00132                 STD     -20,U           variable low_result
                      (           main.s):00133         * Line main.c:78: init of variable high_result
                      (           main.s):00134         * Line main.c:78: function call: mul8()
0025 E649             (           main.s):00135                 LDB     9,U             variable `b', declared at main.c:72
0027 4F               (           main.s):00136                 CLRA                    promoting byte argument to word
0028 3406             (           main.s):00137                 PSHS    B,A             C function argument 2 of mul8(): unsigned char
002A E6C8EB           (           main.s):00138                 LDB     -21,U           variable `high', declared at main.c:75
                      (           main.s):00139         * optim: stripExtraClrA_B
002D 3406             (           main.s):00140                 PSHS    B,A             C function argument 1 of mul8(): unsigned char
002F BD0000           (           main.s):00141                 JSR     _mul8
0032 3264             (           main.s):00142                 LEAS    4,S
0034 EDC8EE           (           main.s):00143                 STD     -18,U           variable high_result
                      (           main.s):00144         * Line main.c:82: assignment: =
0037 ECC8EC           (           main.s):00145                 LDD     -20,U           variable `low_result', declared at main.c:77
003A 3054             (           main.s):00146                 LEAX    -12,U           destination of cast
003C 170000           (           main.s):00147                 LBSR    initDWordFromUnsignedWord
003F 1F10             (           main.s):00148                 TFR     X,D             make D point to source struct
0041 3050             (           main.s):00149                 LEAX    -16,U           variable `result', declared at main.c:80
0043 170000           (           main.s):00150                 LBSR    copyDWord       copy 4-byte struct (preserves X)
                      (           main.s):00151         * Line main.c:83: assignment: +=
                      (           main.s):00152         * Push right operand of add.
0046 4F               (           main.s):00153                 CLRA
0047 C608             (           main.s):00154                 LDB     #$08            decimal 8 signed
0049 3404             (           main.s):00155                 PSHS    B               number of bits to shift
004B ECC8EE           (           main.s):00156                 LDD     -18,U           variable `high_result', declared at main.c:78
004E 305C             (           main.s):00157                 LEAX    -4,U            destination of cast
0050 170000           (           main.s):00158                 LBSR    initDWordFromUnsignedWord
0053 3410             (           main.s):00159                 PSHS    X               address of input dword to be shifted
0055 3058             (           main.s):00160                 LEAX    -8,U            temporary destination, type long
0057 170000           (           main.s):00161                 LBSR    leftShiftDWord  preserves X
005A 3263             (           main.s):00162                 LEAS    3,S
005C 3410             (           main.s):00163                 PSHS    X
                      (           main.s):00164         * Push left operand of add.
005E 3050             (           main.s):00165                 LEAX    -16,U           variable `result', declared at main.c:80
0060 3410             (           main.s):00166                 PSHS    X
0062 170000           (           main.s):00167                 LBSR    addDWordDWord   preserves X
0065 3264             (           main.s):00168                 LEAS    4,S
0067 3050             (           main.s):00169                 LEAX    -16,U           variable `result', declared at main.c:80
0069 EC44             (           main.s):00170                 LDD     4,U             address of return value
006B 170000           (           main.s):00171                 LBSR    copyDWordFromXToD
                      (           main.s):00172         * optim: branchToNextLocation
                      (           main.s):00173         * Useless label L00034 removed
006E 32C4             (           main.s):00174                 LEAS    ,U
0070 35C0             (           main.s):00175                 PULS    U,PC
                      (           main.s):00176         * END FUNCTION mul16x8(): defined at main.c:72
     0072             (           main.s):00177         funcend_mul16x8 EQU *
     0072             (           main.s):00178         funcsize_mul16x8        EQU     funcend_mul16x8-_mul16x8
                      (           main.s):00179         _mul16x16       EXPORT
                      (           main.s):00180         
                      (           main.s):00181         
                      (           main.s):00182         *******************************************************************************
                      (           main.s):00183         
                      (           main.s):00184         * FUNCTION mul16x16(): defined at main.c:88
     0072             (           main.s):00185         _mul16x16       EQU     *
                      (           main.s):00186         * Prototype: long mul16x16(unsigned int, unsigned int)
                      (           main.s):00187         * Calling convention: 0 (CMOC Default)
0072 3440             (           main.s):00188                 PSHS    U
0074 33E4             (           main.s):00189                 LEAU    ,S
0076 32E8DA           (           main.s):00190                 LEAS    -38,S
                      (           main.s):00191         * Formal parameter(s):
                      (           main.s):00192         *      6,U:    2 bytes: a: unsigned int: line 88
                      (           main.s):00193         *      8,U:    2 bytes: b: unsigned int: line 88
                      (           main.s):00194         * Local non-static variable(s):
                      (           main.s):00195         *    -38,U:    1 byte : low: unsigned char: line 89
                      (           main.s):00196         *    -37,U:    1 byte : high: unsigned char: line 90
                      (           main.s):00197         *    -36,U:    4 bytes: low_result: unsigned long: line 92
                      (           main.s):00198         *    -32,U:    4 bytes: high_result: unsigned long: line 93
                      (           main.s):00199         *    -28,U:    4 bytes: result: long: line 95
                      (           main.s):00200         *    -24,U:    4 bytes: $V00061: long: line 92
                      (           main.s):00201         *    -20,U:    4 bytes: $V00062: long: line 93
                      (           main.s):00202         *    -16,U:    4 bytes: $V00063: long: line 95
                      (           main.s):00203         *    -12,U:    4 bytes: $V00064: long: line 95
                      (           main.s):00204         *     -8,U:    4 bytes: $V00065: long: line 95
                      (           main.s):00205         *     -4,U:    4 bytes: $V00066: long: line 95
                      (           main.s):00206         * Line main.c:89: init of variable low
0079 EC46             (           main.s):00207                 LDD     6,U             variable `a', declared at main.c:88
                      (           main.s):00208         * Cast from `unsigned int' to byte: result already in B
007B E7C8DA           (           main.s):00209                 STB     -38,U           variable low
                      (           main.s):00210         * Line main.c:90: init of variable high
007E EC46             (           main.s):00211                 LDD     6,U             variable `a', declared at main.c:88
0080 1F89             (           main.s):00212                 TFR     A,B             shift D 8 bits right
0082 4F               (           main.s):00213                 CLRA                    unsigned
                      (           main.s):00214         * Cast from `unsigned int' to byte: result already in B
0083 E7C8DB           (           main.s):00215                 STB     -37,U           variable high
                      (           main.s):00216         * Line main.c:92: init of variable low_result
                      (           main.s):00217         * Line main.c:92: function call: mul16x8()
0086 E6C8DA           (           main.s):00218                 LDB     -38,U           variable `low', declared at main.c:89
                      (           main.s):00219         * optim: stripExtraClrA_B
0089 3406             (           main.s):00220                 PSHS    B,A             C function argument 2 of mul16x8(): unsigned char
008B EC48             (           main.s):00221                 LDD     8,U             variable `b', declared at main.c:88
008D 3406             (           main.s):00222                 PSHS    B,A             C function argument 1 of mul16x8(): unsigned int
008F 30C8E8           (           main.s):00223                 LEAX    -24,U           address of struct/union to be returned by mul16x8()
0092 3410             (           main.s):00224                 PSHS    X               hidden argument
0094 BD0000           (           main.s):00225                 JSR     _mul16x8
0097 3266             (           main.s):00226                 LEAS    6,S
0099 30C8E8           (           main.s):00227                 LEAX    -24,U           address of struct/union returned by mul16x8()
009C 1F10             (           main.s):00228                 TFR     X,D             address of source number
009E 30C8DC           (           main.s):00229                 LEAX    -36,U           variable low_result
00A1 170000           (           main.s):00230                 LBSR    copyDWord
                      (           main.s):00231         * Line main.c:93: init of variable high_result
                      (           main.s):00232         * Line main.c:93: function call: mul16x8()
00A4 E6C8DB           (           main.s):00233                 LDB     -37,U           variable `high', declared at main.c:90
00A7 4F               (           main.s):00234                 CLRA                    promoting byte argument to word
00A8 3406             (           main.s):00235                 PSHS    B,A             C function argument 2 of mul16x8(): unsigned char
00AA EC48             (           main.s):00236                 LDD     8,U             variable `b', declared at main.c:88
00AC 3406             (           main.s):00237                 PSHS    B,A             C function argument 1 of mul16x8(): unsigned int
00AE 30C8EC           (           main.s):00238                 LEAX    -20,U           address of struct/union to be returned by mul16x8()
00B1 3410             (           main.s):00239                 PSHS    X               hidden argument
00B3 BD0000           (           main.s):00240                 JSR     _mul16x8
00B6 3266             (           main.s):00241                 LEAS    6,S
00B8 30C8EC           (           main.s):00242                 LEAX    -20,U           address of struct/union returned by mul16x8()
00BB 1F10             (           main.s):00243                 TFR     X,D             address of source number
00BD 30C8E0           (           main.s):00244                 LEAX    -32,U           variable high_result
00C0 170000           (           main.s):00245                 LBSR    copyDWord
                      (           main.s):00246         * Line main.c:95: init of variable result
                      (           main.s):00247         * Push right operand of add.
00C3 4F               (           main.s):00248                 CLRA
00C4 C608             (           main.s):00249                 LDB     #$08            decimal 8 signed
00C6 3404             (           main.s):00250                 PSHS    B               number of bits to shift
00C8 30C8E0           (           main.s):00251                 LEAX    -32,U           variable `high_result', declared at main.c:93
00CB 3410             (           main.s):00252                 PSHS    X               address of input dword to be shifted
00CD 3058             (           main.s):00253                 LEAX    -8,U            temporary destination, type long
00CF 170000           (           main.s):00254                 LBSR    leftShiftDWord  preserves X
00D2 3263             (           main.s):00255                 LEAS    3,S
00D4 3410             (           main.s):00256                 PSHS    X
                      (           main.s):00257         * Push left operand of add.
00D6 30C8DC           (           main.s):00258                 LEAX    -36,U           variable `low_result', declared at main.c:92
00D9 3410             (           main.s):00259                 PSHS    X
00DB 3050             (           main.s):00260                 LEAX    -16,U           temporary destination, type long
00DD 170000           (           main.s):00261                 LBSR    addDWordDWord   preserves X
00E0 3264             (           main.s):00262                 LEAS    4,S
00E2 1F10             (           main.s):00263                 TFR     X,D             address of source number
00E4 30C8E4           (           main.s):00264                 LEAX    -28,U           variable result
00E7 170000           (           main.s):00265                 LBSR    copyDWord
00EA 30C8E4           (           main.s):00266                 LEAX    -28,U           variable `result', declared at main.c:95
00ED EC44             (           main.s):00267                 LDD     4,U             address of return value
00EF 170000           (           main.s):00268                 LBSR    copyDWordFromXToD
                      (           main.s):00269         * optim: branchToNextLocation
                      (           main.s):00270         * Useless label L00035 removed
00F2 32C4             (           main.s):00271                 LEAS    ,U
00F4 35C0             (           main.s):00272                 PULS    U,PC
                      (           main.s):00273         * END FUNCTION mul16x16(): defined at main.c:88
     00F6             (           main.s):00274         funcend_mul16x16        EQU *
     0084             (           main.s):00275         funcsize_mul16x16       EQU     funcend_mul16x16-_mul16x16
                      (           main.s):00276         _mul8_u EXPORT
                      (           main.s):00277         
                      (           main.s):00278         
                      (           main.s):00279         *******************************************************************************
                      (           main.s):00280         
                      (           main.s):00281         * FUNCTION mul8_u(): defined at main.c:100
     00F6             (           main.s):00282         _mul8_u EQU     *
                      (           main.s):00283         * Prototype: long mul8_u(long, long)
                      (           main.s):00284         * Calling convention: 0 (CMOC Default)
00F6 3440             (           main.s):00285                 PSHS    U
00F8 33E4             (           main.s):00286                 LEAU    ,S
00FA 327C             (           main.s):00287                 LEAS    -4,S
                      (           main.s):00288         * Formal parameter(s):
                      (           main.s):00289         *      6,U:    4 bytes: a: long: line 100
                      (           main.s):00290         *     10,U:    4 bytes: b: long: line 100
                      (           main.s):00291         * Local non-static variable(s):
                      (           main.s):00292         *     -4,U:    4 bytes: $V00067: long: line 101
                      (           main.s):00293         * Line main.c:101: function call: mul8()
00FC 304A             (           main.s):00294                 LEAX    10,U            variable `b', declared at main.c:100
00FE 1F10             (           main.s):00295                 TFR     X,D             cast to `unsigned char': address of source number in D
0100 327F             (           main.s):00296                 LEAS    -1,S            result of cast
0102 30E4             (           main.s):00297                 LEAX    ,S
0104 170000           (           main.s):00298                 LBSR    initByteFromDWord
0107 3504             (           main.s):00299                 PULS    B               result of cast
0109 4F               (           main.s):00300                 CLRA                    promoting byte argument to word
010A 3406             (           main.s):00301                 PSHS    B,A             C function argument 2 of mul8(): unsigned char
010C 3046             (           main.s):00302                 LEAX    6,U             variable `a', declared at main.c:100
010E 1F10             (           main.s):00303                 TFR     X,D             cast to `unsigned char': address of source number in D
0110 327F             (           main.s):00304                 LEAS    -1,S            result of cast
0112 30E4             (           main.s):00305                 LEAX    ,S
0114 170000           (           main.s):00306                 LBSR    initByteFromDWord
0117 3504             (           main.s):00307                 PULS    B               result of cast
0119 4F               (           main.s):00308                 CLRA                    promoting byte argument to word
011A 3406             (           main.s):00309                 PSHS    B,A             C function argument 1 of mul8(): unsigned char
011C BD0000           (           main.s):00310                 JSR     _mul8
011F 3264             (           main.s):00311                 LEAS    4,S
0121 305C             (           main.s):00312                 LEAX    -4,U            destination of cast
0123 170000           (           main.s):00313                 LBSR    initDWordFromSignedWord
0126 EC44             (           main.s):00314                 LDD     4,U             address of return value
0128 170000           (           main.s):00315                 LBSR    copyDWordFromXToD
                      (           main.s):00316         * optim: branchToNextLocation
                      (           main.s):00317         * Useless label L00036 removed
012B 32C4             (           main.s):00318                 LEAS    ,U
012D 35C0             (           main.s):00319                 PULS    U,PC
                      (           main.s):00320         * END FUNCTION mul8_u(): defined at main.c:100
     012F             (           main.s):00321         funcend_mul8_u  EQU *
     0039             (           main.s):00322         funcsize_mul8_u EQU     funcend_mul8_u-_mul8_u
                      (           main.s):00323         _mul16x8_u      EXPORT
                      (           main.s):00324         
                      (           main.s):00325         
                      (           main.s):00326         *******************************************************************************
                      (           main.s):00327         
                      (           main.s):00328         * FUNCTION mul16x8_u(): defined at main.c:104
     012F             (           main.s):00329         _mul16x8_u      EQU     *
                      (           main.s):00330         * Prototype: long mul16x8_u(long, long)
                      (           main.s):00331         * Calling convention: 0 (CMOC Default)
012F 3440             (           main.s):00332                 PSHS    U
0131 33E4             (           main.s):00333                 LEAU    ,S
0133 3278             (           main.s):00334                 LEAS    -8,S
                      (           main.s):00335         * Formal parameter(s):
                      (           main.s):00336         *      6,U:    4 bytes: a: long: line 104
                      (           main.s):00337         *     10,U:    4 bytes: b: long: line 104
                      (           main.s):00338         * Local non-static variable(s):
                      (           main.s):00339         *     -8,U:    4 bytes: $V00068: long: line 105
                      (           main.s):00340         *     -4,U:    4 bytes: $V00069: long: line 105
                      (           main.s):00341         * Line main.c:105: function call: mul16x8()
0135 304A             (           main.s):00342                 LEAX    10,U            variable `b', declared at main.c:104
0137 1F10             (           main.s):00343                 TFR     X,D             cast to `unsigned char': address of source number in D
0139 327F             (           main.s):00344                 LEAS    -1,S            result of cast
013B 30E4             (           main.s):00345                 LEAX    ,S
013D 170000           (           main.s):00346                 LBSR    initByteFromDWord
0140 3504             (           main.s):00347                 PULS    B               result of cast
0142 4F               (           main.s):00348                 CLRA                    promoting byte argument to word
0143 3406             (           main.s):00349                 PSHS    B,A             C function argument 2 of mul16x8(): unsigned char
0145 3046             (           main.s):00350                 LEAX    6,U             variable `a', declared at main.c:104
0147 1F10             (           main.s):00351                 TFR     X,D             cast to `unsigned int': address of source number in D
0149 327E             (           main.s):00352                 LEAS    -2,S            result of cast
014B 30E4             (           main.s):00353                 LEAX    ,S
014D 170000           (           main.s):00354                 LBSR    initWordFromDWord
0150 3506             (           main.s):00355                 PULS    A,B             result of cast
0152 3406             (           main.s):00356                 PSHS    B,A             C function argument 1 of mul16x8(): unsigned int
0154 305C             (           main.s):00357                 LEAX    -4,U            address of struct/union to be returned by mul16x8()
0156 3410             (           main.s):00358                 PSHS    X               hidden argument
0158 BD0000           (           main.s):00359                 JSR     _mul16x8
015B 3266             (           main.s):00360                 LEAS    6,S
015D 305C             (           main.s):00361                 LEAX    -4,U            address of struct/union returned by mul16x8()
015F EC44             (           main.s):00362                 LDD     4,U             address of return value
0161 170000           (           main.s):00363                 LBSR    copyDWordFromXToD
                      (           main.s):00364         * optim: branchToNextLocation
                      (           main.s):00365         * Useless label L00037 removed
0164 32C4             (           main.s):00366                 LEAS    ,U
0166 35C0             (           main.s):00367                 PULS    U,PC
                      (           main.s):00368         * END FUNCTION mul16x8_u(): defined at main.c:104
     0168             (           main.s):00369         funcend_mul16x8_u       EQU *
     0039             (           main.s):00370         funcsize_mul16x8_u      EQU     funcend_mul16x8_u-_mul16x8_u
                      (           main.s):00371         _mul16x16_u     EXPORT
                      (           main.s):00372         
                      (           main.s):00373         
                      (           main.s):00374         *******************************************************************************
                      (           main.s):00375         
                      (           main.s):00376         * FUNCTION mul16x16_u(): defined at main.c:108
     0168             (           main.s):00377         _mul16x16_u     EQU     *
                      (           main.s):00378         * Prototype: long mul16x16_u(long, long)
                      (           main.s):00379         * Calling convention: 0 (CMOC Default)
0168 3440             (           main.s):00380                 PSHS    U
016A 33E4             (           main.s):00381                 LEAU    ,S
016C 3278             (           main.s):00382                 LEAS    -8,S
                      (           main.s):00383         * Formal parameter(s):
                      (           main.s):00384         *      6,U:    4 bytes: a: long: line 108
                      (           main.s):00385         *     10,U:    4 bytes: b: long: line 108
                      (           main.s):00386         * Local non-static variable(s):
                      (           main.s):00387         *     -8,U:    4 bytes: $V00070: long: line 109
                      (           main.s):00388         *     -4,U:    4 bytes: $V00071: long: line 109
                      (           main.s):00389         * Line main.c:109: function call: mul16x16()
016E 304A             (           main.s):00390                 LEAX    10,U            variable `b', declared at main.c:108
0170 1F10             (           main.s):00391                 TFR     X,D             cast to `unsigned int': address of source number in D
0172 327E             (           main.s):00392                 LEAS    -2,S            result of cast
0174 30E4             (           main.s):00393                 LEAX    ,S
0176 170000           (           main.s):00394                 LBSR    initWordFromDWord
0179 3506             (           main.s):00395                 PULS    A,B             result of cast
017B 3406             (           main.s):00396                 PSHS    B,A             C function argument 2 of mul16x16(): unsigned int
017D 3046             (           main.s):00397                 LEAX    6,U             variable `a', declared at main.c:108
017F 1F10             (           main.s):00398                 TFR     X,D             cast to `unsigned int': address of source number in D
0181 327E             (           main.s):00399                 LEAS    -2,S            result of cast
0183 30E4             (           main.s):00400                 LEAX    ,S
0185 170000           (           main.s):00401                 LBSR    initWordFromDWord
0188 3506             (           main.s):00402                 PULS    A,B             result of cast
018A 3406             (           main.s):00403                 PSHS    B,A             C function argument 1 of mul16x16(): unsigned int
018C 305C             (           main.s):00404                 LEAX    -4,U            address of struct/union to be returned by mul16x16()
018E 3410             (           main.s):00405                 PSHS    X               hidden argument
0190 BD0000           (           main.s):00406                 JSR     _mul16x16
0193 3266             (           main.s):00407                 LEAS    6,S
0195 305C             (           main.s):00408                 LEAX    -4,U            address of struct/union returned by mul16x16()
0197 EC44             (           main.s):00409                 LDD     4,U             address of return value
0199 170000           (           main.s):00410                 LBSR    copyDWordFromXToD
                      (           main.s):00411         * optim: branchToNextLocation
                      (           main.s):00412         * Useless label L00038 removed
019C 32C4             (           main.s):00413                 LEAS    ,U
019E 35C0             (           main.s):00414                 PULS    U,PC
                      (           main.s):00415         * END FUNCTION mul16x16_u(): defined at main.c:108
     01A0             (           main.s):00416         funcend_mul16x16_u      EQU *
     0038             (           main.s):00417         funcsize_mul16x16_u     EQU     funcend_mul16x16_u-_mul16x16_u
                      (           main.s):00418         _mul_unsigned_neg       EXPORT
                      (           main.s):00419         
                      (           main.s):00420         
                      (           main.s):00421         *******************************************************************************
                      (           main.s):00422         
                      (           main.s):00423         * FUNCTION mul_unsigned_neg(): defined at main.c:112
     01A0             (           main.s):00424         _mul_unsigned_neg       EQU     *
                      (           main.s):00425         * Prototype: unsigned long mul_unsigned_neg(long, long, long (*)(long, long), char *)
                      (           main.s):00426         * Calling convention: 0 (CMOC Default)
01A0 3440             (           main.s):00427                 PSHS    U
01A2 33E4             (           main.s):00428                 LEAU    ,S
01A4 3274             (           main.s):00429                 LEAS    -12,S
                      (           main.s):00430         * Formal parameter(s):
                      (           main.s):00431         *      6,U:    4 bytes: a: long: line 112
                      (           main.s):00432         *     10,U:    4 bytes: b: long: line 112
                      (           main.s):00433         *     14,U:    2 bytes: func: long (*)(long, long): line 112
                      (           main.s):00434         *     16,U:    2 bytes: neg: char *: line 112
                      (           main.s):00435         * Local non-static variable(s):
                      (           main.s):00436         *    -12,U:    4 bytes: $V00072: long: line 114
                      (           main.s):00437         *    -12,U:    4 bytes: $V00073: long: line 119
                      (           main.s):00438         *     -8,U:    4 bytes: result: long: line 123
                      (           main.s):00439         *     -4,U:    4 bytes: $V00074: long: line 123
                      (           main.s):00440         * Line main.c:113: if
                      (           main.s):00441         * push right operand of comparison
01A6 4F               (           main.s):00442                 CLRA
01A7 5F               (           main.s):00443                 CLRB
01A8 3406             (           main.s):00444                 PSHS    B,A
                      (           main.s):00445         * push left operand of comparison
01AA 3046             (           main.s):00446                 LEAX    6,U             variable `a', declared at main.c:112
01AC 3410             (           main.s):00447                 PSHS    X
01AE 170000           (           main.s):00448                 LBSR    cmpDWordSignedInt       sets N, Z, V, C; preserves X
01B1 3264             (           main.s):00449                 LEAS    4,S
01B3 2C1D             (           main.s):00450                 BGE     L00114           (optim: condBranchOverUncondBranch)
                      (           main.s):00451         * optim: condBranchOverUncondBranch
                      (           main.s):00452         * Useless label L00113 removed
                      (           main.s):00453         * Line main.c:113
                      (           main.s):00454         * Line main.c:114: assignment: =
01B5 3046             (           main.s):00455                 LEAX    6,U             variable `a', declared at main.c:112
01B7 1F10             (           main.s):00456                 TFR     X,D             operand
01B9 3054             (           main.s):00457                 LEAX    -12,U           address of result of operator
01BB 170000           (           main.s):00458                 LBSR    copyDWord       preserves X
01BE 170000           (           main.s):00459                 LBSR    negateDWord     preserves X
01C1 1F10             (           main.s):00460                 TFR     X,D             make D point to source struct
01C3 3046             (           main.s):00461                 LEAX    6,U             variable `a', declared at main.c:112
01C5 170000           (           main.s):00462                 LBSR    copyDWord       copy 4-byte struct (preserves X)
                      (           main.s):00463         * Line main.c:115: assignment: ^=
01C8 4F               (           main.s):00464                 CLRA
                      (           main.s):00465         * LDB #$01 optim: optimizeStackOperations1
                      (           main.s):00466         * PSHS B optim: optimizeStackOperations1
01C9 AEC810           (           main.s):00467                 LDX     16,U            get address for indirection of variable neg
01CC E684             (           main.s):00468                 LDB     ,X
01CE C801             (           main.s):00469                 EORB    #1              optim: optimizeStackOperations1
01D0 E784             (           main.s):00470                 STB     ,X
     01D2             (           main.s):00471         L00114  EQU     *               else clause of if() started at main.c:113
                      (           main.s):00472         * Useless label L00115 removed
                      (           main.s):00473         * Line main.c:118: if
                      (           main.s):00474         * push right operand of comparison
01D2 4F               (           main.s):00475                 CLRA
01D3 5F               (           main.s):00476                 CLRB
01D4 3406             (           main.s):00477                 PSHS    B,A
                      (           main.s):00478         * push left operand of comparison
01D6 304A             (           main.s):00479                 LEAX    10,U            variable `b', declared at main.c:112
01D8 3410             (           main.s):00480                 PSHS    X
01DA 170000           (           main.s):00481                 LBSR    cmpDWordSignedInt       sets N, Z, V, C; preserves X
01DD 3264             (           main.s):00482                 LEAS    4,S
01DF 2C1D             (           main.s):00483                 BGE     L00117           (optim: condBranchOverUncondBranch)
                      (           main.s):00484         * optim: condBranchOverUncondBranch
                      (           main.s):00485         * Useless label L00116 removed
                      (           main.s):00486         * Line main.c:118
                      (           main.s):00487         * Line main.c:119: assignment: =
01E1 304A             (           main.s):00488                 LEAX    10,U            variable `b', declared at main.c:112
01E3 1F10             (           main.s):00489                 TFR     X,D             operand
01E5 3054             (           main.s):00490                 LEAX    -12,U           address of result of operator
01E7 170000           (           main.s):00491                 LBSR    copyDWord       preserves X
01EA 170000           (           main.s):00492                 LBSR    negateDWord     preserves X
01ED 1F10             (           main.s):00493                 TFR     X,D             make D point to source struct
01EF 304A             (           main.s):00494                 LEAX    10,U            variable `b', declared at main.c:112
01F1 170000           (           main.s):00495                 LBSR    copyDWord       copy 4-byte struct (preserves X)
                      (           main.s):00496         * Line main.c:120: assignment: ^=
01F4 4F               (           main.s):00497                 CLRA
                      (           main.s):00498         * LDB #$01 optim: optimizeStackOperations1
                      (           main.s):00499         * PSHS B optim: optimizeStackOperations1
01F5 AEC810           (           main.s):00500                 LDX     16,U            get address for indirection of variable neg
01F8 E684             (           main.s):00501                 LDB     ,X
01FA C801             (           main.s):00502                 EORB    #1              optim: optimizeStackOperations1
01FC E784             (           main.s):00503                 STB     ,X
     01FE             (           main.s):00504         L00117  EQU     *               else clause of if() started at main.c:118
                      (           main.s):00505         * Useless label L00118 removed
                      (           main.s):00506         * Line main.c:123: init of variable result
                      (           main.s):00507         * Line main.c:123: function call through pointer
01FE 304A             (           main.s):00508                 LEAX    10,U            variable `b', declared at main.c:112
0200 327C             (           main.s):00509                 LEAS    -4,S            pass long by value
0202 170000           (           main.s):00510                 LBSR    push4ByteStruct C function argument 2: long
0205 3046             (           main.s):00511                 LEAX    6,U             variable `a', declared at main.c:112
0207 327C             (           main.s):00512                 LEAS    -4,S            pass long by value
0209 170000           (           main.s):00513                 LBSR    push4ByteStruct C function argument 1: long
020C 305C             (           main.s):00514                 LEAX    -4,U            address of struct/union to be returned by ()
020E 3410             (           main.s):00515                 PSHS    X               hidden argument
0210 ADD80E           (           main.s):00516                 JSR     [14,U]          indirect call through variable `func'
0213 326A             (           main.s):00517                 LEAS    10,S
0215 305C             (           main.s):00518                 LEAX    -4,U            address of struct/union returned by ()
0217 1F10             (           main.s):00519                 TFR     X,D             address of source number
0219 3058             (           main.s):00520                 LEAX    -8,U            variable result
021B 170000           (           main.s):00521                 LBSR    copyDWord
021E 3058             (           main.s):00522                 LEAX    -8,U            variable `result', declared at main.c:123
0220 EC44             (           main.s):00523                 LDD     4,U             address of return value
0222 170000           (           main.s):00524                 LBSR    copyDWordFromXToD
                      (           main.s):00525         * optim: branchToNextLocation
                      (           main.s):00526         * Useless label L00039 removed
0225 32C4             (           main.s):00527                 LEAS    ,U
0227 35C0             (           main.s):00528                 PULS    U,PC
                      (           main.s):00529         * END FUNCTION mul_unsigned_neg(): defined at main.c:112
     0229             (           main.s):00530         funcend_mul_unsigned_neg        EQU *
     0089             (           main.s):00531         funcsize_mul_unsigned_neg       EQU     funcend_mul_unsigned_neg-_mul_unsigned_neg
                      (           main.s):00532         _mul_signed     EXPORT
                      (           main.s):00533         
                      (           main.s):00534         
                      (           main.s):00535         *******************************************************************************
                      (           main.s):00536         
                      (           main.s):00537         * FUNCTION mul_signed(): defined at main.c:128
     0229             (           main.s):00538         _mul_signed     EQU     *
                      (           main.s):00539         * Prototype: long mul_signed(long, long, long (*)(long, long))
                      (           main.s):00540         * Calling convention: 0 (CMOC Default)
0229 3440             (           main.s):00541                 PSHS    U
022B 33E4             (           main.s):00542                 LEAU    ,S
022D 3273             (           main.s):00543                 LEAS    -13,S
                      (           main.s):00544         * Formal parameter(s):
                      (           main.s):00545         *      6,U:    4 bytes: a: long: line 128
                      (           main.s):00546         *     10,U:    4 bytes: b: long: line 128
                      (           main.s):00547         *     14,U:    2 bytes: func: long (*)(long, long): line 128
                      (           main.s):00548         * Local non-static variable(s):
                      (           main.s):00549         *    -13,U:    4 bytes: $V00075: long: line 132
                      (           main.s):00550         *    -13,U:    4 bytes: $V00076: long: line 137
                      (           main.s):00551         *    -13,U:    4 bytes: $V00078: long: line 144
                      (           main.s):00552         *     -9,U:    1 byte : neg: char: line 129
                      (           main.s):00553         *     -8,U:    4 bytes: result: long: line 141
                      (           main.s):00554         *     -4,U:    4 bytes: $V00077: long: line 141
                      (           main.s):00555         * Line main.c:129: init of variable neg
022F 6F57             (           main.s):00556                 CLR     -9,U            init of variable neg
                      (           main.s):00557         * Line main.c:131: if
                      (           main.s):00558         * push right operand of comparison
0231 4F               (           main.s):00559                 CLRA
0232 5F               (           main.s):00560                 CLRB
0233 3406             (           main.s):00561                 PSHS    B,A
                      (           main.s):00562         * push left operand of comparison
0235 3046             (           main.s):00563                 LEAX    6,U             variable `a', declared at main.c:128
0237 3410             (           main.s):00564                 PSHS    X
0239 170000           (           main.s):00565                 LBSR    cmpDWordSignedInt       sets N, Z, V, C; preserves X
023C 3264             (           main.s):00566                 LEAS    4,S
023E 2C1A             (           main.s):00567                 BGE     L00120           (optim: condBranchOverUncondBranch)
                      (           main.s):00568         * optim: condBranchOverUncondBranch
                      (           main.s):00569         * Useless label L00119 removed
                      (           main.s):00570         * Line main.c:131
                      (           main.s):00571         * Line main.c:132: assignment: =
0240 3046             (           main.s):00572                 LEAX    6,U             variable `a', declared at main.c:128
0242 1F10             (           main.s):00573                 TFR     X,D             operand
0244 3053             (           main.s):00574                 LEAX    -13,U           address of result of operator
0246 170000           (           main.s):00575                 LBSR    copyDWord       preserves X
0249 170000           (           main.s):00576                 LBSR    negateDWord     preserves X
024C 1F10             (           main.s):00577                 TFR     X,D             make D point to source struct
024E 3046             (           main.s):00578                 LEAX    6,U             variable `a', declared at main.c:128
0250 170000           (           main.s):00579                 LBSR    copyDWord       copy 4-byte struct (preserves X)
                      (           main.s):00580         * Line main.c:133: assignment: ^=
0253 4F               (           main.s):00581                 CLRA
                      (           main.s):00582         * LDB #$01 optim: optimizeStackOperations1
                      (           main.s):00583         * PSHS B optim: optimizeStackOperations1
0254 E657             (           main.s):00584                 LDB     -9,U
0256 C801             (           main.s):00585                 EORB    #1              optim: optimizeStackOperations1
0258 E757             (           main.s):00586                 STB     -9,U
     025A             (           main.s):00587         L00120  EQU     *               else clause of if() started at main.c:131
                      (           main.s):00588         * Useless label L00121 removed
                      (           main.s):00589         * Line main.c:136: if
                      (           main.s):00590         * push right operand of comparison
025A 4F               (           main.s):00591                 CLRA
025B 5F               (           main.s):00592                 CLRB
025C 3406             (           main.s):00593                 PSHS    B,A
                      (           main.s):00594         * push left operand of comparison
025E 304A             (           main.s):00595                 LEAX    10,U            variable `b', declared at main.c:128
0260 3410             (           main.s):00596                 PSHS    X
0262 170000           (           main.s):00597                 LBSR    cmpDWordSignedInt       sets N, Z, V, C; preserves X
0265 3264             (           main.s):00598                 LEAS    4,S
0267 2C1A             (           main.s):00599                 BGE     L00123           (optim: condBranchOverUncondBranch)
                      (           main.s):00600         * optim: condBranchOverUncondBranch
                      (           main.s):00601         * Useless label L00122 removed
                      (           main.s):00602         * Line main.c:136
                      (           main.s):00603         * Line main.c:137: assignment: =
0269 304A             (           main.s):00604                 LEAX    10,U            variable `b', declared at main.c:128
026B 1F10             (           main.s):00605                 TFR     X,D             operand
026D 3053             (           main.s):00606                 LEAX    -13,U           address of result of operator
026F 170000           (           main.s):00607                 LBSR    copyDWord       preserves X
0272 170000           (           main.s):00608                 LBSR    negateDWord     preserves X
0275 1F10             (           main.s):00609                 TFR     X,D             make D point to source struct
0277 304A             (           main.s):00610                 LEAX    10,U            variable `b', declared at main.c:128
0279 170000           (           main.s):00611                 LBSR    copyDWord       copy 4-byte struct (preserves X)
                      (           main.s):00612         * Line main.c:138: assignment: ^=
027C 4F               (           main.s):00613                 CLRA
                      (           main.s):00614         * LDB #$01 optim: optimizeStackOperations1
                      (           main.s):00615         * PSHS B optim: optimizeStackOperations1
027D E657             (           main.s):00616                 LDB     -9,U
027F C801             (           main.s):00617                 EORB    #1              optim: optimizeStackOperations1
0281 E757             (           main.s):00618                 STB     -9,U
     0283             (           main.s):00619         L00123  EQU     *               else clause of if() started at main.c:136
                      (           main.s):00620         * Useless label L00124 removed
                      (           main.s):00621         * Line main.c:141: init of variable result
                      (           main.s):00622         * Line main.c:141: function call through pointer
0283 304A             (           main.s):00623                 LEAX    10,U            variable `b', declared at main.c:128
0285 327C             (           main.s):00624                 LEAS    -4,S            pass long by value
0287 170000           (           main.s):00625                 LBSR    push4ByteStruct C function argument 2: long
028A 3046             (           main.s):00626                 LEAX    6,U             variable `a', declared at main.c:128
028C 327C             (           main.s):00627                 LEAS    -4,S            pass long by value
028E 170000           (           main.s):00628                 LBSR    push4ByteStruct C function argument 1: long
0291 305C             (           main.s):00629                 LEAX    -4,U            address of struct/union to be returned by ()
0293 3410             (           main.s):00630                 PSHS    X               hidden argument
0295 ADD80E           (           main.s):00631                 JSR     [14,U]          indirect call through variable `func'
0298 326A             (           main.s):00632                 LEAS    10,S
029A 305C             (           main.s):00633                 LEAX    -4,U            address of struct/union returned by ()
029C 1F10             (           main.s):00634                 TFR     X,D             address of source number
029E 3058             (           main.s):00635                 LEAX    -8,U            variable result
02A0 170000           (           main.s):00636                 LBSR    copyDWord
                      (           main.s):00637         * Line main.c:143: if
02A3 E657             (           main.s):00638                 LDB     -9,U            variable `neg', declared at main.c:129
                      (           main.s):00639         * optim: loadCmpZeroBeqOrBne
02A5 2713             (           main.s):00640                 BEQ     L00126           (optim: condBranchOverUncondBranch)
                      (           main.s):00641         * optim: condBranchOverUncondBranch
                      (           main.s):00642         * Useless label L00125 removed
                      (           main.s):00643         * Line main.c:143
                      (           main.s):00644         * Line main.c:144: assignment: =
02A7 3058             (           main.s):00645                 LEAX    -8,U            variable `result', declared at main.c:141
02A9 1F10             (           main.s):00646                 TFR     X,D             operand
02AB 3053             (           main.s):00647                 LEAX    -13,U           address of result of operator
02AD 170000           (           main.s):00648                 LBSR    copyDWord       preserves X
02B0 170000           (           main.s):00649                 LBSR    negateDWord     preserves X
02B3 1F10             (           main.s):00650                 TFR     X,D             make D point to source struct
02B5 3058             (           main.s):00651                 LEAX    -8,U            variable `result', declared at main.c:141
02B7 170000           (           main.s):00652                 LBSR    copyDWord       copy 4-byte struct (preserves X)
     02BA             (           main.s):00653         L00126  EQU     *               else clause of if() started at main.c:143
                      (           main.s):00654         * Useless label L00127 removed
02BA 3058             (           main.s):00655                 LEAX    -8,U            variable `result', declared at main.c:141
02BC EC44             (           main.s):00656                 LDD     4,U             address of return value
02BE 170000           (           main.s):00657                 LBSR    copyDWordFromXToD
                      (           main.s):00658         * optim: branchToNextLocation
                      (           main.s):00659         * Useless label L00040 removed
02C1 32C4             (           main.s):00660                 LEAS    ,U
02C3 35C0             (           main.s):00661                 PULS    U,PC
                      (           main.s):00662         * END FUNCTION mul_signed(): defined at main.c:128
     02C5             (           main.s):00663         funcend_mul_signed      EQU *
     009C             (           main.s):00664         funcsize_mul_signed     EQU     funcend_mul_signed-_mul_signed
                      (           main.s):00665         _clear_mul_caches       EXPORT
                      (           main.s):00666         
                      (           main.s):00667         
                      (           main.s):00668         *******************************************************************************
                      (           main.s):00669         
                      (           main.s):00670         * FUNCTION clear_mul_caches(): defined at main.c:154
     02C5             (           main.s):00671         _clear_mul_caches       EQU     *
                      (           main.s):00672         * Prototype: void clear_mul_caches(void)
                      (           main.s):00673         * Calling convention: 0 (CMOC Default)
02C5 3440             (           main.s):00674                 PSHS    U
02C7 33E4             (           main.s):00675                 LEAU    ,S
02C9 327E             (           main.s):00676                 LEAS    -2,S
                      (           main.s):00677         * Local non-static variable(s):
                      (           main.s):00678         *     -2,U:    1 byte : i: char: line 156
                      (           main.s):00679         *     -1,U:    1 byte : j: char: line 156
                      (           main.s):00680         * Line main.c:158: for init
                      (           main.s):00681         * Line main.c:158: assignment: =
02CB 5F               (           main.s):00682                 CLRB
02CC E75E             (           main.s):00683                 STB     -2,U            assignment to variable i
02CE 160074           (           main.s):00684                 LBRA    L00129          jump to for condition
     02D1             (           main.s):00685         L00128  EQU     *
                      (           main.s):00686         * Line main.c:158: for body
                      (           main.s):00687         * Line main.c:159: assignment: =
02D1 CCFFFF           (           main.s):00688                 LDD     #$FFFF          decimal 65535 unsigned
02D4 3406             (           main.s):00689                 PSHS    B,A             right side of assignment
02D6 E65E             (           main.s):00690                 LDB     -2,U            variable i
02D8 1D               (           main.s):00691                 SEX                     index expression is of byte type
02D9 58               (           main.s):00692                 LSLB
02DA 49               (           main.s):00693                 ROLA
02DB 8E0000           (           main.s):00694                 LDX     #_dxSinCache+0  address of array dxSinCache (optim: removePCRIfRelocatabilityNotSupported)
02DE 308B             (           main.s):00695                 LEAX    D,X             add offset
02E0 3506             (           main.s):00696                 PULS    A,B             retrieve value to store
02E2 ED84             (           main.s):00697                 STD     ,X
                      (           main.s):00698         * Line main.c:160: assignment: =
02E4 CCFFFF           (           main.s):00699                 LDD     #$FFFF          decimal 65535 unsigned
02E7 3406             (           main.s):00700                 PSHS    B,A             right side of assignment
02E9 E65E             (           main.s):00701                 LDB     -2,U            variable i
02EB 1D               (           main.s):00702                 SEX                     index expression is of byte type
02EC 58               (           main.s):00703                 LSLB
02ED 49               (           main.s):00704                 ROLA
02EE 8E0000           (           main.s):00705                 LDX     #_dzCosCache+0  address of array dzCosCache (optim: removePCRIfRelocatabilityNotSupported)
02F1 308B             (           main.s):00706                 LEAX    D,X             add offset
02F3 3506             (           main.s):00707                 PULS    A,B             retrieve value to store
02F5 ED84             (           main.s):00708                 STD     ,X
                      (           main.s):00709         * Line main.c:161: assignment: =
02F7 CCFFFF           (           main.s):00710                 LDD     #$FFFF          decimal 65535 unsigned
02FA 3406             (           main.s):00711                 PSHS    B,A             right side of assignment
02FC E65E             (           main.s):00712                 LDB     -2,U            variable i
02FE 1D               (           main.s):00713                 SEX                     index expression is of byte type
02FF 58               (           main.s):00714                 LSLB
0300 49               (           main.s):00715                 ROLA
0301 8E0000           (           main.s):00716                 LDX     #_dxCosCache+0  address of array dxCosCache (optim: removePCRIfRelocatabilityNotSupported)
0304 308B             (           main.s):00717                 LEAX    D,X             add offset
0306 3506             (           main.s):00718                 PULS    A,B             retrieve value to store
0308 ED84             (           main.s):00719                 STD     ,X
                      (           main.s):00720         * Line main.c:162: assignment: =
030A CCFFFF           (           main.s):00721                 LDD     #$FFFF          decimal 65535 unsigned
030D 3406             (           main.s):00722                 PSHS    B,A             right side of assignment
030F E65E             (           main.s):00723                 LDB     -2,U            variable i
0311 1D               (           main.s):00724                 SEX                     index expression is of byte type
0312 58               (           main.s):00725                 LSLB
0313 49               (           main.s):00726                 ROLA
0314 8E0000           (           main.s):00727                 LDX     #_dzSinCache+0  address of array dzSinCache (optim: removePCRIfRelocatabilityNotSupported)
0317 308B             (           main.s):00728                 LEAX    D,X             add offset
0319 3506             (           main.s):00729                 PULS    A,B             retrieve value to store
031B ED84             (           main.s):00730                 STD     ,X
                      (           main.s):00731         * Line main.c:163: assignment: =
031D CCFFFF           (           main.s):00732                 LDD     #$FFFF          decimal 65535 unsigned
0320 3406             (           main.s):00733                 PSHS    B,A             right side of assignment
0322 E65E             (           main.s):00734                 LDB     -2,U            variable i
0324 1D               (           main.s):00735                 SEX                     index expression is of byte type
0325 58               (           main.s):00736                 LSLB
0326 49               (           main.s):00737                 ROLA
0327 8E0000           (           main.s):00738                 LDX     #_dyCosCache+0  address of array dyCosCache (optim: removePCRIfRelocatabilityNotSupported)
032A 308B             (           main.s):00739                 LEAX    D,X             add offset
032C 3506             (           main.s):00740                 PULS    A,B             retrieve value to store
032E ED84             (           main.s):00741                 STD     ,X
                      (           main.s):00742         * Line main.c:164: assignment: =
0330 CCFFFF           (           main.s):00743                 LDD     #$FFFF          decimal 65535 unsigned
0333 3406             (           main.s):00744                 PSHS    B,A             right side of assignment
0335 E65E             (           main.s):00745                 LDB     -2,U            variable i
0337 1D               (           main.s):00746                 SEX                     index expression is of byte type
0338 58               (           main.s):00747                 LSLB
0339 49               (           main.s):00748                 ROLA
033A 8E0000           (           main.s):00749                 LDX     #_dySinCache+0  address of array dySinCache (optim: removePCRIfRelocatabilityNotSupported)
033D 308B             (           main.s):00750                 LEAX    D,X             add offset
033F 3506             (           main.s):00751                 PULS    A,B             retrieve value to store
0341 ED84             (           main.s):00752                 STD     ,X
                      (           main.s):00753         * Useless label L00130 removed
                      (           main.s):00754         * Line main.c:158: for increment(s)
0343 6C5E             (           main.s):00755                 INC     -2,U
     0345             (           main.s):00756         L00129  EQU     *
                      (           main.s):00757         * Line main.c:158: for condition
0345 E65E             (           main.s):00758                 LDB     -2,U            variable i
0347 C10C             (           main.s):00759                 CMPB    #$0C
0349 102DFF84         (           main.s):00760                 LBLT    L00128
                      (           main.s):00761         * optim: branchToNextLocation
                      (           main.s):00762         * Useless label L00131 removed
                      (           main.s):00763         * Useless label L00041 removed
034D 32C4             (           main.s):00764                 LEAS    ,U
034F 35C0             (           main.s):00765                 PULS    U,PC
                      (           main.s):00766         * END FUNCTION clear_mul_caches(): defined at main.c:154
     0351             (           main.s):00767         funcend_clear_mul_caches        EQU *
     008C             (           main.s):00768         funcsize_clear_mul_caches       EQU     funcend_clear_mul_caches-_clear_mul_caches
                      (           main.s):00769         _get_cached_mul8        EXPORT
                      (           main.s):00770         
                      (           main.s):00771         
                      (           main.s):00772         *******************************************************************************
                      (           main.s):00773         
                      (           main.s):00774         * FUNCTION get_cached_mul8(): defined at main.c:168
     0351             (           main.s):00775         _get_cached_mul8        EQU     *
                      (           main.s):00776         * Prototype: long get_cached_mul8(int, int, unsigned int *)
                      (           main.s):00777         * Calling convention: 0 (CMOC Default)
0351 3440             (           main.s):00778                 PSHS    U
0353 33E4             (           main.s):00779                 LEAU    ,S
0355 32E8EF           (           main.s):00780                 LEAS    -17,S
                      (           main.s):00781         * Formal parameter(s):
                      (           main.s):00782         *      6,U:    2 bytes: a: int: line 169
                      (           main.s):00783         *      8,U:    2 bytes: b: int: line 170
                      (           main.s):00784         *     10,U:    2 bytes: cache: unsigned int *: line 172
                      (           main.s):00785         * Local non-static variable(s):
                      (           main.s):00786         *    -17,U:    4 bytes: $V00082: long: line 191
                      (           main.s):00787         *    -13,U:    1 byte : neg: char: line 184
                      (           main.s):00788         *    -12,U:    4 bytes: result: long: line 186
                      (           main.s):00789         *     -8,U:    4 bytes: $V00079: long: line 178
                      (           main.s):00790         *     -8,U:    4 bytes: $V00080: long: line 186
                      (           main.s):00791         *     -4,U:    4 bytes: result: long: line 175
                      (           main.s):00792         *     -4,U:    4 bytes: $V00081: unsigned long: line 186
                      (           main.s):00793         * Line main.c:174: if
0358 ECD80A           (           main.s):00794                 LDD     [10,U]          indirection
035B 1083FFFF         (           main.s):00795                 CMPD    #65535
035F 2746             (           main.s):00796                 BEQ     L00133           (optim: condBranchOverUncondBranch)
                      (           main.s):00797         * optim: condBranchOverUncondBranch
                      (           main.s):00798         * Useless label L00132 removed
                      (           main.s):00799         * Line main.c:174
                      (           main.s):00800         * Line main.c:175: init of variable result
0361 ECD80A           (           main.s):00801                 LDD     [10,U]          indirection
0364 305C             (           main.s):00802                 LEAX    -4,U            address of variable result
0366 170000           (           main.s):00803                 LBSR    initDWordFromUnsignedWord
                      (           main.s):00804         * Line main.c:177: if
0369 EC46             (           main.s):00805                 LDD     6,U             variable a
036B C30000           (           main.s):00806                 ADDD    #0
036E 2D03             (           main.s):00807                 BLT     L00136          if true
0370 5F               (           main.s):00808                 CLRB
0371 2002             (           main.s):00809                 BRA     L00137          false
     0373             (           main.s):00810         L00136  EQU     *
0373 C601             (           main.s):00811                 LDB     #1
     0375             (           main.s):00812         L00137  EQU     *
0375 3404             (           main.s):00813                 PSHS    B               both operands of inequality are byte-sized
0377 EC48             (           main.s):00814                 LDD     8,U             variable b
0379 C30000           (           main.s):00815                 ADDD    #0
037C 2D03             (           main.s):00816                 BLT     L00138          if true
037E 5F               (           main.s):00817                 CLRB
037F 2002             (           main.s):00818                 BRA     L00139          false
     0381             (           main.s):00819         L00138  EQU     *
0381 C601             (           main.s):00820                 LDB     #1
     0383             (           main.s):00821         L00139  EQU     *
0383 E1E0             (           main.s):00822                 CMPB    ,S+             compare with LSB
0385 2713             (           main.s):00823                 BEQ     L00135           (optim: condBranchOverUncondBranch)
                      (           main.s):00824         * optim: condBranchOverUncondBranch
                      (           main.s):00825         * Useless label L00134 removed
                      (           main.s):00826         * Line main.c:177
                      (           main.s):00827         * Line main.c:178: assignment: =
0387 305C             (           main.s):00828                 LEAX    -4,U            variable `result', declared at main.c:175
0389 1F10             (           main.s):00829                 TFR     X,D             operand
038B 3058             (           main.s):00830                 LEAX    -8,U            address of result of operator
038D 170000           (           main.s):00831                 LBSR    copyDWord       preserves X
0390 170000           (           main.s):00832                 LBSR    negateDWord     preserves X
0393 1F10             (           main.s):00833                 TFR     X,D             make D point to source struct
0395 305C             (           main.s):00834                 LEAX    -4,U            variable `result', declared at main.c:175
0397 170000           (           main.s):00835                 LBSR    copyDWord       copy 4-byte struct (preserves X)
     039A             (           main.s):00836         L00135  EQU     *               else clause of if() started at main.c:177
                      (           main.s):00837         * Useless label L00140 removed
039A 305C             (           main.s):00838                 LEAX    -4,U            variable `result', declared at main.c:175
039C EC44             (           main.s):00839                 LDD     4,U             address of return value
039E 170000           (           main.s):00840                 LBSR    copyDWordFromXToD
03A1 160061           (           main.s):00841                 LBRA    L00042          return (main.c:181)
03A4 16005E           (           main.s):00842                 LBRA    L00141          jump over else clause
     03A7             (           main.s):00843         L00133  EQU     *               else clause of if() started at main.c:174
                      (           main.s):00844         * Line main.c:183
                      (           main.s):00845         * Line main.c:184: init of variable neg
03A7 6F53             (           main.s):00846                 CLR     -13,U           init of variable neg
                      (           main.s):00847         * Line main.c:186: init of variable result
                      (           main.s):00848         * Line main.c:186: function call: mul_unsigned_neg()
03A9 3053             (           main.s):00849                 LEAX    -13,U           variable `neg', declared at main.c:184
                      (           main.s):00850         * optim: mergePushXPushD
03AB CC0000           (           main.s):00851                 LDD     #_mul8_u        address of mul8_u(), defined at main.c:100
03AE 3416             (           main.s):00852                 PSHS    X,B,A           optim: mergePushXPushD
03B0 EC48             (           main.s):00853                 LDD     8,U             variable `b', declared at main.c:170
03B2 327C             (           main.s):00854                 LEAS    -4,S            slot for argument 2
03B4 30E4             (           main.s):00855                 LEAX    ,S
03B6 170000           (           main.s):00856                 LBSR    initDWordFromSignedWord
03B9 EC46             (           main.s):00857                 LDD     6,U             variable `a', declared at main.c:169
03BB 327C             (           main.s):00858                 LEAS    -4,S            slot for argument 1
03BD 30E4             (           main.s):00859                 LEAX    ,S
03BF 170000           (           main.s):00860                 LBSR    initDWordFromSignedWord
03C2 305C             (           main.s):00861                 LEAX    -4,U            address of struct/union to be returned by mul_unsigned_neg()
03C4 3410             (           main.s):00862                 PSHS    X               hidden argument
03C6 BD0000           (           main.s):00863                 JSR     _mul_unsigned_neg
03C9 326E             (           main.s):00864                 LEAS    14,S
03CB 305C             (           main.s):00865                 LEAX    -4,U            address of struct/union returned by mul_unsigned_neg()
03CD 1F10             (           main.s):00866                 TFR     X,D             address of source number
03CF 3054             (           main.s):00867                 LEAX    -12,U           variable result
03D1 170000           (           main.s):00868                 LBSR    copyDWord
                      (           main.s):00869         * Line main.c:188: assignment: =
03D4 3054             (           main.s):00870                 LEAX    -12,U           variable `result', declared at main.c:186
03D6 1F10             (           main.s):00871                 TFR     X,D             cast to `unsigned int': address of source number in D
03D8 327E             (           main.s):00872                 LEAS    -2,S            result of cast
03DA 30E4             (           main.s):00873                 LEAX    ,S
03DC 170000           (           main.s):00874                 LBSR    initWordFromDWord
03DF 3506             (           main.s):00875                 PULS    A,B             result of cast
                      (           main.s):00876         * optim: stripUselessPushPull
                      (           main.s):00877         * optim: optimizeLdx
                      (           main.s):00878         * optim: stripUselessPushPull
03E1 EDD80A           (           main.s):00879                 STD     [10,U]          optim: optimizeLdx
                      (           main.s):00880         * Line main.c:190: if
03E4 E653             (           main.s):00881                 LDB     -13,U           variable `neg', declared at main.c:184
                      (           main.s):00882         * optim: loadCmpZeroBeqOrBne
03E6 2714             (           main.s):00883                 BEQ     L00143           (optim: condBranchOverUncondBranch)
                      (           main.s):00884         * optim: condBranchOverUncondBranch
                      (           main.s):00885         * Useless label L00142 removed
                      (           main.s):00886         * Line main.c:190
                      (           main.s):00887         * Line main.c:191: assignment: =
03E8 3054             (           main.s):00888                 LEAX    -12,U           variable `result', declared at main.c:186
03EA 1F10             (           main.s):00889                 TFR     X,D             operand
03EC 30C8EF           (           main.s):00890                 LEAX    -17,U           address of result of operator
03EF 170000           (           main.s):00891                 LBSR    copyDWord       preserves X
03F2 170000           (           main.s):00892                 LBSR    negateDWord     preserves X
03F5 1F10             (           main.s):00893                 TFR     X,D             make D point to source struct
03F7 3054             (           main.s):00894                 LEAX    -12,U           variable `result', declared at main.c:186
03F9 170000           (           main.s):00895                 LBSR    copyDWord       copy 4-byte struct (preserves X)
     03FC             (           main.s):00896         L00143  EQU     *               else clause of if() started at main.c:190
                      (           main.s):00897         * Useless label L00144 removed
03FC 3054             (           main.s):00898                 LEAX    -12,U           variable `result', declared at main.c:186
03FE EC44             (           main.s):00899                 LDD     4,U             address of return value
0400 170000           (           main.s):00900                 LBSR    copyDWordFromXToD
0403 2000             (           main.s):00901                 BRA     L00042          return (main.c:194)
     0405             (           main.s):00902         L00141  EQU     *               end of if() started at main.c:174
     0405             (           main.s):00903         L00042  EQU     *               end of get_cached_mul8()
0405 32C4             (           main.s):00904                 LEAS    ,U
0407 35C0             (           main.s):00905                 PULS    U,PC
                      (           main.s):00906         * END FUNCTION get_cached_mul8(): defined at main.c:168
     0409             (           main.s):00907         funcend_get_cached_mul8 EQU *
     00B8             (           main.s):00908         funcsize_get_cached_mul8        EQU     funcend_get_cached_mul8-_get_cached_mul8
                      (           main.s):00909         _division       EXPORT
                      (           main.s):00910         
                      (           main.s):00911         
                      (           main.s):00912         *******************************************************************************
                      (           main.s):00913         
                      (           main.s):00914         * FUNCTION division(): defined at main.c:198
     0409             (           main.s):00915         _division       EQU     *
                      (           main.s):00916         * Prototype: int division(char, int)
                      (           main.s):00917         * Calling convention: 0 (CMOC Default)
0409 3440             (           main.s):00918                 PSHS    U
040B 33E4             (           main.s):00919                 LEAU    ,S
040D 327E             (           main.s):00920                 LEAS    -2,S
                      (           main.s):00921         * Formal parameter(s):
                      (           main.s):00922         *      5,U:    1 byte : a: char: line 198
                      (           main.s):00923         *      6,U:    2 bytes: bfour: int: line 198
                      (           main.s):00924         * Local non-static variable(s):
                      (           main.s):00925         *     -2,U:    2 bytes: out: int: line 201
                      (           main.s):00926         * Line main.c:199: if
040F EC46             (           main.s):00927                 LDD     6,U             variable bfour
0411 10830010         (           main.s):00928                 CMPD    #$10
0415 2C04             (           main.s):00929                 BGE     L00146           (optim: condBranchOverUncondBranch)
                      (           main.s):00930         * optim: condBranchOverUncondBranch
                      (           main.s):00931         * Useless label L00145 removed
                      (           main.s):00932         * Line main.c:199
                      (           main.s):00933         * Line main.c:199: return with value
0417 4F               (           main.s):00934                 CLRA
0418 5F               (           main.s):00935                 CLRB
0419 203C             (           main.s):00936                 BRA     L00043          return (main.c:199)
     041B             (           main.s):00937         L00146  EQU     *               else clause of if() started at main.c:199
                      (           main.s):00938         * Useless label L00147 removed
                      (           main.s):00939         * Line main.c:201: init of variable out
041B E645             (           main.s):00940                 LDB     5,U             variable `a', declared at main.c:198
041D 1D               (           main.s):00941                 SEX                     promotion of binary operand
041E 3406             (           main.s):00942                 PSHS    B,A             operands of multiplication are not both byte-sized
0420 EC46             (           main.s):00943                 LDD     6,U             variable bfour
0422 58               (           main.s):00944                 LSLB
0423 49               (           main.s):00945                 ROLA
0424 8E0000           (           main.s):00946                 LDX     #_recip_table+0 address of array recip_table (optim: removePCRIfRelocatabilityNotSupported)
                      (           main.s):00947         * optim: optimizeLoadDX
0427 EC8B             (           main.s):00948                 LDD     D,X             get r-value (optim: optimizeLoadDX)
0429 1F89             (           main.s):00949                 TFR     A,B             shift D 8 bits right
042B 4F               (           main.s):00950                 CLRA                    unsigned
042C 54               (           main.s):00951                 LSRB
042D 54               (           main.s):00952                 LSRB
                      (           main.s):00953         * Emitted no code to cast `const unsigned int' to `int'
042E 3510             (           main.s):00954                 PULS    X
0430 170000           (           main.s):00955                 LBSR    MUL16
0433 ED5E             (           main.s):00956                 STD     -2,U            variable out
                      (           main.s):00957         * Line main.c:202: if
0435 E645             (           main.s):00958                 LDB     5,U             variable a
0437 C100             (           main.s):00959                 CMPB    #$00
0439 2C07             (           main.s):00960                 BGE     L00150           (optim: condBranchOverUncondBranch)
                      (           main.s):00961         * optim: condBranchOverUncondBranch
                      (           main.s):00962         * Useless label L00151 removed
043B EC46             (           main.s):00963                 LDD     6,U             variable bfour
043D C30000           (           main.s):00964                 ADDD    #0
0440 2E0D             (           main.s):00965                 BGT     L00148
                      (           main.s):00966         * optim: branchToNextLocation
     0442             (           main.s):00967         L00150  EQU     *
0442 E645             (           main.s):00968                 LDB     5,U             variable a
0444 C100             (           main.s):00969                 CMPB    #$00
0446 2F0D             (           main.s):00970                 BLE     L00149           (optim: condBranchOverUncondBranch)
                      (           main.s):00971         * optim: condBranchOverUncondBranch
                      (           main.s):00972         * Useless label L00152 removed
0448 EC46             (           main.s):00973                 LDD     6,U             variable bfour
044A C30000           (           main.s):00974                 ADDD    #0
044D 2C06             (           main.s):00975                 BGE     L00149           (optim: condBranchOverUncondBranch)
                      (           main.s):00976         * optim: condBranchOverUncondBranch
     044F             (           main.s):00977         L00148  EQU     *               then clause of if() started at main.c:202
                      (           main.s):00978         * Line main.c:202
                      (           main.s):00979         * Line main.c:203: assignment: =
044F 4F               (           main.s):00980                 CLRA                    Negation of variable out
0450 5F               (           main.s):00981                 CLRB
0451 A35E             (           main.s):00982                 SUBD    -2,U
0453 ED5E             (           main.s):00983                 STD     -2,U
     0455             (           main.s):00984         L00149  EQU     *               else clause of if() started at main.c:202
                      (           main.s):00985         * Useless label L00153 removed
                      (           main.s):00986         * Line main.c:205: return with value
0455 EC5E             (           main.s):00987                 LDD     -2,U            variable `out', declared at main.c:201
                      (           main.s):00988         * optim: branchToNextLocation
     0457             (           main.s):00989         L00043  EQU     *               end of division()
0457 32C4             (           main.s):00990                 LEAS    ,U
0459 35C0             (           main.s):00991                 PULS    U,PC
                      (           main.s):00992         * END FUNCTION division(): defined at main.c:198
     045B             (           main.s):00993         funcend_division        EQU *
     0052             (           main.s):00994         funcsize_division       EQU     funcend_division-_division
                      (           main.s):00995         _int_to_string  EXPORT
                      (           main.s):00996         
                      (           main.s):00997         
                      (           main.s):00998         *******************************************************************************
                      (           main.s):00999         
                      (           main.s):01000         * FUNCTION int_to_string(): defined at main.c:208
     045B             (           main.s):01001         _int_to_string  EQU     *
                      (           main.s):01002         * Prototype: void int_to_string(int, char *)
                      (           main.s):01003         * Calling convention: 0 (CMOC Default)
045B 3440             (           main.s):01004                 PSHS    U
045D 33E4             (           main.s):01005                 LEAU    ,S
045F 3277             (           main.s):01006                 LEAS    -9,S
                      (           main.s):01007         * Formal parameter(s):
                      (           main.s):01008         *      4,U:    2 bytes: n: int: line 208
                      (           main.s):01009         *      6,U:    2 bytes: str: char *: line 208
                      (           main.s):01010         * Local non-static variable(s):
                      (           main.s):01011         *     -9,U:    1 byte : t: char: line 242
                      (           main.s):01012         *     -8,U:    2 bytes: i: int: line 210
                      (           main.s):01013         *     -6,U:    2 bytes: neg: int: line 211
                      (           main.s):01014         *     -4,U:    2 bytes: a: int: line 237
                      (           main.s):01015         *     -2,U:    2 bytes: b: int: line 238
                      (           main.s):01016         * Line main.c:210: init of variable i
0461 4F               (           main.s):01017                 CLRA
0462 5F               (           main.s):01018                 CLRB
0463 ED58             (           main.s):01019                 STD     -8,U            variable i
                      (           main.s):01020         * Line main.c:211: init of variable neg
                      (           main.s):01021         * optim: stripExtraClrA_B
                      (           main.s):01022         * optim: stripExtraClrA_B
0465 ED5A             (           main.s):01023                 STD     -6,U            variable neg
                      (           main.s):01024         * Line main.c:213: if
0467 EC44             (           main.s):01025                 LDD     4,U             variable n
0469 C30000           (           main.s):01026                 ADDD    #0
046C 2C0A             (           main.s):01027                 BGE     L00155           (optim: condBranchOverUncondBranch)
                      (           main.s):01028         * optim: condBranchOverUncondBranch
                      (           main.s):01029         * Useless label L00154 removed
                      (           main.s):01030         * Line main.c:214
                      (           main.s):01031         * Line main.c:215: assignment: =
046E 4F               (           main.s):01032                 CLRA
046F C601             (           main.s):01033                 LDB     #$01            decimal 1 signed
0471 ED5A             (           main.s):01034                 STD     -6,U
                      (           main.s):01035         * Line main.c:216: assignment: =
                      (           main.s):01036         * optim: stripExtraClrA_B
0473 5F               (           main.s):01037                 CLRB
0474 A344             (           main.s):01038                 SUBD    4,U
0476 ED44             (           main.s):01039                 STD     4,U
     0478             (           main.s):01040         L00155  EQU     *               else clause of if() started at main.c:213
                      (           main.s):01041         * Useless label L00156 removed
                      (           main.s):01042         * Line main.c:219: if
0478 EC44             (           main.s):01043                 LDD     4,U             variable `n', declared at main.c:208
                      (           main.s):01044         * optim: loadCmpZeroBeqOrBne
047A 2641             (           main.s):01045                 BNE     L00161           (optim: condBranchOverUncondBranch)
                      (           main.s):01046         * optim: condBranchOverUncondBranch
                      (           main.s):01047         * Useless label L00157 removed
                      (           main.s):01048         * Line main.c:220
                      (           main.s):01049         * Line main.c:221: assignment: =
                      (           main.s):01050         * LDB #$30 optim: optimizeStackOperations1
                      (           main.s):01051         * PSHS B optim: optimizeStackOperations1
                      (           main.s):01052         * optim: optimizeLdx
047C C630             (           main.s):01053                 LDB     #48             optim: optimizeStackOperations1
047E E7D806           (           main.s):01054                 STB     [6,U]           optim: optimizeLdx
                      (           main.s):01055         * Line main.c:222: assignment: =
                      (           main.s):01056         * CLRB  optim: optimizeStackOperations1
                      (           main.s):01057         * PSHS B optim: optimizeStackOperations1
0481 AE46             (           main.s):01058                 LDX     6,U             get pointer value from variable str
                      (           main.s):01059         * optim: optimizeLeax
0483 C600             (           main.s):01060                 LDB     #0              optim: optimizeStackOperations1
0485 E701             (           main.s):01061                 STB     1,X             optim: optimizeLeax
0487 16009F           (           main.s):01062                 LBRA    L00044          return (main.c:223)
                      (           main.s):01063         * Useless label L00158 removed
                      (           main.s):01064         * Useless label L00159 removed
                      (           main.s):01065         * Line main.c:226: while
048A 2031             (           main.s):01066                 BRA     L00161          jump to while condition
     048C             (           main.s):01067         L00160  EQU     *               while body
                      (           main.s):01068         * Line main.c:228: assignment: =
048C AE44             (           main.s):01069                 LDX     4,U             left
048E 4F               (           main.s):01070                 CLRA
048F C60A             (           main.s):01071                 LDB     #$0A            right
0491 170000           (           main.s):01072                 LBSR    SDIV16
0494 C30030           (           main.s):01073                 ADDD    #48             add right side
                      (           main.s):01074         * Cast from `int' to byte: result already in B
0497 3404             (           main.s):01075                 PSHS    B               right side of assignment
0499 EC58             (           main.s):01076                 LDD     -8,U            variable `i', declared at main.c:228
049B C30001           (           main.s):01077                 ADDD    #1
049E ED58             (           main.s):01078                 STD     -8,U
04A0 830001           (           main.s):01079                 SUBD    #1              post increment yields initial value
04A3 AE46             (           main.s):01080                 LDX     6,U             pointer str
04A5 308B             (           main.s):01081                 LEAX    D,X             add offset
04A7 E6E0             (           main.s):01082                 LDB     ,S+
04A9 E784             (           main.s):01083                 STB     ,X
                      (           main.s):01084         * Line main.c:229: assignment: /=
04AB 3044             (           main.s):01085                 LEAX    4,U             variable `n', declared at main.c:208
04AD 3410             (           main.s):01086                 PSHS    X               preserve address of left side of assignment
04AF 4F               (           main.s):01087                 CLRA
04B0 C60A             (           main.s):01088                 LDB     #$0A            decimal 10 signed
04B2 AEF4             (           main.s):01089                 LDX     [,S]            get value of left side of assignment
04B4 170000           (           main.s):01090                 LBSR    SDIV16
04B7 1F10             (           main.s):01091                 TFR     X,D             quotient to D
04B9 EDF4             (           main.s):01092                 STD     [,S]            store quotient at address of left side of assignment
04BB 3262             (           main.s):01093                 LEAS    2,S             dispose of address of left side of assignment
     04BD             (           main.s):01094         L00161  EQU     *               while condition at main.c:226
04BD EC44             (           main.s):01095                 LDD     4,U             variable n
04BF C30000           (           main.s):01096                 ADDD    #0
04C2 2EC8             (           main.s):01097                 BGT     L00160
                      (           main.s):01098         * optim: branchToNextLocation
                      (           main.s):01099         * Useless label L00162 removed
                      (           main.s):01100         * Line main.c:232: if
04C4 EC5A             (           main.s):01101                 LDD     -6,U            variable `neg', declared at main.c:211
                      (           main.s):01102         * optim: loadCmpZeroBeqOrBne
04C6 2712             (           main.s):01103                 BEQ     L00164           (optim: condBranchOverUncondBranch)
                      (           main.s):01104         * optim: condBranchOverUncondBranch
                      (           main.s):01105         * Useless label L00163 removed
                      (           main.s):01106         * Line main.c:233
                      (           main.s):01107         * Line main.c:233: assignment: =
                      (           main.s):01108         * LDB #$2D optim: optimizeStackOperations1
                      (           main.s):01109         * PSHS B optim: optimizeStackOperations1
04C8 EC58             (           main.s):01110                 LDD     -8,U            variable `i', declared at main.c:233
04CA C30001           (           main.s):01111                 ADDD    #1
04CD ED58             (           main.s):01112                 STD     -8,U
04CF 830001           (           main.s):01113                 SUBD    #1              post increment yields initial value
04D2 AE46             (           main.s):01114                 LDX     6,U             pointer str
04D4 308B             (           main.s):01115                 LEAX    D,X             add offset
04D6 C62D             (           main.s):01116                 LDB     #45             optim: optimizeStackOperations1
04D8 E784             (           main.s):01117                 STB     ,X
     04DA             (           main.s):01118         L00164  EQU     *               else clause of if() started at main.c:232
                      (           main.s):01119         * Useless label L00165 removed
                      (           main.s):01120         * Line main.c:235: assignment: =
                      (           main.s):01121         * CLRB  optim: optimizeStackOperations1
                      (           main.s):01122         * PSHS B optim: optimizeStackOperations1
04DA EC58             (           main.s):01123                 LDD     -8,U            variable i
04DC AE46             (           main.s):01124                 LDX     6,U             pointer str
04DE 308B             (           main.s):01125                 LEAX    D,X             add offset
04E0 C600             (           main.s):01126                 LDB     #0              optim: optimizeStackOperations1
04E2 E784             (           main.s):01127                 STB     ,X
                      (           main.s):01128         * Line main.c:237: init of variable a
04E4 4F               (           main.s):01129                 CLRA
                      (           main.s):01130         * optim: removeClr
04E5 ED5C             (           main.s):01131                 STD     -4,U            variable a
                      (           main.s):01132         * Line main.c:238: init of variable b
04E7 EC58             (           main.s):01133                 LDD     -8,U            variable i
04E9 C3FFFF           (           main.s):01134                 ADDD    #$FFFF          65535
04EC ED5E             (           main.s):01135                 STD     -2,U            variable b
                      (           main.s):01136         * Line main.c:240: while
04EE 2032             (           main.s):01137                 BRA     L00167          jump to while condition
     04F0             (           main.s):01138         L00166  EQU     *               while body
                      (           main.s):01139         * Line main.c:242: init of variable t
04F0 EC5C             (           main.s):01140                 LDD     -4,U            variable a
04F2 AE46             (           main.s):01141                 LDX     6,U             pointer str
                      (           main.s):01142         * optim: optimizeLoadDX
04F4 E68B             (           main.s):01143                 LDB     D,X             get r-value (optim: optimizeLoadDX)
04F6 E757             (           main.s):01144                 STB     -9,U            variable t
                      (           main.s):01145         * Line main.c:243: assignment: =
04F8 EC5E             (           main.s):01146                 LDD     -2,U            variable b
                      (           main.s):01147         * optim: removeRepeatedLDX
                      (           main.s):01148         * optim: optimizeLoadDX
04FA E68B             (           main.s):01149                 LDB     D,X             get r-value (optim: optimizeLoadDX)
04FC 3404             (           main.s):01150                 PSHS    B               right side of assignment
04FE EC5C             (           main.s):01151                 LDD     -4,U            variable a
0500 AE46             (           main.s):01152                 LDX     6,U             pointer str
0502 308B             (           main.s):01153                 LEAX    D,X             add offset
0504 E6E0             (           main.s):01154                 LDB     ,S+
0506 E784             (           main.s):01155                 STB     ,X
                      (           main.s):01156         * Line main.c:244: assignment: =
0508 E657             (           main.s):01157                 LDB     -9,U            variable `t', declared at main.c:242
050A 3404             (           main.s):01158                 PSHS    B               right side of assignment
050C EC5E             (           main.s):01159                 LDD     -2,U            variable b
050E AE46             (           main.s):01160                 LDX     6,U             pointer str
0510 308B             (           main.s):01161                 LEAX    D,X             add offset
0512 E6E0             (           main.s):01162                 LDB     ,S+
0514 E784             (           main.s):01163                 STB     ,X
                      (           main.s):01164         * Line main.c:245: post-increment
0516 AE5C             (           main.s):01165                 LDX     -4,U            variable `a', declared at main.c:245
0518 3001             (           main.s):01166                 LEAX    1,X
051A AF5C             (           main.s):01167                 STX     -4,U
                      (           main.s):01168         * Line main.c:246: post-decrement
051C AE5E             (           main.s):01169                 LDX     -2,U            variable `b', declared at main.c:246
051E 301F             (           main.s):01170                 LEAX    -1,X
0520 AF5E             (           main.s):01171                 STX     -2,U
     0522             (           main.s):01172         L00167  EQU     *               while condition at main.c:240
0522 EC5C             (           main.s):01173                 LDD     -4,U            variable a
0524 10A35E           (           main.s):01174                 CMPD    -2,U            variable b
0527 2DC7             (           main.s):01175                 BLT     L00166
                      (           main.s):01176         * optim: branchToNextLocation
                      (           main.s):01177         * Useless label L00168 removed
     0529             (           main.s):01178         L00044  EQU     *               end of int_to_string()
0529 32C4             (           main.s):01179                 LEAS    ,U
052B 35C0             (           main.s):01180                 PULS    U,PC
                      (           main.s):01181         * END FUNCTION int_to_string(): defined at main.c:208
     052D             (           main.s):01182         funcend_int_to_string   EQU *
     00D2             (           main.s):01183         funcsize_int_to_string  EQU     funcend_int_to_string-_int_to_string
                      (           main.s):01184         _SearchThroughArray     EXPORT
                      (           main.s):01185         
                      (           main.s):01186         
                      (           main.s):01187         *******************************************************************************
                      (           main.s):01188         
                      (           main.s):01189         * FUNCTION SearchThroughArray(): defined at main.c:250
     052D             (           main.s):01190         _SearchThroughArray     EQU     *
                      (           main.s):01191         * Prototype: char SearchThroughArray(struct AnonStruct_main.c:20 *, char, struct AnonStruct_main.c:20)
                      (           main.s):01192         * Calling convention: 0 (CMOC Default)
052D 3440             (           main.s):01193                 PSHS    U
052F 33E4             (           main.s):01194                 LEAU    ,S
0531 327F             (           main.s):01195                 LEAS    -1,S
                      (           main.s):01196         * Formal parameter(s):
                      (           main.s):01197         *      4,U:    2 bytes: list: struct AnonStruct_main.c:20 *: line 250
                      (           main.s):01198         *      7,U:    1 byte : length: char: line 250
                      (           main.s):01199         *      8,U:    4 bytes: line: struct AnonStruct_main.c:20: line 250
                      (           main.s):01200         * Local non-static variable(s):
                      (           main.s):01201         *     -1,U:    1 byte : i: char: line 251
                      (           main.s):01202         * Line main.c:251: for init
                      (           main.s):01203         * Line main.c:251: init of variable i
0533 6F5F             (           main.s):01204                 CLR     -1,U            init of variable i
0535 2028             (           main.s):01205                 BRA     L00170          jump to for condition
     0537             (           main.s):01206         L00169  EQU     *
                      (           main.s):01207         * Line main.c:251: for body
                      (           main.s):01208         * Line main.c:252: if
                      (           main.s):01209         * optim: optimizeStackOperations4
                      (           main.s):01210         * optim: optimizeStackOperations4
0537 E65F             (           main.s):01211                 LDB     -1,U            variable i
0539 1D               (           main.s):01212                 SEX                     index expression is of byte type
053A 58               (           main.s):01213                 LSLB
053B 49               (           main.s):01214                 ROLA
053C 58               (           main.s):01215                 LSLB
053D 49               (           main.s):01216                 ROLA
053E AE44             (           main.s):01217                 LDX     4,U             pointer list
                      (           main.s):01218         * optim: optimizeLoadDX
0540 EC8B             (           main.s):01219                 LDD     D,X             member x of AnonStruct_main.c:20 (optim: optimizeLoadDX)
0542 10A348           (           main.s):01220                 CMPD    8,U             optim: optimizeStackOperations4
0545 2616             (           main.s):01221                 BNE     L00174           (optim: condBranchOverUncondBranch)
                      (           main.s):01222         * optim: condBranchOverUncondBranch
                      (           main.s):01223         * Useless label L00175 removed
                      (           main.s):01224         * optim: optimizeStackOperations4
                      (           main.s):01225         * optim: optimizeStackOperations4
0547 E65F             (           main.s):01226                 LDB     -1,U            variable i
0549 1D               (           main.s):01227                 SEX                     index expression is of byte type
054A 58               (           main.s):01228                 LSLB
054B 49               (           main.s):01229                 ROLA
054C 58               (           main.s):01230                 LSLB
054D 49               (           main.s):01231                 ROLA
054E AE44             (           main.s):01232                 LDX     4,U             pointer list
0550 308B             (           main.s):01233                 LEAX    D,X             add offset
0552 EC02             (           main.s):01234                 LDD     2,X             member y of AnonStruct_main.c:20
0554 10A34A           (           main.s):01235                 CMPD    10,U            optim: optimizeStackOperations4
0557 2604             (           main.s):01236                 BNE     L00174           (optim: condBranchOverUncondBranch)
                      (           main.s):01237         * optim: condBranchOverUncondBranch
                      (           main.s):01238         * Useless label L00173 removed
                      (           main.s):01239         * Line main.c:252
0559 C601             (           main.s):01240                 LDB     #1
055B 2009             (           main.s):01241                 BRA     L00045          return (main.c:253)
     055D             (           main.s):01242         L00174  EQU     *               else clause of if() started at main.c:252
                      (           main.s):01243         * Useless label L00176 removed
                      (           main.s):01244         * Useless label L00171 removed
                      (           main.s):01245         * Line main.c:251: for increment(s)
055D 6C5F             (           main.s):01246                 INC     -1,U
     055F             (           main.s):01247         L00170  EQU     *
                      (           main.s):01248         * Line main.c:251: for condition
055F E65F             (           main.s):01249                 LDB     -1,U            variable i
0561 E147             (           main.s):01250                 CMPB    7,U             variable length
0563 2DD2             (           main.s):01251                 BLT     L00169
                      (           main.s):01252         * optim: branchToNextLocation
                      (           main.s):01253         * Useless label L00172 removed
0565 5F               (           main.s):01254                 CLRB
                      (           main.s):01255         * optim: branchToNextLocation
     0566             (           main.s):01256         L00045  EQU     *               end of SearchThroughArray()
0566 32C4             (           main.s):01257                 LEAS    ,U
0568 35C0             (           main.s):01258                 PULS    U,PC
                      (           main.s):01259         * END FUNCTION SearchThroughArray(): defined at main.c:250
     056A             (           main.s):01260         funcend_SearchThroughArray      EQU *
     003D             (           main.s):01261         funcsize_SearchThroughArray     EQU     funcend_SearchThroughArray-_SearchThroughArray
                      (           main.s):01262         _build_position_string  EXPORT
                      (           main.s):01263         
                      (           main.s):01264         
                      (           main.s):01265         *******************************************************************************
                      (           main.s):01266         
                      (           main.s):01267         * FUNCTION build_position_string(): defined at main.c:259
     056A             (           main.s):01268         _build_position_string  EQU     *
                      (           main.s):01269         * Prototype: void build_position_string(char *, int, int, int)
                      (           main.s):01270         * Calling convention: 0 (CMOC Default)
056A 3440             (           main.s):01271                 PSHS    U
056C 33E4             (           main.s):01272                 LEAU    ,S
056E 3270             (           main.s):01273                 LEAS    -16,S
                      (           main.s):01274         * Formal parameter(s):
                      (           main.s):01275         *      4,U:    2 bytes: buf: char *: line 259
                      (           main.s):01276         *      6,U:    2 bytes: x: int: line 259
                      (           main.s):01277         *      8,U:    2 bytes: y: int: line 259
                      (           main.s):01278         *     10,U:    2 bytes: z: int: line 259
                      (           main.s):01279         * Local non-static variable(s):
                      (           main.s):01280         *    -16,U:    2 bytes: pos: int: line 261
                      (           main.s):01281         *    -14,U:   12 bytes: cstr: char[]: line 262
                      (           main.s):01282         *     -2,U:    2 bytes: i: int: line 263
                      (           main.s):01283         * Line main.c:261: init of variable pos
0570 4F               (           main.s):01284                 CLRA
0571 5F               (           main.s):01285                 CLRB
0572 ED50             (           main.s):01286                 STD     -16,U           variable pos
                      (           main.s):01287         * Line main.c:265: assignment: =
0574 C658             (           main.s):01288                 LDB     #$58            decimal 88 signed
0576 3404             (           main.s):01289                 PSHS    B               right side of assignment
0578 EC50             (           main.s):01290                 LDD     -16,U           variable `pos', declared at main.c:265
057A C30001           (           main.s):01291                 ADDD    #1
057D ED50             (           main.s):01292                 STD     -16,U
057F 830001           (           main.s):01293                 SUBD    #1              post increment yields initial value
0582 AE44             (           main.s):01294                 LDX     4,U             pointer buf
0584 308B             (           main.s):01295                 LEAX    D,X             add offset
0586 E6E0             (           main.s):01296                 LDB     ,S+
0588 E784             (           main.s):01297                 STB     ,X
                      (           main.s):01298         * Line main.c:266: assignment: =
058A C63A             (           main.s):01299                 LDB     #$3A            decimal 58 signed
058C 3404             (           main.s):01300                 PSHS    B               right side of assignment
058E EC50             (           main.s):01301                 LDD     -16,U           variable `pos', declared at main.c:266
0590 C30001           (           main.s):01302                 ADDD    #1
0593 ED50             (           main.s):01303                 STD     -16,U
0595 830001           (           main.s):01304                 SUBD    #1              post increment yields initial value
0598 AE44             (           main.s):01305                 LDX     4,U             pointer buf
059A 308B             (           main.s):01306                 LEAX    D,X             add offset
059C E6E0             (           main.s):01307                 LDB     ,S+
059E E784             (           main.s):01308                 STB     ,X
                      (           main.s):01309         * Line main.c:267: function call: int_to_string()
05A0 3052             (           main.s):01310                 LEAX    -14,U           address of array cstr
                      (           main.s):01311         * optim: mergePushXPushD
05A2 EC46             (           main.s):01312                 LDD     6,U             variable `x', declared at main.c:259
05A4 3416             (           main.s):01313                 PSHS    X,B,A           optim: mergePushXPushD
05A6 BD0000           (           main.s):01314                 JSR     _int_to_string
05A9 3264             (           main.s):01315                 LEAS    4,S
                      (           main.s):01316         * Line main.c:269: assignment: =
05AB 4F               (           main.s):01317                 CLRA
05AC 5F               (           main.s):01318                 CLRB
05AD ED5E             (           main.s):01319                 STD     -2,U
                      (           main.s):01320         * Line main.c:270: while
05AF 2020             (           main.s):01321                 BRA     L00178          jump to while condition
     05B1             (           main.s):01322         L00177  EQU     *               while body
                      (           main.s):01323         * Line main.c:271: assignment: =
05B1 EC5E             (           main.s):01324                 LDD     -2,U            variable i
05B3 3052             (           main.s):01325                 LEAX    -14,U           address of array cstr
                      (           main.s):01326         * optim: optimizeLoadDX
05B5 E68B             (           main.s):01327                 LDB     D,X             get r-value (optim: optimizeLoadDX)
05B7 3404             (           main.s):01328                 PSHS    B               right side of assignment
05B9 EC50             (           main.s):01329                 LDD     -16,U           variable `pos', declared at main.c:271
05BB C30001           (           main.s):01330                 ADDD    #1
05BE ED50             (           main.s):01331                 STD     -16,U
05C0 830001           (           main.s):01332                 SUBD    #1              post increment yields initial value
05C3 AE44             (           main.s):01333                 LDX     4,U             pointer buf
05C5 308B             (           main.s):01334                 LEAX    D,X             add offset
05C7 E6E0             (           main.s):01335                 LDB     ,S+
05C9 E784             (           main.s):01336                 STB     ,X
                      (           main.s):01337         * Line main.c:272: post-increment
05CB AE5E             (           main.s):01338                 LDX     -2,U            variable `i', declared at main.c:272
05CD 3001             (           main.s):01339                 LEAX    1,X
05CF AF5E             (           main.s):01340                 STX     -2,U
     05D1             (           main.s):01341         L00178  EQU     *               while condition at main.c:270
05D1 EC5E             (           main.s):01342                 LDD     -2,U            variable i
05D3 3052             (           main.s):01343                 LEAX    -14,U           address of array cstr
                      (           main.s):01344         * optim: optimizeLoadDX
05D5 E68B             (           main.s):01345                 LDB     D,X             get r-value (optim: optimizeLoadDX)
                      (           main.s):01346         * optim: loadCmpZeroBeqOrBne
05D7 26D8             (           main.s):01347                 BNE     L00177
                      (           main.s):01348         * optim: branchToNextLocation
                      (           main.s):01349         * Useless label L00179 removed
                      (           main.s):01350         * Line main.c:275: assignment: =
05D9 C620             (           main.s):01351                 LDB     #$20            decimal 32 signed
05DB 3404             (           main.s):01352                 PSHS    B               right side of assignment
05DD EC50             (           main.s):01353                 LDD     -16,U           variable `pos', declared at main.c:275
05DF C30001           (           main.s):01354                 ADDD    #1
05E2 ED50             (           main.s):01355                 STD     -16,U
05E4 830001           (           main.s):01356                 SUBD    #1              post increment yields initial value
05E7 AE44             (           main.s):01357                 LDX     4,U             pointer buf
05E9 308B             (           main.s):01358                 LEAX    D,X             add offset
05EB E6E0             (           main.s):01359                 LDB     ,S+
05ED E784             (           main.s):01360                 STB     ,X
                      (           main.s):01361         * Line main.c:276: assignment: =
05EF C659             (           main.s):01362                 LDB     #$59            decimal 89 signed
05F1 3404             (           main.s):01363                 PSHS    B               right side of assignment
05F3 EC50             (           main.s):01364                 LDD     -16,U           variable `pos', declared at main.c:276
05F5 C30001           (           main.s):01365                 ADDD    #1
05F8 ED50             (           main.s):01366                 STD     -16,U
05FA 830001           (           main.s):01367                 SUBD    #1              post increment yields initial value
05FD AE44             (           main.s):01368                 LDX     4,U             pointer buf
05FF 308B             (           main.s):01369                 LEAX    D,X             add offset
0601 E6E0             (           main.s):01370                 LDB     ,S+
0603 E784             (           main.s):01371                 STB     ,X
                      (           main.s):01372         * Line main.c:277: assignment: =
0605 C63A             (           main.s):01373                 LDB     #$3A            decimal 58 signed
0607 3404             (           main.s):01374                 PSHS    B               right side of assignment
0609 EC50             (           main.s):01375                 LDD     -16,U           variable `pos', declared at main.c:277
060B C30001           (           main.s):01376                 ADDD    #1
060E ED50             (           main.s):01377                 STD     -16,U
0610 830001           (           main.s):01378                 SUBD    #1              post increment yields initial value
0613 AE44             (           main.s):01379                 LDX     4,U             pointer buf
0615 308B             (           main.s):01380                 LEAX    D,X             add offset
0617 E6E0             (           main.s):01381                 LDB     ,S+
0619 E784             (           main.s):01382                 STB     ,X
                      (           main.s):01383         * Line main.c:278: function call: int_to_string()
061B 3052             (           main.s):01384                 LEAX    -14,U           address of array cstr
                      (           main.s):01385         * optim: mergePushXPushD
061D EC48             (           main.s):01386                 LDD     8,U             variable `y', declared at main.c:259
061F 3416             (           main.s):01387                 PSHS    X,B,A           optim: mergePushXPushD
0621 BD0000           (           main.s):01388                 JSR     _int_to_string
0624 3264             (           main.s):01389                 LEAS    4,S
                      (           main.s):01390         * Line main.c:280: assignment: =
0626 4F               (           main.s):01391                 CLRA
0627 5F               (           main.s):01392                 CLRB
0628 ED5E             (           main.s):01393                 STD     -2,U
                      (           main.s):01394         * Line main.c:281: while
062A 2020             (           main.s):01395                 BRA     L00181          jump to while condition
     062C             (           main.s):01396         L00180  EQU     *               while body
                      (           main.s):01397         * Line main.c:282: assignment: =
062C EC5E             (           main.s):01398                 LDD     -2,U            variable i
062E 3052             (           main.s):01399                 LEAX    -14,U           address of array cstr
                      (           main.s):01400         * optim: optimizeLoadDX
0630 E68B             (           main.s):01401                 LDB     D,X             get r-value (optim: optimizeLoadDX)
0632 3404             (           main.s):01402                 PSHS    B               right side of assignment
0634 EC50             (           main.s):01403                 LDD     -16,U           variable `pos', declared at main.c:282
0636 C30001           (           main.s):01404                 ADDD    #1
0639 ED50             (           main.s):01405                 STD     -16,U
063B 830001           (           main.s):01406                 SUBD    #1              post increment yields initial value
063E AE44             (           main.s):01407                 LDX     4,U             pointer buf
0640 308B             (           main.s):01408                 LEAX    D,X             add offset
0642 E6E0             (           main.s):01409                 LDB     ,S+
0644 E784             (           main.s):01410                 STB     ,X
                      (           main.s):01411         * Line main.c:283: post-increment
0646 AE5E             (           main.s):01412                 LDX     -2,U            variable `i', declared at main.c:283
0648 3001             (           main.s):01413                 LEAX    1,X
064A AF5E             (           main.s):01414                 STX     -2,U
     064C             (           main.s):01415         L00181  EQU     *               while condition at main.c:281
064C EC5E             (           main.s):01416                 LDD     -2,U            variable i
064E 3052             (           main.s):01417                 LEAX    -14,U           address of array cstr
                      (           main.s):01418         * optim: optimizeLoadDX
0650 E68B             (           main.s):01419                 LDB     D,X             get r-value (optim: optimizeLoadDX)
                      (           main.s):01420         * optim: loadCmpZeroBeqOrBne
0652 26D8             (           main.s):01421                 BNE     L00180
                      (           main.s):01422         * optim: branchToNextLocation
                      (           main.s):01423         * Useless label L00182 removed
                      (           main.s):01424         * Line main.c:286: assignment: =
0654 C620             (           main.s):01425                 LDB     #$20            decimal 32 signed
0656 3404             (           main.s):01426                 PSHS    B               right side of assignment
0658 EC50             (           main.s):01427                 LDD     -16,U           variable `pos', declared at main.c:286
065A C30001           (           main.s):01428                 ADDD    #1
065D ED50             (           main.s):01429                 STD     -16,U
065F 830001           (           main.s):01430                 SUBD    #1              post increment yields initial value
0662 AE44             (           main.s):01431                 LDX     4,U             pointer buf
0664 308B             (           main.s):01432                 LEAX    D,X             add offset
0666 E6E0             (           main.s):01433                 LDB     ,S+
0668 E784             (           main.s):01434                 STB     ,X
                      (           main.s):01435         * Line main.c:287: assignment: =
066A C65A             (           main.s):01436                 LDB     #$5A            decimal 90 signed
066C 3404             (           main.s):01437                 PSHS    B               right side of assignment
066E EC50             (           main.s):01438                 LDD     -16,U           variable `pos', declared at main.c:287
0670 C30001           (           main.s):01439                 ADDD    #1
0673 ED50             (           main.s):01440                 STD     -16,U
0675 830001           (           main.s):01441                 SUBD    #1              post increment yields initial value
0678 AE44             (           main.s):01442                 LDX     4,U             pointer buf
067A 308B             (           main.s):01443                 LEAX    D,X             add offset
067C E6E0             (           main.s):01444                 LDB     ,S+
067E E784             (           main.s):01445                 STB     ,X
                      (           main.s):01446         * Line main.c:288: assignment: =
0680 C63A             (           main.s):01447                 LDB     #$3A            decimal 58 signed
0682 3404             (           main.s):01448                 PSHS    B               right side of assignment
0684 EC50             (           main.s):01449                 LDD     -16,U           variable `pos', declared at main.c:288
0686 C30001           (           main.s):01450                 ADDD    #1
0689 ED50             (           main.s):01451                 STD     -16,U
068B 830001           (           main.s):01452                 SUBD    #1              post increment yields initial value
068E AE44             (           main.s):01453                 LDX     4,U             pointer buf
0690 308B             (           main.s):01454                 LEAX    D,X             add offset
0692 E6E0             (           main.s):01455                 LDB     ,S+
0694 E784             (           main.s):01456                 STB     ,X
                      (           main.s):01457         * Line main.c:289: function call: int_to_string()
0696 3052             (           main.s):01458                 LEAX    -14,U           address of array cstr
                      (           main.s):01459         * optim: mergePushXPushD
0698 EC4A             (           main.s):01460                 LDD     10,U            variable `z', declared at main.c:259
069A 3416             (           main.s):01461                 PSHS    X,B,A           optim: mergePushXPushD
069C BD0000           (           main.s):01462                 JSR     _int_to_string
069F 3264             (           main.s):01463                 LEAS    4,S
                      (           main.s):01464         * Line main.c:291: assignment: =
06A1 4F               (           main.s):01465                 CLRA
06A2 5F               (           main.s):01466                 CLRB
06A3 ED5E             (           main.s):01467                 STD     -2,U
                      (           main.s):01468         * Line main.c:292: while
06A5 2020             (           main.s):01469                 BRA     L00184          jump to while condition
     06A7             (           main.s):01470         L00183  EQU     *               while body
                      (           main.s):01471         * Line main.c:293: assignment: =
06A7 EC5E             (           main.s):01472                 LDD     -2,U            variable i
06A9 3052             (           main.s):01473                 LEAX    -14,U           address of array cstr
                      (           main.s):01474         * optim: optimizeLoadDX
06AB E68B             (           main.s):01475                 LDB     D,X             get r-value (optim: optimizeLoadDX)
06AD 3404             (           main.s):01476                 PSHS    B               right side of assignment
06AF EC50             (           main.s):01477                 LDD     -16,U           variable `pos', declared at main.c:293
06B1 C30001           (           main.s):01478                 ADDD    #1
06B4 ED50             (           main.s):01479                 STD     -16,U
06B6 830001           (           main.s):01480                 SUBD    #1              post increment yields initial value
06B9 AE44             (           main.s):01481                 LDX     4,U             pointer buf
06BB 308B             (           main.s):01482                 LEAX    D,X             add offset
06BD E6E0             (           main.s):01483                 LDB     ,S+
06BF E784             (           main.s):01484                 STB     ,X
                      (           main.s):01485         * Line main.c:294: post-increment
06C1 AE5E             (           main.s):01486                 LDX     -2,U            variable `i', declared at main.c:294
06C3 3001             (           main.s):01487                 LEAX    1,X
06C5 AF5E             (           main.s):01488                 STX     -2,U
     06C7             (           main.s):01489         L00184  EQU     *               while condition at main.c:292
06C7 EC5E             (           main.s):01490                 LDD     -2,U            variable i
06C9 3052             (           main.s):01491                 LEAX    -14,U           address of array cstr
                      (           main.s):01492         * optim: optimizeLoadDX
06CB E68B             (           main.s):01493                 LDB     D,X             get r-value (optim: optimizeLoadDX)
                      (           main.s):01494         * optim: loadCmpZeroBeqOrBne
06CD 26D8             (           main.s):01495                 BNE     L00183
                      (           main.s):01496         * optim: branchToNextLocation
                      (           main.s):01497         * Useless label L00185 removed
                      (           main.s):01498         * Line main.c:297: assignment: =
06CF 5F               (           main.s):01499                 CLRB
06D0 3404             (           main.s):01500                 PSHS    B               right side of assignment
06D2 EC50             (           main.s):01501                 LDD     -16,U           variable pos
06D4 AE44             (           main.s):01502                 LDX     4,U             pointer buf
06D6 308B             (           main.s):01503                 LEAX    D,X             add offset
06D8 E6E0             (           main.s):01504                 LDB     ,S+
06DA E784             (           main.s):01505                 STB     ,X
                      (           main.s):01506         * Useless label L00046 removed
06DC 32C4             (           main.s):01507                 LEAS    ,U
06DE 35C0             (           main.s):01508                 PULS    U,PC
                      (           main.s):01509         * END FUNCTION build_position_string(): defined at main.c:259
     06E0             (           main.s):01510         funcend_build_position_string   EQU *
     0176             (           main.s):01511         funcsize_build_position_string  EQU     funcend_build_position_string-_build_position_string
                      (           main.s):01512         _build_rotation_string  EXPORT
                      (           main.s):01513         
                      (           main.s):01514         
                      (           main.s):01515         *******************************************************************************
                      (           main.s):01516         
                      (           main.s):01517         * FUNCTION build_rotation_string(): defined at main.c:300
     06E0             (           main.s):01518         _build_rotation_string  EQU     *
                      (           main.s):01519         * Prototype: void build_rotation_string(char *, int, int)
                      (           main.s):01520         * Calling convention: 0 (CMOC Default)
06E0 3440             (           main.s):01521                 PSHS    U
06E2 33E4             (           main.s):01522                 LEAU    ,S
06E4 3270             (           main.s):01523                 LEAS    -16,S
                      (           main.s):01524         * Formal parameter(s):
                      (           main.s):01525         *      4,U:    2 bytes: buf: char *: line 300
                      (           main.s):01526         *      6,U:    2 bytes: x: int: line 300
                      (           main.s):01527         *      8,U:    2 bytes: y: int: line 300
                      (           main.s):01528         * Local non-static variable(s):
                      (           main.s):01529         *    -16,U:    2 bytes: pos: int: line 302
                      (           main.s):01530         *    -14,U:   12 bytes: cstr: char[]: line 303
                      (           main.s):01531         *     -2,U:    2 bytes: i: int: line 304
                      (           main.s):01532         * Line main.c:302: init of variable pos
06E6 4F               (           main.s):01533                 CLRA
06E7 5F               (           main.s):01534                 CLRB
06E8 ED50             (           main.s):01535                 STD     -16,U           variable pos
                      (           main.s):01536         * Line main.c:306: assignment: =
06EA C652             (           main.s):01537                 LDB     #$52            decimal 82 signed
06EC 3404             (           main.s):01538                 PSHS    B               right side of assignment
06EE EC50             (           main.s):01539                 LDD     -16,U           variable `pos', declared at main.c:306
06F0 C30001           (           main.s):01540                 ADDD    #1
06F3 ED50             (           main.s):01541                 STD     -16,U
06F5 830001           (           main.s):01542                 SUBD    #1              post increment yields initial value
06F8 AE44             (           main.s):01543                 LDX     4,U             pointer buf
06FA 308B             (           main.s):01544                 LEAX    D,X             add offset
06FC E6E0             (           main.s):01545                 LDB     ,S+
06FE E784             (           main.s):01546                 STB     ,X
                      (           main.s):01547         * Line main.c:307: assignment: =
0700 C620             (           main.s):01548                 LDB     #$20            decimal 32 signed
0702 3404             (           main.s):01549                 PSHS    B               right side of assignment
0704 EC50             (           main.s):01550                 LDD     -16,U           variable `pos', declared at main.c:307
0706 C30001           (           main.s):01551                 ADDD    #1
0709 ED50             (           main.s):01552                 STD     -16,U
070B 830001           (           main.s):01553                 SUBD    #1              post increment yields initial value
070E AE44             (           main.s):01554                 LDX     4,U             pointer buf
0710 308B             (           main.s):01555                 LEAX    D,X             add offset
0712 E6E0             (           main.s):01556                 LDB     ,S+
0714 E784             (           main.s):01557                 STB     ,X
                      (           main.s):01558         * Line main.c:308: assignment: =
0716 C658             (           main.s):01559                 LDB     #$58            decimal 88 signed
0718 3404             (           main.s):01560                 PSHS    B               right side of assignment
071A EC50             (           main.s):01561                 LDD     -16,U           variable `pos', declared at main.c:308
071C C30001           (           main.s):01562                 ADDD    #1
071F ED50             (           main.s):01563                 STD     -16,U
0721 830001           (           main.s):01564                 SUBD    #1              post increment yields initial value
0724 AE44             (           main.s):01565                 LDX     4,U             pointer buf
0726 308B             (           main.s):01566                 LEAX    D,X             add offset
0728 E6E0             (           main.s):01567                 LDB     ,S+
072A E784             (           main.s):01568                 STB     ,X
                      (           main.s):01569         * Line main.c:309: assignment: =
072C C63A             (           main.s):01570                 LDB     #$3A            decimal 58 signed
072E 3404             (           main.s):01571                 PSHS    B               right side of assignment
0730 EC50             (           main.s):01572                 LDD     -16,U           variable `pos', declared at main.c:309
0732 C30001           (           main.s):01573                 ADDD    #1
0735 ED50             (           main.s):01574                 STD     -16,U
0737 830001           (           main.s):01575                 SUBD    #1              post increment yields initial value
073A AE44             (           main.s):01576                 LDX     4,U             pointer buf
073C 308B             (           main.s):01577                 LEAX    D,X             add offset
073E E6E0             (           main.s):01578                 LDB     ,S+
0740 E784             (           main.s):01579                 STB     ,X
                      (           main.s):01580         * Line main.c:310: function call: int_to_string()
0742 3052             (           main.s):01581                 LEAX    -14,U           address of array `cstr`
0744 1F10             (           main.s):01582                 TFR     X,D             as r-value
                      (           main.s):01583         * Emitted no code to cast `char[]' to `char *'
0746 3406             (           main.s):01584                 PSHS    B,A             C function argument 2 of int_to_string(): char *
0748 EC46             (           main.s):01585                 LDD     6,U             variable `x', declared at main.c:300
074A 3406             (           main.s):01586                 PSHS    B,A             C function argument 1 of int_to_string(): int
074C BD0000           (           main.s):01587                 JSR     _int_to_string
074F 3264             (           main.s):01588                 LEAS    4,S
                      (           main.s):01589         * Line main.c:312: assignment: =
0751 4F               (           main.s):01590                 CLRA
0752 5F               (           main.s):01591                 CLRB
0753 ED5E             (           main.s):01592                 STD     -2,U
                      (           main.s):01593         * Line main.c:313: while
0755 2020             (           main.s):01594                 BRA     L00187          jump to while condition
     0757             (           main.s):01595         L00186  EQU     *               while body
                      (           main.s):01596         * Line main.c:314: assignment: =
0757 EC5E             (           main.s):01597                 LDD     -2,U            variable i
0759 3052             (           main.s):01598                 LEAX    -14,U           address of array cstr
                      (           main.s):01599         * optim: optimizeLoadDX
075B E68B             (           main.s):01600                 LDB     D,X             get r-value (optim: optimizeLoadDX)
075D 3404             (           main.s):01601                 PSHS    B               right side of assignment
075F EC50             (           main.s):01602                 LDD     -16,U           variable `pos', declared at main.c:314
0761 C30001           (           main.s):01603                 ADDD    #1
0764 ED50             (           main.s):01604                 STD     -16,U
0766 830001           (           main.s):01605                 SUBD    #1              post increment yields initial value
0769 AE44             (           main.s):01606                 LDX     4,U             pointer buf
076B 308B             (           main.s):01607                 LEAX    D,X             add offset
076D E6E0             (           main.s):01608                 LDB     ,S+
076F E784             (           main.s):01609                 STB     ,X
                      (           main.s):01610         * Line main.c:315: post-increment
0771 AE5E             (           main.s):01611                 LDX     -2,U            variable `i', declared at main.c:315
0773 3001             (           main.s):01612                 LEAX    1,X
0775 AF5E             (           main.s):01613                 STX     -2,U
     0777             (           main.s):01614         L00187  EQU     *               while condition at main.c:313
0777 EC5E             (           main.s):01615                 LDD     -2,U            variable i
0779 3052             (           main.s):01616                 LEAX    -14,U           address of array cstr
                      (           main.s):01617         * optim: optimizeLoadDX
077B E68B             (           main.s):01618                 LDB     D,X             get r-value (optim: optimizeLoadDX)
                      (           main.s):01619         * optim: loadCmpZeroBeqOrBne
077D 26D8             (           main.s):01620                 BNE     L00186
                      (           main.s):01621         * optim: branchToNextLocation
                      (           main.s):01622         * Useless label L00188 removed
                      (           main.s):01623         * Line main.c:318: assignment: =
077F C620             (           main.s):01624                 LDB     #$20            decimal 32 signed
0781 3404             (           main.s):01625                 PSHS    B               right side of assignment
0783 EC50             (           main.s):01626                 LDD     -16,U           variable `pos', declared at main.c:318
0785 C30001           (           main.s):01627                 ADDD    #1
0788 ED50             (           main.s):01628                 STD     -16,U
078A 830001           (           main.s):01629                 SUBD    #1              post increment yields initial value
078D AE44             (           main.s):01630                 LDX     4,U             pointer buf
078F 308B             (           main.s):01631                 LEAX    D,X             add offset
0791 E6E0             (           main.s):01632                 LDB     ,S+
0793 E784             (           main.s):01633                 STB     ,X
                      (           main.s):01634         * Line main.c:319: assignment: =
0795 C659             (           main.s):01635                 LDB     #$59            decimal 89 signed
0797 3404             (           main.s):01636                 PSHS    B               right side of assignment
0799 EC50             (           main.s):01637                 LDD     -16,U           variable `pos', declared at main.c:319
079B C30001           (           main.s):01638                 ADDD    #1
079E ED50             (           main.s):01639                 STD     -16,U
07A0 830001           (           main.s):01640                 SUBD    #1              post increment yields initial value
07A3 AE44             (           main.s):01641                 LDX     4,U             pointer buf
07A5 308B             (           main.s):01642                 LEAX    D,X             add offset
07A7 E6E0             (           main.s):01643                 LDB     ,S+
07A9 E784             (           main.s):01644                 STB     ,X
                      (           main.s):01645         * Line main.c:320: assignment: =
07AB C63A             (           main.s):01646                 LDB     #$3A            decimal 58 signed
07AD 3404             (           main.s):01647                 PSHS    B               right side of assignment
07AF EC50             (           main.s):01648                 LDD     -16,U           variable `pos', declared at main.c:320
07B1 C30001           (           main.s):01649                 ADDD    #1
07B4 ED50             (           main.s):01650                 STD     -16,U
07B6 830001           (           main.s):01651                 SUBD    #1              post increment yields initial value
07B9 AE44             (           main.s):01652                 LDX     4,U             pointer buf
07BB 308B             (           main.s):01653                 LEAX    D,X             add offset
07BD E6E0             (           main.s):01654                 LDB     ,S+
07BF E784             (           main.s):01655                 STB     ,X
                      (           main.s):01656         * Line main.c:321: function call: int_to_string()
07C1 3052             (           main.s):01657                 LEAX    -14,U           address of array cstr
                      (           main.s):01658         * optim: mergePushXPushD
07C3 EC48             (           main.s):01659                 LDD     8,U             variable `y', declared at main.c:300
07C5 3416             (           main.s):01660                 PSHS    X,B,A           optim: mergePushXPushD
07C7 BD0000           (           main.s):01661                 JSR     _int_to_string
07CA 3264             (           main.s):01662                 LEAS    4,S
                      (           main.s):01663         * Line main.c:323: assignment: =
07CC 4F               (           main.s):01664                 CLRA
07CD 5F               (           main.s):01665                 CLRB
07CE ED5E             (           main.s):01666                 STD     -2,U
                      (           main.s):01667         * Line main.c:324: while
07D0 2020             (           main.s):01668                 BRA     L00190          jump to while condition
     07D2             (           main.s):01669         L00189  EQU     *               while body
                      (           main.s):01670         * Line main.c:325: assignment: =
07D2 EC5E             (           main.s):01671                 LDD     -2,U            variable i
07D4 3052             (           main.s):01672                 LEAX    -14,U           address of array cstr
                      (           main.s):01673         * optim: optimizeLoadDX
07D6 E68B             (           main.s):01674                 LDB     D,X             get r-value (optim: optimizeLoadDX)
07D8 3404             (           main.s):01675                 PSHS    B               right side of assignment
07DA EC50             (           main.s):01676                 LDD     -16,U           variable `pos', declared at main.c:325
07DC C30001           (           main.s):01677                 ADDD    #1
07DF ED50             (           main.s):01678                 STD     -16,U
07E1 830001           (           main.s):01679                 SUBD    #1              post increment yields initial value
07E4 AE44             (           main.s):01680                 LDX     4,U             pointer buf
07E6 308B             (           main.s):01681                 LEAX    D,X             add offset
07E8 E6E0             (           main.s):01682                 LDB     ,S+
07EA E784             (           main.s):01683                 STB     ,X
                      (           main.s):01684         * Line main.c:326: post-increment
07EC AE5E             (           main.s):01685                 LDX     -2,U            variable `i', declared at main.c:326
07EE 3001             (           main.s):01686                 LEAX    1,X
07F0 AF5E             (           main.s):01687                 STX     -2,U
     07F2             (           main.s):01688         L00190  EQU     *               while condition at main.c:324
07F2 EC5E             (           main.s):01689                 LDD     -2,U            variable i
07F4 3052             (           main.s):01690                 LEAX    -14,U           address of array cstr
                      (           main.s):01691         * optim: optimizeLoadDX
07F6 E68B             (           main.s):01692                 LDB     D,X             get r-value (optim: optimizeLoadDX)
                      (           main.s):01693         * optim: loadCmpZeroBeqOrBne
07F8 26D8             (           main.s):01694                 BNE     L00189
                      (           main.s):01695         * optim: branchToNextLocation
                      (           main.s):01696         * Useless label L00191 removed
                      (           main.s):01697         * Line main.c:329: assignment: =
07FA 5F               (           main.s):01698                 CLRB
07FB 3404             (           main.s):01699                 PSHS    B               right side of assignment
07FD EC50             (           main.s):01700                 LDD     -16,U           variable pos
07FF AE44             (           main.s):01701                 LDX     4,U             pointer buf
0801 308B             (           main.s):01702                 LEAX    D,X             add offset
0803 E6E0             (           main.s):01703                 LDB     ,S+
0805 E784             (           main.s):01704                 STB     ,X
                      (           main.s):01705         * Useless label L00047 removed
0807 32C4             (           main.s):01706                 LEAS    ,U
0809 35C0             (           main.s):01707                 PULS    U,PC
                      (           main.s):01708         * END FUNCTION build_rotation_string(): defined at main.c:300
     080B             (           main.s):01709         funcend_build_rotation_string   EQU *
     012B             (           main.s):01710         funcsize_build_rotation_string  EQU     funcend_build_rotation_string-_build_rotation_string
                      (           main.s):01711         _GetSin EXPORT
                      (           main.s):01712         
                      (           main.s):01713         
                      (           main.s):01714         *******************************************************************************
                      (           main.s):01715         
                      (           main.s):01716         * FUNCTION GetSin(): defined at main.c:332
     080B             (           main.s):01717         _GetSin EQU     *
                      (           main.s):01718         * Prototype: void GetSin(int *, unsigned char)
                      (           main.s):01719         * Calling convention: 0 (CMOC Default)
080B 3440             (           main.s):01720                 PSHS    U
080D 33E4             (           main.s):01721                 LEAU    ,S
                      (           main.s):01722         * Formal parameter(s):
                      (           main.s):01723         *      4,U:    2 bytes: out: int *: line 332
                      (           main.s):01724         *      7,U:    1 byte : angle: unsigned char: line 332
                      (           main.s):01725         * Line main.c:334: if
080F E647             (           main.s):01726                 LDB     7,U             variable angle
0811 C140             (           main.s):01727                 CMPB    #$40
0813 240E             (           main.s):01728                 BHS     L00193           (optim: condBranchOverUncondBranch)
                      (           main.s):01729         * optim: condBranchOverUncondBranch
                      (           main.s):01730         * Useless label L00192 removed
                      (           main.s):01731         * Line main.c:334
                      (           main.s):01732         * Line main.c:335: assignment: =
0815 E647             (           main.s):01733                 LDB     7,U             variable angle
0817 8E0000           (           main.s):01734                 LDX     #_sin_table+0   address of array sin_table (optim: removePCRIfRelocatabilityNotSupported)
081A 3A               (           main.s):01735                 ABX                     add unsigned 8-bit offset
081B E684             (           main.s):01736                 LDB     ,X              get r-value
081D 4F               (           main.s):01737                 CLRA
                      (           main.s):01738         * optim: stripUselessPushPull
                      (           main.s):01739         * optim: optimizeLdx
                      (           main.s):01740         * optim: stripUselessPushPull
081E EDD804           (           main.s):01741                 STD     [4,U]           optim: optimizeLdx
0821 2044             (           main.s):01742                 BRA     L00194          jump over else clause
     0823             (           main.s):01743         L00193  EQU     *               else clause of if() started at main.c:334
                      (           main.s):01744         * Line main.c:345
                      (           main.s):01745         * Line main.c:337: if
0823 E647             (           main.s):01746                 LDB     7,U             variable angle
0825 C180             (           main.s):01747                 CMPB    #$80
0827 2410             (           main.s):01748                 BHS     L00196           (optim: condBranchOverUncondBranch)
                      (           main.s):01749         * optim: condBranchOverUncondBranch
                      (           main.s):01750         * Useless label L00195 removed
                      (           main.s):01751         * Line main.c:337
                      (           main.s):01752         * Line main.c:338: assignment: =
                      (           main.s):01753         * optim: optimize8BitStackOps
                      (           main.s):01754         * optim: optimize8BitStackOps
0829 C67F             (           main.s):01755                 LDB     #$7F            decimal 127 signed
082B E047             (           main.s):01756                 SUBB    7,U             optim: optimize8BitStackOps
082D 8E0000           (           main.s):01757                 LDX     #_sin_table+0   address of array sin_table (optim: removePCRIfRelocatabilityNotSupported)
0830 3A               (           main.s):01758                 ABX                     add unsigned 8-bit offset
0831 E684             (           main.s):01759                 LDB     ,X              get r-value
0833 4F               (           main.s):01760                 CLRA
                      (           main.s):01761         * optim: stripUselessPushPull
                      (           main.s):01762         * optim: optimizeLdx
                      (           main.s):01763         * optim: stripUselessPushPull
0834 EDD804           (           main.s):01764                 STD     [4,U]           optim: optimizeLdx
0837 202E             (           main.s):01765                 BRA     L00197          jump over else clause
     0839             (           main.s):01766         L00196  EQU     *               else clause of if() started at main.c:337
                      (           main.s):01767         * Line main.c:345
                      (           main.s):01768         * Line main.c:340: if
0839 E647             (           main.s):01769                 LDB     7,U             variable angle
083B C1C0             (           main.s):01770                 CMPB    #$C0
083D 2415             (           main.s):01771                 BHS     L00199           (optim: condBranchOverUncondBranch)
                      (           main.s):01772         * optim: condBranchOverUncondBranch
                      (           main.s):01773         * Useless label L00198 removed
                      (           main.s):01774         * Line main.c:340
                      (           main.s):01775         * Line main.c:341: assignment: =
083F E647             (           main.s):01776                 LDB     7,U             variable angle
0841 CB80             (           main.s):01777                 ADDB    #$80            128
0843 8E0000           (           main.s):01778                 LDX     #_sin_table+0   address of array sin_table (optim: removePCRIfRelocatabilityNotSupported)
0846 3A               (           main.s):01779                 ABX                     add unsigned 8-bit offset
0847 E684             (           main.s):01780                 LDB     ,X              get r-value
0849 4F               (           main.s):01781                 CLRA                    promotion of binary operand
084A 3406             (           main.s):01782                 PSHS    B,A             operands of subtraction are not both byte-sized
                      (           main.s):01783         * optim: stripExtraClrA_B
084C 5F               (           main.s):01784                 CLRB
084D A3E1             (           main.s):01785                 SUBD    ,S++
                      (           main.s):01786         * optim: stripUselessPushPull
                      (           main.s):01787         * optim: optimizeLdx
                      (           main.s):01788         * optim: stripUselessPushPull
084F EDD804           (           main.s):01789                 STD     [4,U]           optim: optimizeLdx
0852 2013             (           main.s):01790                 BRA     L00200          jump over else clause
     0854             (           main.s):01791         L00199  EQU     *               else clause of if() started at main.c:340
                      (           main.s):01792         * Line main.c:343
                      (           main.s):01793         * Line main.c:344: assignment: =
0854 C6FF             (           main.s):01794                 LDB     #$FF            variable `angle', declared at main.c:332 (optim: negbToSubb)
                      (           main.s):01795         * optim: removePushBBeforeSubB
                      (           main.s):01796         * optim: negbToSubb
0856 E047             (           main.s):01797                 SUBB    7,U             optim: removePushBBeforeSubB (optim: negbToSubb)
0858 8E0000           (           main.s):01798                 LDX     #_sin_table+0   address of array sin_table (optim: removePCRIfRelocatabilityNotSupported)
085B 3A               (           main.s):01799                 ABX                     add unsigned 8-bit offset
085C E684             (           main.s):01800                 LDB     ,X              get r-value
085E 4F               (           main.s):01801                 CLRA                    promotion of binary operand
085F 3406             (           main.s):01802                 PSHS    B,A             operands of subtraction are not both byte-sized
                      (           main.s):01803         * optim: stripExtraClrA_B
0861 5F               (           main.s):01804                 CLRB
0862 A3E1             (           main.s):01805                 SUBD    ,S++
                      (           main.s):01806         * optim: stripUselessPushPull
                      (           main.s):01807         * optim: optimizeLdx
                      (           main.s):01808         * optim: stripUselessPushPull
0864 EDD804           (           main.s):01809                 STD     [4,U]           optim: optimizeLdx
     0867             (           main.s):01810         L00200  EQU     *               end of if() started at main.c:340
     0867             (           main.s):01811         L00197  EQU     *               end of if() started at main.c:337
     0867             (           main.s):01812         L00194  EQU     *               end of if() started at main.c:334
                      (           main.s):01813         * Useless label L00048 removed
0867 32C4             (           main.s):01814                 LEAS    ,U
0869 35C0             (           main.s):01815                 PULS    U,PC
                      (           main.s):01816         * END FUNCTION GetSin(): defined at main.c:332
     086B             (           main.s):01817         funcend_GetSin  EQU *
     0060             (           main.s):01818         funcsize_GetSin EQU     funcend_GetSin-_GetSin
                      (           main.s):01819         _UpdateDirections       EXPORT
                      (           main.s):01820         
                      (           main.s):01821         
                      (           main.s):01822         *******************************************************************************
                      (           main.s):01823         
                      (           main.s):01824         * FUNCTION UpdateDirections(): defined at main.c:348
     086B             (           main.s):01825         _UpdateDirections       EQU     *
                      (           main.s):01826         * Prototype: void UpdateDirections(...)
                      (           main.s):01827         * Calling convention: 0 (CMOC Default)
086B 3440             (           main.s):01828                 PSHS    U
086D 33E4             (           main.s):01829                 LEAU    ,S
086F 327E             (           main.s):01830                 LEAS    -2,S
                      (           main.s):01831         * Local non-static variable(s):
                      (           main.s):01832         *     -2,U:    1 byte : anglev: unsigned char: line 351
                      (           main.s):01833         *     -1,U:    1 byte : angleu: unsigned char: line 352
                      (           main.s):01834         * Line main.c:351: init of variable anglev
0871 FC0000           (           main.s):01835                 LDD     _playerrotation+0       member x of AnonStruct_main.c:20, via variable playerrotation (optim: removePCRIfRelocatabilityNotSupported)
0874 C30080           (           main.s):01836                 ADDD    #128            add right side
                      (           main.s):01837         * Cast from `int' to byte: result already in B
0877 E75E             (           main.s):01838                 STB     -2,U            variable anglev
                      (           main.s):01839         * Line main.c:352: init of variable angleu
0879 FC0000           (           main.s):01840                 LDD     _playerrotation+2       member y of AnonStruct_main.c:20, via variable playerrotation (optim: removePCRIfRelocatabilityNotSupported)
                      (           main.s):01841         * Cast from `int' to byte: result already in B
087C E75F             (           main.s):01842                 STB     -1,U            variable angleu
                      (           main.s):01843         * Line main.c:353: function call: GetSin()
087E E65E             (           main.s):01844                 LDB     -2,U            variable `anglev', declared at main.c:351
0880 4F               (           main.s):01845                 CLRA                    promoting byte argument to word
0881 3406             (           main.s):01846                 PSHS    B,A             C function argument 2 of GetSin(): unsigned char
0883 8E0000           (           main.s):01847                 LDX     #_sinv+0        variable `sinv', declared at main.c:64 (optim: removePCRIfRelocatabilityNotSupported)
0886 3410             (           main.s):01848                 PSHS    X               C function argument 1 of GetSin(): int *
0888 BD0000           (           main.s):01849                 JSR     _GetSin
088B 3264             (           main.s):01850                 LEAS    4,S
                      (           main.s):01851         * Line main.c:354: function call: GetSin()
088D E65E             (           main.s):01852                 LDB     -2,U            variable anglev
088F CB40             (           main.s):01853                 ADDB    #$40            64
0891 4F               (           main.s):01854                 CLRA                    promoting byte argument to word
0892 3406             (           main.s):01855                 PSHS    B,A             C function argument 2 of GetSin(): unsigned char
0894 8E0000           (           main.s):01856                 LDX     #_cosv+0        variable `cosv', declared at main.c:64 (optim: removePCRIfRelocatabilityNotSupported)
0897 3410             (           main.s):01857                 PSHS    X               C function argument 1 of GetSin(): int *
0899 BD0000           (           main.s):01858                 JSR     _GetSin
089C 3264             (           main.s):01859                 LEAS    4,S
                      (           main.s):01860         * Line main.c:356: function call: GetSin()
089E E65F             (           main.s):01861                 LDB     -1,U            variable `angleu', declared at main.c:352
08A0 4F               (           main.s):01862                 CLRA                    promoting byte argument to word
08A1 3406             (           main.s):01863                 PSHS    B,A             C function argument 2 of GetSin(): unsigned char
08A3 8E0000           (           main.s):01864                 LDX     #_sinu+0        variable `sinu', declared at main.c:64 (optim: removePCRIfRelocatabilityNotSupported)
08A6 3410             (           main.s):01865                 PSHS    X               C function argument 1 of GetSin(): int *
08A8 BD0000           (           main.s):01866                 JSR     _GetSin
08AB 3264             (           main.s):01867                 LEAS    4,S
                      (           main.s):01868         * Line main.c:357: function call: GetSin()
08AD E65F             (           main.s):01869                 LDB     -1,U            variable angleu
08AF CB40             (           main.s):01870                 ADDB    #$40            64
08B1 4F               (           main.s):01871                 CLRA                    promoting byte argument to word
08B2 3406             (           main.s):01872                 PSHS    B,A             C function argument 2 of GetSin(): unsigned char
08B4 8E0000           (           main.s):01873                 LDX     #_cosu+0        variable `cosu', declared at main.c:64 (optim: removePCRIfRelocatabilityNotSupported)
08B7 3410             (           main.s):01874                 PSHS    X               C function argument 1 of GetSin(): int *
08B9 BD0000           (           main.s):01875                 JSR     _GetSin
                      (           main.s):01876         * optim: removeUnneededLEAS
                      (           main.s):01877         * Useless label L00049 removed
08BC 32C4             (           main.s):01878                 LEAS    ,U
08BE 35C0             (           main.s):01879                 PULS    U,PC
                      (           main.s):01880         * END FUNCTION UpdateDirections(): defined at main.c:348
     08C0             (           main.s):01881         funcend_UpdateDirections        EQU *
     0055             (           main.s):01882         funcsize_UpdateDirections       EQU     funcend_UpdateDirections-_UpdateDirections
                      (           main.s):01883         _MovePlayer     EXPORT
                      (           main.s):01884         
                      (           main.s):01885         
                      (           main.s):01886         *******************************************************************************
                      (           main.s):01887         
                      (           main.s):01888         * FUNCTION MovePlayer(): defined at main.c:360
     08C0             (           main.s):01889         _MovePlayer     EQU     *
                      (           main.s):01890         * Prototype: void MovePlayer(char, unsigned char)
                      (           main.s):01891         * Calling convention: 0 (CMOC Default)
08C0 3440             (           main.s):01892                 PSHS    U
08C2 33E4             (           main.s):01893                 LEAU    ,S
08C4 3270             (           main.s):01894                 LEAS    -16,S
                      (           main.s):01895         * Formal parameter(s):
                      (           main.s):01896         *      5,U:    1 byte : dist: char: line 360
                      (           main.s):01897         *      7,U:    1 byte : move_angle: unsigned char: line 360
                      (           main.s):01898         * Local non-static variable(s):
                      (           main.s):01899         *    -16,U:    4 bytes: $V00083: long: line 361
                      (           main.s):01900         *    -12,U:    4 bytes: $V00084: long: line 361
                      (           main.s):01901         *     -8,U:    4 bytes: $V00085: long: line 362
                      (           main.s):01902         *     -4,U:    4 bytes: $V00086: long: line 362
                      (           main.s):01903         * Line main.c:361: assignment: +=
                      (           main.s):01904         * Push right operand of add.
                      (           main.s):01905         * Push right operand of mul.
08C6 FC0000           (           main.s):01906                 LDD     _cosv+0         variable `cosv', declared at main.c:64 (optim: removePCRIfRelocatabilityNotSupported)
08C9 3406             (           main.s):01907                 PSHS    B,A
                      (           main.s):01908         * Push left operand of mul.
08CB E645             (           main.s):01909                 LDB     5,U             variable `dist', declared at main.c:360
08CD 1D               (           main.s):01910                 SEX                     promote to word
08CE 3054             (           main.s):01911                 LEAX    -12,U           destination of cast
08D0 170000           (           main.s):01912                 LBSR    initDWordFromSignedWord
08D3 3410             (           main.s):01913                 PSHS    X
08D5 3050             (           main.s):01914                 LEAX    -16,U           temporary destination, type long
08D7 170000           (           main.s):01915                 LBSR    mulDWordInt     preserves X
08DA 3264             (           main.s):01916                 LEAS    4,S
08DC 3410             (           main.s):01917                 PSHS    X
                      (           main.s):01918         * Push left operand of add.
08DE 8E0000           (           main.s):01919                 LDX     #_decimalz+0    variable `decimalz', declared at main.c:61 (optim: removePCRIfRelocatabilityNotSupported)
08E1 3410             (           main.s):01920                 PSHS    X
08E3 170000           (           main.s):01921                 LBSR    addDWordDWord   preserves X
08E6 3264             (           main.s):01922                 LEAS    4,S
                      (           main.s):01923         * Line main.c:362: assignment: +=
                      (           main.s):01924         * Push right operand of add.
                      (           main.s):01925         * Push right operand of mul.
08E8 FC0000           (           main.s):01926                 LDD     _sinv+0         variable `sinv', declared at main.c:64 (optim: removePCRIfRelocatabilityNotSupported)
08EB 3406             (           main.s):01927                 PSHS    B,A
                      (           main.s):01928         * Push left operand of mul.
08ED E645             (           main.s):01929                 LDB     5,U             variable `dist', declared at main.c:360
08EF 1D               (           main.s):01930                 SEX                     promote to word
08F0 305C             (           main.s):01931                 LEAX    -4,U            destination of cast
08F2 170000           (           main.s):01932                 LBSR    initDWordFromSignedWord
08F5 3410             (           main.s):01933                 PSHS    X
08F7 3058             (           main.s):01934                 LEAX    -8,U            temporary destination, type long
08F9 170000           (           main.s):01935                 LBSR    mulDWordInt     preserves X
08FC 3264             (           main.s):01936                 LEAS    4,S
08FE 3410             (           main.s):01937                 PSHS    X
                      (           main.s):01938         * Push left operand of add.
0900 8E0000           (           main.s):01939                 LDX     #_decimalx+0    variable `decimalx', declared at main.c:60 (optim: removePCRIfRelocatabilityNotSupported)
0903 3410             (           main.s):01940                 PSHS    X
0905 170000           (           main.s):01941                 LBSR    addDWordDWord   preserves X
0908 3264             (           main.s):01942                 LEAS    4,S
                      (           main.s):01943         * Line main.c:364: while
090A 201C             (           main.s):01944                 BRA     L00202          jump to while condition
     090C             (           main.s):01945         L00201  EQU     *               while body
                      (           main.s):01946         * Line main.c:364: assignment: -=
                      (           main.s):01947         * Push right operand of sub.
090C 4F               (           main.s):01948                 CLRA
090D C6FF             (           main.s):01949                 LDB     #$FF            decimal 255 signed
090F 3406             (           main.s):01950                 PSHS    B,A
                      (           main.s):01951         * Push left operand of sub.
0911 8E0000           (           main.s):01952                 LDX     #_decimalz+0    variable `decimalz', declared at main.c:61 (optim: removePCRIfRelocatabilityNotSupported)
0914 3410             (           main.s):01953                 PSHS    X
0916 170000           (           main.s):01954                 LBSR    subDWordInt     preserves X
0919 3264             (           main.s):01955                 LEAS    4,S
                      (           main.s):01956         * Line main.c:364: assignment: +=
091B 4F               (           main.s):01957                 CLRA
091C C601             (           main.s):01958                 LDB     #$01            decimal 1 signed
                      (           main.s):01959         * PSHS B,A optim: optimizeStackOperations1
091E 8E0000           (           main.s):01960                 LDX     #_playerposition+4      member z of AnonStruct_main.c:30, via variable playerposition (optim: removePCRIfRelocatabilityNotSupported)
0921 EC84             (           main.s):01961                 LDD     ,X
0923 C30001           (           main.s):01962                 ADDD    #1              optim: optimizeStackOperations1
0926 ED84             (           main.s):01963                 STD     ,X
     0928             (           main.s):01964         L00202  EQU     *               while condition at main.c:364
                      (           main.s):01965         * push right operand of comparison
0928 4F               (           main.s):01966                 CLRA
0929 C6FF             (           main.s):01967                 LDB     #$FF            decimal 255 signed
092B 3406             (           main.s):01968                 PSHS    B,A
                      (           main.s):01969         * push left operand of comparison
092D 8E0000           (           main.s):01970                 LDX     #_decimalz+0    variable `decimalz', declared at main.c:61 (optim: removePCRIfRelocatabilityNotSupported)
0930 3410             (           main.s):01971                 PSHS    X
0932 170000           (           main.s):01972                 LBSR    cmpDWordSignedInt       sets N, Z, V, C; preserves X
0935 3264             (           main.s):01973                 LEAS    4,S
0937 2ED3             (           main.s):01974                 BGT     L00201
                      (           main.s):01975         * optim: branchToNextLocation
                      (           main.s):01976         * Useless label L00203 removed
                      (           main.s):01977         * Line main.c:365: while
0939 201C             (           main.s):01978                 BRA     L00205          jump to while condition
     093B             (           main.s):01979         L00204  EQU     *               while body
                      (           main.s):01980         * Line main.c:365: assignment: -=
                      (           main.s):01981         * Push right operand of sub.
093B 4F               (           main.s):01982                 CLRA
093C C6FF             (           main.s):01983                 LDB     #$FF            decimal 255 signed
093E 3406             (           main.s):01984                 PSHS    B,A
                      (           main.s):01985         * Push left operand of sub.
0940 8E0000           (           main.s):01986                 LDX     #_decimalx+0    variable `decimalx', declared at main.c:60 (optim: removePCRIfRelocatabilityNotSupported)
0943 3410             (           main.s):01987                 PSHS    X
0945 170000           (           main.s):01988                 LBSR    subDWordInt     preserves X
0948 3264             (           main.s):01989                 LEAS    4,S
                      (           main.s):01990         * Line main.c:365: assignment: +=
094A 4F               (           main.s):01991                 CLRA
094B C601             (           main.s):01992                 LDB     #$01            decimal 1 signed
                      (           main.s):01993         * PSHS B,A optim: optimizeStackOperations1
094D 8E0000           (           main.s):01994                 LDX     #_playerposition+0      member x of AnonStruct_main.c:30, via variable playerposition (optim: removePCRIfRelocatabilityNotSupported)
0950 EC84             (           main.s):01995                 LDD     ,X
0952 C30001           (           main.s):01996                 ADDD    #1              optim: optimizeStackOperations1
0955 ED84             (           main.s):01997                 STD     ,X
     0957             (           main.s):01998         L00205  EQU     *               while condition at main.c:365
                      (           main.s):01999         * push right operand of comparison
0957 4F               (           main.s):02000                 CLRA
0958 C6FF             (           main.s):02001                 LDB     #$FF            decimal 255 signed
095A 3406             (           main.s):02002                 PSHS    B,A
                      (           main.s):02003         * push left operand of comparison
095C 8E0000           (           main.s):02004                 LDX     #_decimalx+0    variable `decimalx', declared at main.c:60 (optim: removePCRIfRelocatabilityNotSupported)
095F 3410             (           main.s):02005                 PSHS    X
0961 170000           (           main.s):02006                 LBSR    cmpDWordSignedInt       sets N, Z, V, C; preserves X
0964 3264             (           main.s):02007                 LEAS    4,S
0966 2ED3             (           main.s):02008                 BGT     L00204
                      (           main.s):02009         * optim: branchToNextLocation
                      (           main.s):02010         * Useless label L00206 removed
                      (           main.s):02011         * Line main.c:366: while
0968 201C             (           main.s):02012                 BRA     L00208          jump to while condition
     096A             (           main.s):02013         L00207  EQU     *               while body
                      (           main.s):02014         * Line main.c:366: assignment: +=
                      (           main.s):02015         * Push right operand of add.
096A 4F               (           main.s):02016                 CLRA
096B C6FF             (           main.s):02017                 LDB     #$FF            decimal 255 signed
096D 3406             (           main.s):02018                 PSHS    B,A
                      (           main.s):02019         * Push left operand of add.
096F 8E0000           (           main.s):02020                 LDX     #_decimalx+0    variable `decimalx', declared at main.c:60 (optim: removePCRIfRelocatabilityNotSupported)
0972 3410             (           main.s):02021                 PSHS    X
0974 170000           (           main.s):02022                 LBSR    addDWordInt     preserves X
0977 3264             (           main.s):02023                 LEAS    4,S
                      (           main.s):02024         * Line main.c:366: assignment: -=
0979 4F               (           main.s):02025                 CLRA
097A C601             (           main.s):02026                 LDB     #$01            decimal 1 signed
                      (           main.s):02027         * PSHS B,A optim: optimizeStackOperations1
097C 8E0000           (           main.s):02028                 LDX     #_playerposition+0      member x of AnonStruct_main.c:30, via variable playerposition (optim: removePCRIfRelocatabilityNotSupported)
097F EC84             (           main.s):02029                 LDD     ,X
0981 830001           (           main.s):02030                 SUBD    #1              optim: optimizeStackOperations1
0984 ED84             (           main.s):02031                 STD     ,X
     0986             (           main.s):02032         L00208  EQU     *               while condition at main.c:366
                      (           main.s):02033         * push right operand of comparison
0986 CCFF01           (           main.s):02034                 LDD     #$FF01          constant expression: 65281 decimal, signed
0989 3406             (           main.s):02035                 PSHS    B,A
                      (           main.s):02036         * push left operand of comparison
098B 8E0000           (           main.s):02037                 LDX     #_decimalx+0    variable `decimalx', declared at main.c:60 (optim: removePCRIfRelocatabilityNotSupported)
098E 3410             (           main.s):02038                 PSHS    X
0990 170000           (           main.s):02039                 LBSR    cmpDWordSignedInt       sets N, Z, V, C; preserves X
0993 3264             (           main.s):02040                 LEAS    4,S
0995 2DD3             (           main.s):02041                 BLT     L00207
                      (           main.s):02042         * optim: branchToNextLocation
                      (           main.s):02043         * Useless label L00209 removed
                      (           main.s):02044         * Line main.c:367: while
0997 201C             (           main.s):02045                 BRA     L00211          jump to while condition
     0999             (           main.s):02046         L00210  EQU     *               while body
                      (           main.s):02047         * Line main.c:367: assignment: +=
                      (           main.s):02048         * Push right operand of add.
0999 4F               (           main.s):02049                 CLRA
099A C6FF             (           main.s):02050                 LDB     #$FF            decimal 255 signed
099C 3406             (           main.s):02051                 PSHS    B,A
                      (           main.s):02052         * Push left operand of add.
099E 8E0000           (           main.s):02053                 LDX     #_decimalz+0    variable `decimalz', declared at main.c:61 (optim: removePCRIfRelocatabilityNotSupported)
09A1 3410             (           main.s):02054                 PSHS    X
09A3 170000           (           main.s):02055                 LBSR    addDWordInt     preserves X
09A6 3264             (           main.s):02056                 LEAS    4,S
                      (           main.s):02057         * Line main.c:367: assignment: -=
09A8 4F               (           main.s):02058                 CLRA
09A9 C601             (           main.s):02059                 LDB     #$01            decimal 1 signed
                      (           main.s):02060         * PSHS B,A optim: optimizeStackOperations1
09AB 8E0000           (           main.s):02061                 LDX     #_playerposition+4      member z of AnonStruct_main.c:30, via variable playerposition (optim: removePCRIfRelocatabilityNotSupported)
09AE EC84             (           main.s):02062                 LDD     ,X
09B0 830001           (           main.s):02063                 SUBD    #1              optim: optimizeStackOperations1
09B3 ED84             (           main.s):02064                 STD     ,X
     09B5             (           main.s):02065         L00211  EQU     *               while condition at main.c:367
                      (           main.s):02066         * push right operand of comparison
09B5 CCFF01           (           main.s):02067                 LDD     #$FF01          constant expression: 65281 decimal, signed
09B8 3406             (           main.s):02068                 PSHS    B,A
                      (           main.s):02069         * push left operand of comparison
09BA 8E0000           (           main.s):02070                 LDX     #_decimalz+0    variable `decimalz', declared at main.c:61 (optim: removePCRIfRelocatabilityNotSupported)
09BD 3410             (           main.s):02071                 PSHS    X
09BF 170000           (           main.s):02072                 LBSR    cmpDWordSignedInt       sets N, Z, V, C; preserves X
09C2 3264             (           main.s):02073                 LEAS    4,S
09C4 2DD3             (           main.s):02074                 BLT     L00210
                      (           main.s):02075         * optim: branchToNextLocation
                      (           main.s):02076         * Useless label L00212 removed
                      (           main.s):02077         * Useless label L00050 removed
09C6 32C4             (           main.s):02078                 LEAS    ,U
09C8 35C0             (           main.s):02079                 PULS    U,PC
                      (           main.s):02080         * END FUNCTION MovePlayer(): defined at main.c:360
     09CA             (           main.s):02081         funcend_MovePlayer      EQU *
     010A             (           main.s):02082         funcsize_MovePlayer     EQU     funcend_MovePlayer-_MovePlayer
                      (           main.s):02083         _project_point  EXPORT
                      (           main.s):02084         
                      (           main.s):02085         
                      (           main.s):02086         *******************************************************************************
                      (           main.s):02087         
                      (           main.s):02088         * FUNCTION project_point(): defined at main.c:370
     09CA             (           main.s):02089         _project_point  EQU     *
                      (           main.s):02090         * Prototype: void project_point(struct AnonStruct_main.c:20 *, char, char, char)
                      (           main.s):02091         * Calling convention: 0 (CMOC Default)
09CA 3440             (           main.s):02092                 PSHS    U
09CC 33E4             (           main.s):02093                 LEAU    ,S
09CE 32E9FF66         (           main.s):02094                 LEAS    -154,S
                      (           main.s):02095         * Formal parameter(s):
                      (           main.s):02096         *      4,U:    2 bytes: out: struct AnonStruct_main.c:20 *: line 370
                      (           main.s):02097         *      7,U:    1 byte : c_dz: char: line 370
                      (           main.s):02098         *      9,U:    1 byte : c_dy: char: line 370
                      (           main.s):02099         *     11,U:    1 byte : c_dx: char: line 370
                      (           main.s):02100         * Local non-static variable(s):
                      (           main.s):02101         *   -154,U:    1 byte : c_dz_grid: char: line 373
                      (           main.s):02102         *   -153,U:    1 byte : c_dx_grid: char: line 375
                      (           main.s):02103         *   -152,U:    4 bytes: r1z_pt1: long: line 378
                      (           main.s):02104         *   -148,U:    4 bytes: r1z_pt2: long: line 384
                      (           main.s):02105         *   -144,U:    4 bytes: r1z: long: line 390
                      (           main.s):02106         *   -140,U:    4 bytes: r1x_pt1: long: line 392
                      (           main.s):02107         *   -136,U:    4 bytes: r1x_pt2: long: line 398
                      (           main.s):02108         *   -132,U:    4 bytes: r1x: long: line 404
                      (           main.s):02109         *   -128,U:    4 bytes: r2y: long: line 406
                      (           main.s):02110         *   -124,U:    4 bytes: r2z: long: line 407
                      (           main.s):02111         *   -120,U:    2 bytes: r2zShift: int: line 409
                      (           main.s):02112         *   -118,U:    1 byte : neg_fx: char: line 417
                      (           main.s):02113         *   -117,U:    4 bytes: fx_o: unsigned long: line 418
                      (           main.s):02114         *   -113,U:    2 bytes: fx: int: line 419
                      (           main.s):02115         *   -111,U:    1 byte : neg_fy: char: line 421
                      (           main.s):02116         *   -110,U:    4 bytes: fy_o: unsigned long: line 422
                      (           main.s):02117         *   -106,U:    2 bytes: fy: int: line 423
                      (           main.s):02118         *   -104,U:    4 bytes: $V00087: long: line 382
                      (           main.s):02119         *   -100,U:    4 bytes: $V00088: long: line 388
                      (           main.s):02120         *    -96,U:    4 bytes: $V00089: long: line 390
                      (           main.s):02121         *    -92,U:    4 bytes: $V00090: long: line 396
                      (           main.s):02122         *    -88,U:    4 bytes: $V00091: long: line 402
                      (           main.s):02123         *    -84,U:    4 bytes: $V00092: long: line 404
                      (           main.s):02124         *    -80,U:    4 bytes: $V00093: long: line 406
                      (           main.s):02125         *    -76,U:    4 bytes: $V00094: long: line 406
                      (           main.s):02126         *    -72,U:    4 bytes: $V00095: long: line 406
                      (           main.s):02127         *    -68,U:    4 bytes: $V00096: long: line 406
                      (           main.s):02128         *    -64,U:    4 bytes: $V00097: long: line 406
                      (           main.s):02129         *    -60,U:    4 bytes: $V00098: long: line 407
                      (           main.s):02130         *    -56,U:    4 bytes: $V00099: long: line 407
                      (           main.s):02131         *    -52,U:    4 bytes: $V00100: long: line 407
                      (           main.s):02132         *    -48,U:    4 bytes: $V00101: long: line 407
                      (           main.s):02133         *    -44,U:    4 bytes: $V00102: long: line 407
                      (           main.s):02134         *    -40,U:    4 bytes: $V00103: long: line 409
                      (           main.s):02135         *    -36,U:    4 bytes: $V00104: unsigned long: line 418
                      (           main.s):02136         *    -32,U:    4 bytes: $V00105: long: line 418
                      (           main.s):02137         *    -28,U:    4 bytes: $V00106: long: line 418
                      (           main.s):02138         *    -24,U:    4 bytes: $V00107: unsigned long: line 419
                      (           main.s):02139         *    -20,U:    4 bytes: $V00108: unsigned long: line 422
                      (           main.s):02140         *    -16,U:    4 bytes: $V00109: long: line 422
                      (           main.s):02141         *    -12,U:    4 bytes: $V00110: long: line 422
                      (           main.s):02142         *     -8,U:    4 bytes: $V00111: long: line 422
                      (           main.s):02143         *     -4,U:    4 bytes: $V00112: unsigned long: line 423
                      (           main.s):02144         * Line main.c:373: init of variable c_dz_grid
09D2 E647             (           main.s):02145                 LDB     7,U             variable `c_dz', declared at main.c:370
09D4 57               (           main.s):02146                 ASRB
09D5 57               (           main.s):02147                 ASRB
09D6 57               (           main.s):02148                 ASRB
09D7 E7C9FF66         (           main.s):02149                 STB     -154,U          variable c_dz_grid
                      (           main.s):02150         * Line main.c:374: if
                      (           main.s):02151         * optim: storeLoad
09DB C100             (           main.s):02152                 CMPB    #$00
09DD 2C09             (           main.s):02153                 BGE     L00214           (optim: condBranchOverUncondBranch)
                      (           main.s):02154         * optim: condBranchOverUncondBranch
                      (           main.s):02155         * Useless label L00213 removed
                      (           main.s):02156         * Line main.c:374
                      (           main.s):02157         * Line main.c:374: assignment: =
09DF E6C9FF66         (           main.s):02158                 LDB     -154,U          variable `c_dz_grid', declared at main.c:373
09E3 50               (           main.s):02159                 NEGB
09E4 E7C9FF66         (           main.s):02160                 STB     -154,U
     09E8             (           main.s):02161         L00214  EQU     *               else clause of if() started at main.c:374
                      (           main.s):02162         * Useless label L00215 removed
                      (           main.s):02163         * Line main.c:375: init of variable c_dx_grid
09E8 E64B             (           main.s):02164                 LDB     11,U            variable `c_dx', declared at main.c:370
09EA 57               (           main.s):02165                 ASRB
09EB 57               (           main.s):02166                 ASRB
09EC 57               (           main.s):02167                 ASRB
09ED E7C9FF67         (           main.s):02168                 STB     -153,U          variable c_dx_grid
                      (           main.s):02169         * Line main.c:376: if
                      (           main.s):02170         * optim: storeLoad
09F1 C100             (           main.s):02171                 CMPB    #$00
09F3 2C09             (           main.s):02172                 BGE     L00217           (optim: condBranchOverUncondBranch)
                      (           main.s):02173         * optim: condBranchOverUncondBranch
                      (           main.s):02174         * Useless label L00216 removed
                      (           main.s):02175         * Line main.c:376
                      (           main.s):02176         * Line main.c:376: assignment: =
09F5 E6C9FF67         (           main.s):02177                 LDB     -153,U          variable `c_dx_grid', declared at main.c:375
09F9 50               (           main.s):02178                 NEGB
09FA E7C9FF67         (           main.s):02179                 STB     -153,U
     09FE             (           main.s):02180         L00217  EQU     *               else clause of if() started at main.c:376
                      (           main.s):02181         * Useless label L00218 removed
                      (           main.s):02182         * Line main.c:378: init of variable r1z_pt1
                      (           main.s):02183         * Line main.c:382: function call: get_cached_mul8()
09FE E6C9FF67         (           main.s):02184                 LDB     -153,U          variable c_dx_grid
0A02 1D               (           main.s):02185                 SEX                     index expression is of byte type
0A03 58               (           main.s):02186                 LSLB
0A04 49               (           main.s):02187                 ROLA
0A05 8E0000           (           main.s):02188                 LDX     #_dxSinCache+0  address of array dxSinCache (optim: removePCRIfRelocatabilityNotSupported)
0A08 308B             (           main.s):02189                 LEAX    D,X             add offset
                      (           main.s):02190         * optim: mergePushXPushD
0A0A FC0000           (           main.s):02191                 LDD     _sinv+0         variable `sinv', declared at main.c:64 (optim: removePCRIfRelocatabilityNotSupported)
0A0D 3416             (           main.s):02192                 PSHS    X,B,A           optim: mergePushXPushD
0A0F E64B             (           main.s):02193                 LDB     11,U            variable `c_dx', declared at main.c:370
0A11 1D               (           main.s):02194                 SEX                     promoting byte argument to word
0A12 3406             (           main.s):02195                 PSHS    B,A             C function argument 1 of get_cached_mul8(): char
0A14 30C898           (           main.s):02196                 LEAX    -104,U          address of struct/union to be returned by get_cached_mul8()
0A17 3410             (           main.s):02197                 PSHS    X               hidden argument
0A19 BD0000           (           main.s):02198                 JSR     _get_cached_mul8
0A1C 3268             (           main.s):02199                 LEAS    8,S
0A1E 30C898           (           main.s):02200                 LEAX    -104,U          address of struct/union returned by get_cached_mul8()
0A21 1F10             (           main.s):02201                 TFR     X,D             address of source number
0A23 30C9FF68         (           main.s):02202                 LEAX    -152,U          variable r1z_pt1
0A27 170000           (           main.s):02203                 LBSR    copyDWord
                      (           main.s):02204         * Line main.c:384: init of variable r1z_pt2
                      (           main.s):02205         * Line main.c:388: function call: get_cached_mul8()
0A2A E6C9FF66         (           main.s):02206                 LDB     -154,U          variable c_dz_grid
0A2E 1D               (           main.s):02207                 SEX                     index expression is of byte type
0A2F 58               (           main.s):02208                 LSLB
0A30 49               (           main.s):02209                 ROLA
0A31 8E0000           (           main.s):02210                 LDX     #_dzCosCache+0  address of array dzCosCache (optim: removePCRIfRelocatabilityNotSupported)
0A34 308B             (           main.s):02211                 LEAX    D,X             add offset
                      (           main.s):02212         * optim: mergePushXPushD
0A36 FC0000           (           main.s):02213                 LDD     _cosv+0         variable `cosv', declared at main.c:64 (optim: removePCRIfRelocatabilityNotSupported)
0A39 3416             (           main.s):02214                 PSHS    X,B,A           optim: mergePushXPushD
0A3B E647             (           main.s):02215                 LDB     7,U             variable `c_dz', declared at main.c:370
0A3D 1D               (           main.s):02216                 SEX                     promoting byte argument to word
0A3E 3406             (           main.s):02217                 PSHS    B,A             C function argument 1 of get_cached_mul8(): char
0A40 30C89C           (           main.s):02218                 LEAX    -100,U          address of struct/union to be returned by get_cached_mul8()
0A43 3410             (           main.s):02219                 PSHS    X               hidden argument
0A45 BD0000           (           main.s):02220                 JSR     _get_cached_mul8
0A48 3268             (           main.s):02221                 LEAS    8,S
0A4A 30C89C           (           main.s):02222                 LEAX    -100,U          address of struct/union returned by get_cached_mul8()
0A4D 1F10             (           main.s):02223                 TFR     X,D             address of source number
0A4F 30C9FF6C         (           main.s):02224                 LEAX    -148,U          variable r1z_pt2
0A53 170000           (           main.s):02225                 LBSR    copyDWord
                      (           main.s):02226         * Line main.c:390: init of variable r1z
                      (           main.s):02227         * Push right operand of add.
0A56 30C9FF6C         (           main.s):02228                 LEAX    -148,U          variable `r1z_pt2', declared at main.c:384
0A5A 3410             (           main.s):02229                 PSHS    X
                      (           main.s):02230         * Push left operand of add.
0A5C 30C9FF68         (           main.s):02231                 LEAX    -152,U          variable `r1z_pt1', declared at main.c:378
0A60 3410             (           main.s):02232                 PSHS    X
0A62 30C8A0           (           main.s):02233                 LEAX    -96,U           temporary destination, type long
0A65 170000           (           main.s):02234                 LBSR    addDWordDWord   preserves X
0A68 3264             (           main.s):02235                 LEAS    4,S
0A6A 1F10             (           main.s):02236                 TFR     X,D             address of source number
0A6C 30C9FF70         (           main.s):02237                 LEAX    -144,U          variable r1z
0A70 170000           (           main.s):02238                 LBSR    copyDWord
                      (           main.s):02239         * Line main.c:392: init of variable r1x_pt1
                      (           main.s):02240         * Line main.c:396: function call: get_cached_mul8()
0A73 E6C9FF67         (           main.s):02241                 LDB     -153,U          variable c_dx_grid
0A77 1D               (           main.s):02242                 SEX                     index expression is of byte type
0A78 58               (           main.s):02243                 LSLB
0A79 49               (           main.s):02244                 ROLA
0A7A 8E0000           (           main.s):02245                 LDX     #_dxCosCache+0  address of array dxCosCache (optim: removePCRIfRelocatabilityNotSupported)
0A7D 308B             (           main.s):02246                 LEAX    D,X             add offset
                      (           main.s):02247         * optim: mergePushXPushD
0A7F FC0000           (           main.s):02248                 LDD     _cosv+0         variable `cosv', declared at main.c:64 (optim: removePCRIfRelocatabilityNotSupported)
0A82 3416             (           main.s):02249                 PSHS    X,B,A           optim: mergePushXPushD
0A84 E64B             (           main.s):02250                 LDB     11,U            variable `c_dx', declared at main.c:370
0A86 1D               (           main.s):02251                 SEX                     promoting byte argument to word
0A87 3406             (           main.s):02252                 PSHS    B,A             C function argument 1 of get_cached_mul8(): char
0A89 30C8A4           (           main.s):02253                 LEAX    -92,U           address of struct/union to be returned by get_cached_mul8()
0A8C 3410             (           main.s):02254                 PSHS    X               hidden argument
0A8E BD0000           (           main.s):02255                 JSR     _get_cached_mul8
0A91 3268             (           main.s):02256                 LEAS    8,S
0A93 30C8A4           (           main.s):02257                 LEAX    -92,U           address of struct/union returned by get_cached_mul8()
0A96 1F10             (           main.s):02258                 TFR     X,D             address of source number
0A98 30C9FF74         (           main.s):02259                 LEAX    -140,U          variable r1x_pt1
0A9C 170000           (           main.s):02260                 LBSR    copyDWord
                      (           main.s):02261         * Line main.c:398: init of variable r1x_pt2
                      (           main.s):02262         * Line main.c:402: function call: get_cached_mul8()
0A9F E6C9FF66         (           main.s):02263                 LDB     -154,U          variable c_dz_grid
0AA3 1D               (           main.s):02264                 SEX                     index expression is of byte type
0AA4 58               (           main.s):02265                 LSLB
0AA5 49               (           main.s):02266                 ROLA
0AA6 8E0000           (           main.s):02267                 LDX     #_dzSinCache+0  address of array dzSinCache (optim: removePCRIfRelocatabilityNotSupported)
0AA9 308B             (           main.s):02268                 LEAX    D,X             add offset
                      (           main.s):02269         * optim: mergePushXPushD
0AAB FC0000           (           main.s):02270                 LDD     _sinv+0         variable `sinv', declared at main.c:64 (optim: removePCRIfRelocatabilityNotSupported)
0AAE 3416             (           main.s):02271                 PSHS    X,B,A           optim: mergePushXPushD
0AB0 E647             (           main.s):02272                 LDB     7,U             variable `c_dz', declared at main.c:370
0AB2 1D               (           main.s):02273                 SEX                     promoting byte argument to word
0AB3 3406             (           main.s):02274                 PSHS    B,A             C function argument 1 of get_cached_mul8(): char
0AB5 30C8A8           (           main.s):02275                 LEAX    -88,U           address of struct/union to be returned by get_cached_mul8()
0AB8 3410             (           main.s):02276                 PSHS    X               hidden argument
0ABA BD0000           (           main.s):02277                 JSR     _get_cached_mul8
0ABD 3268             (           main.s):02278                 LEAS    8,S
0ABF 30C8A8           (           main.s):02279                 LEAX    -88,U           address of struct/union returned by get_cached_mul8()
0AC2 1F10             (           main.s):02280                 TFR     X,D             address of source number
0AC4 30C9FF78         (           main.s):02281                 LEAX    -136,U          variable r1x_pt2
0AC8 170000           (           main.s):02282                 LBSR    copyDWord
                      (           main.s):02283         * Line main.c:404: init of variable r1x
                      (           main.s):02284         * Push right operand of sub.
0ACB 30C9FF78         (           main.s):02285                 LEAX    -136,U          variable `r1x_pt2', declared at main.c:398
0ACF 3410             (           main.s):02286                 PSHS    X
                      (           main.s):02287         * Push left operand of sub.
0AD1 30C9FF74         (           main.s):02288                 LEAX    -140,U          variable `r1x_pt1', declared at main.c:392
0AD5 3410             (           main.s):02289                 PSHS    X
0AD7 30C8AC           (           main.s):02290                 LEAX    -84,U           temporary destination, type long
0ADA 170000           (           main.s):02291                 LBSR    subDWordDWord   preserves X
0ADD 3264             (           main.s):02292                 LEAS    4,S
0ADF 1F10             (           main.s):02293                 TFR     X,D             address of source number
0AE1 30C9FF7C         (           main.s):02294                 LEAX    -132,U          variable r1x
0AE5 170000           (           main.s):02295                 LBSR    copyDWord
                      (           main.s):02296         * Line main.c:406: init of variable r2y
                      (           main.s):02297         * Push right operand of sub.
                      (           main.s):02298         * Line main.c:406: function call: mul_signed()
0AE8 CC0000           (           main.s):02299                 LDD     #_mul16x8_u     address of mul16x8_u(), defined at main.c:104
0AEB 3406             (           main.s):02300                 PSHS    B,A             C function argument 3 of mul_signed(): long (*)(long, long)
0AED FC0000           (           main.s):02301                 LDD     _sinu+0         variable `sinu', declared at main.c:64 (optim: removePCRIfRelocatabilityNotSupported)
0AF0 327C             (           main.s):02302                 LEAS    -4,S            slot for argument 2
0AF2 30E4             (           main.s):02303                 LEAX    ,S
0AF4 170000           (           main.s):02304                 LBSR    initDWordFromSignedWord
0AF7 30C9FF70         (           main.s):02305                 LEAX    -144,U          variable `r1z', declared at main.c:390
0AFB 327C             (           main.s):02306                 LEAS    -4,S            pass long by value
0AFD 170000           (           main.s):02307                 LBSR    push4ByteStruct C function argument 1 of mul_signed(): long
0B00 30C8C0           (           main.s):02308                 LEAX    -64,U           address of struct/union to be returned by mul_signed()
0B03 3410             (           main.s):02309                 PSHS    X               hidden argument
0B05 BD0000           (           main.s):02310                 JSR     _mul_signed
0B08 326C             (           main.s):02311                 LEAS    12,S
0B0A 30C8C0           (           main.s):02312                 LEAX    -64,U           address of struct/union returned by mul_signed()
0B0D 3410             (           main.s):02313                 PSHS    X
                      (           main.s):02314         * Push left operand of sub.
0B0F 4F               (           main.s):02315                 CLRA
0B10 C608             (           main.s):02316                 LDB     #$08            decimal 8 signed
0B12 3404             (           main.s):02317                 PSHS    B               number of bits to shift
                      (           main.s):02318         * Line main.c:406: function call: mul_signed()
0B14 CC0000           (           main.s):02319                 LDD     #_mul8_u        address of mul8_u(), defined at main.c:100
0B17 3406             (           main.s):02320                 PSHS    B,A             C function argument 3 of mul_signed(): long (*)(long, long)
0B19 FC0000           (           main.s):02321                 LDD     _cosu+0         variable `cosu', declared at main.c:64 (optim: removePCRIfRelocatabilityNotSupported)
0B1C 327C             (           main.s):02322                 LEAS    -4,S            slot for argument 2
0B1E 30E4             (           main.s):02323                 LEAX    ,S
0B20 170000           (           main.s):02324                 LBSR    initDWordFromSignedWord
0B23 E649             (           main.s):02325                 LDB     9,U             variable `c_dy', declared at main.c:370
0B25 1D               (           main.s):02326                 SEX                     promoting byte argument to word
0B26 327C             (           main.s):02327                 LEAS    -4,S            slot for argument 1
0B28 30E4             (           main.s):02328                 LEAX    ,S
0B2A 170000           (           main.s):02329                 LBSR    initDWordFromSignedWord
0B2D 30C8BC           (           main.s):02330                 LEAX    -68,U           address of struct/union to be returned by mul_signed()
0B30 3410             (           main.s):02331                 PSHS    X               hidden argument
0B32 BD0000           (           main.s):02332                 JSR     _mul_signed
0B35 326C             (           main.s):02333                 LEAS    12,S
0B37 30C8BC           (           main.s):02334                 LEAX    -68,U           address of struct/union returned by mul_signed()
0B3A 3410             (           main.s):02335                 PSHS    X               address of input dword to be shifted
0B3C 30C8B8           (           main.s):02336                 LEAX    -72,U           temporary destination, type long
0B3F 170000           (           main.s):02337                 LBSR    leftShiftDWord  preserves X
0B42 3263             (           main.s):02338                 LEAS    3,S
0B44 3410             (           main.s):02339                 PSHS    X
0B46 30C8B4           (           main.s):02340                 LEAX    -76,U           temporary destination, type long
0B49 170000           (           main.s):02341                 LBSR    subDWordDWord   preserves X
0B4C 3264             (           main.s):02342                 LEAS    4,S
0B4E 1F10             (           main.s):02343                 TFR     X,D             address of source number
0B50 30C880           (           main.s):02344                 LEAX    -128,U          variable r2y
0B53 170000           (           main.s):02345                 LBSR    copyDWord
                      (           main.s):02346         * Line main.c:407: init of variable r2z
                      (           main.s):02347         * Push right operand of add.
                      (           main.s):02348         * Line main.c:407: function call: mul_signed()
0B56 CC0000           (           main.s):02349                 LDD     #_mul16x8_u     address of mul16x8_u(), defined at main.c:104
0B59 3406             (           main.s):02350                 PSHS    B,A             C function argument 3 of mul_signed(): long (*)(long, long)
0B5B FC0000           (           main.s):02351                 LDD     _cosu+0         variable `cosu', declared at main.c:64 (optim: removePCRIfRelocatabilityNotSupported)
0B5E 327C             (           main.s):02352                 LEAS    -4,S            slot for argument 2
0B60 30E4             (           main.s):02353                 LEAX    ,S
0B62 170000           (           main.s):02354                 LBSR    initDWordFromSignedWord
0B65 30C9FF70         (           main.s):02355                 LEAX    -144,U          variable `r1z', declared at main.c:390
0B69 327C             (           main.s):02356                 LEAS    -4,S            pass long by value
0B6B 170000           (           main.s):02357                 LBSR    push4ByteStruct C function argument 1 of mul_signed(): long
0B6E 30C8D4           (           main.s):02358                 LEAX    -44,U           address of struct/union to be returned by mul_signed()
0B71 3410             (           main.s):02359                 PSHS    X               hidden argument
0B73 BD0000           (           main.s):02360                 JSR     _mul_signed
0B76 326C             (           main.s):02361                 LEAS    12,S
0B78 30C8D4           (           main.s):02362                 LEAX    -44,U           address of struct/union returned by mul_signed()
0B7B 3410             (           main.s):02363                 PSHS    X
                      (           main.s):02364         * Push left operand of add.
0B7D 4F               (           main.s):02365                 CLRA
0B7E C608             (           main.s):02366                 LDB     #$08            decimal 8 signed
0B80 3404             (           main.s):02367                 PSHS    B               number of bits to shift
                      (           main.s):02368         * Line main.c:407: function call: mul_signed()
0B82 CC0000           (           main.s):02369                 LDD     #_mul8_u        address of mul8_u(), defined at main.c:100
0B85 3406             (           main.s):02370                 PSHS    B,A             C function argument 3 of mul_signed(): long (*)(long, long)
0B87 FC0000           (           main.s):02371                 LDD     _sinu+0         variable `sinu', declared at main.c:64 (optim: removePCRIfRelocatabilityNotSupported)
0B8A 327C             (           main.s):02372                 LEAS    -4,S            slot for argument 2
0B8C 30E4             (           main.s):02373                 LEAX    ,S
0B8E 170000           (           main.s):02374                 LBSR    initDWordFromSignedWord
0B91 E649             (           main.s):02375                 LDB     9,U             variable `c_dy', declared at main.c:370
0B93 1D               (           main.s):02376                 SEX                     promoting byte argument to word
0B94 327C             (           main.s):02377                 LEAS    -4,S            slot for argument 1
0B96 30E4             (           main.s):02378                 LEAX    ,S
0B98 170000           (           main.s):02379                 LBSR    initDWordFromSignedWord
0B9B 30C8D0           (           main.s):02380                 LEAX    -48,U           address of struct/union to be returned by mul_signed()
0B9E 3410             (           main.s):02381                 PSHS    X               hidden argument
0BA0 BD0000           (           main.s):02382                 JSR     _mul_signed
0BA3 326C             (           main.s):02383                 LEAS    12,S
0BA5 30C8D0           (           main.s):02384                 LEAX    -48,U           address of struct/union returned by mul_signed()
0BA8 3410             (           main.s):02385                 PSHS    X               address of input dword to be shifted
0BAA 30C8CC           (           main.s):02386                 LEAX    -52,U           temporary destination, type long
0BAD 170000           (           main.s):02387                 LBSR    leftShiftDWord  preserves X
0BB0 3263             (           main.s):02388                 LEAS    3,S
0BB2 3410             (           main.s):02389                 PSHS    X
0BB4 30C8C8           (           main.s):02390                 LEAX    -56,U           temporary destination, type long
0BB7 170000           (           main.s):02391                 LBSR    addDWordDWord   preserves X
0BBA 3264             (           main.s):02392                 LEAS    4,S
0BBC 1F10             (           main.s):02393                 TFR     X,D             address of source number
0BBE 30C884           (           main.s):02394                 LEAX    -124,U          variable r2z
0BC1 170000           (           main.s):02395                 LBSR    copyDWord
                      (           main.s):02396         * Line main.c:409: init of variable r2zShift
                      (           main.s):02397         * Shifting a long right by 16 bits into a word. Emitting expression to be shifted.
                      (           main.s):02398         * optim: optimizeIndexedX2: LEAX -124,U
0BC4 ECC884           (           main.s):02399                 LDD     -124,U          shift long right by 16 bits by keeping high word; optim: optimizeIndexedX2
0BC7 EDC888           (           main.s):02400                 STD     -120,U          variable r2zShift
                      (           main.s):02401         * Line main.c:411: if
                      (           main.s):02402         * optim: storeLoad
0BCA C30000           (           main.s):02403                 ADDD    #0
0BCD 2E10             (           main.s):02404                 BGT     L00220           (optim: condBranchOverUncondBranch)
                      (           main.s):02405         * optim: condBranchOverUncondBranch
                      (           main.s):02406         * Useless label L00219 removed
                      (           main.s):02407         * Line main.c:411
                      (           main.s):02408         * Line main.c:412: assignment: =
0BCF C680             (           main.s):02409                 LDB     #$80            optim: lddToLDB
                      (           main.s):02410         * Cast from `int' to byte: result already in B
0BD1 1D               (           main.s):02411                 SEX
                      (           main.s):02412         * optim: stripUselessPushPull
                      (           main.s):02413         * optim: optimizeLdx
                      (           main.s):02414         * optim: stripUselessPushPull
0BD2 EDD804           (           main.s):02415                 STD     [4,U]           optim: optimizeLdx
                      (           main.s):02416         * Line main.c:413: assignment: =
0BD5 C680             (           main.s):02417                 LDB     #$80            optim: lddToLDB
                      (           main.s):02418         * Cast from `int' to byte: result already in B
0BD7 1D               (           main.s):02419                 SEX
                      (           main.s):02420         * optim: stripUselessPushPull
0BD8 AE44             (           main.s):02421                 LDX     4,U             variable out
                      (           main.s):02422         * optim: optimizeLeax
                      (           main.s):02423         * optim: stripUselessPushPull
0BDA ED02             (           main.s):02424                 STD     2,X             optim: optimizeLeax
0BDC 160146           (           main.s):02425                 LBRA    L00051          return (main.c:414)
     0BDF             (           main.s):02426         L00220  EQU     *               else clause of if() started at main.c:411
                      (           main.s):02427         * Useless label L00221 removed
                      (           main.s):02428         * Line main.c:417: init of variable neg_fx
0BDF 6FC88A           (           main.s):02429                 CLR     -118,U          init of variable neg_fx
                      (           main.s):02430         * Line main.c:418: init of variable fx_o
                      (           main.s):02431         * Line main.c:418: function call: mul_unsigned_neg()
0BE2 30C88A           (           main.s):02432                 LEAX    -118,U          variable `neg_fx', declared at main.c:417
                      (           main.s):02433         * optim: mergePushXPushD
0BE5 CC0000           (           main.s):02434                 LDD     #_mul16x16_u    address of mul16x16_u(), defined at main.c:108
0BE8 3416             (           main.s):02435                 PSHS    X,B,A           optim: mergePushXPushD
0BEA 4F               (           main.s):02436                 CLRA
0BEB C60C             (           main.s):02437                 LDB     #$0C            decimal 12 signed
0BED 86FF             (           main.s):02438                 LDA     #$FF            request sign extension
0BEF 3406             (           main.s):02439                 PSHS    B,A             A=sign/zero ext flag, B=number of bits to shift
0BF1 30C884           (           main.s):02440                 LEAX    -124,U          variable `r2z', declared at main.c:407
0BF4 3410             (           main.s):02441                 PSHS    X               address of input dword to be shifted
0BF6 30C8E4           (           main.s):02442                 LEAX    -28,U           temporary destination, type long
0BF9 170000           (           main.s):02443                 LBSR    rightShiftDWord preserves X
0BFC 3264             (           main.s):02444                 LEAS    4,S
0BFE 1F10             (           main.s):02445                 TFR     X,D             cast to `int': address of source number in D
0C00 327E             (           main.s):02446                 LEAS    -2,S            result of cast
0C02 30E4             (           main.s):02447                 LEAX    ,S
0C04 170000           (           main.s):02448                 LBSR    initWordFromDWord
0C07 3506             (           main.s):02449                 PULS    A,B             result of cast
0C09 58               (           main.s):02450                 LSLB
0C0A 49               (           main.s):02451                 ROLA
0C0B 8E0000           (           main.s):02452                 LDX     #_recip_table+0 address of array recip_table (optim: removePCRIfRelocatabilityNotSupported)
                      (           main.s):02453         * optim: optimizeLoadDX
0C0E EC8B             (           main.s):02454                 LDD     D,X             get r-value (optim: optimizeLoadDX)
0C10 30C8E0           (           main.s):02455                 LEAX    -32,U           destination of cast
0C13 170000           (           main.s):02456                 LBSR    initDWordFromUnsignedWord
0C16 327C             (           main.s):02457                 LEAS    -4,S            pass long by value
0C18 170000           (           main.s):02458                 LBSR    push4ByteStruct C function argument 2 of mul_unsigned_neg(): long
0C1B 30C9FF7C         (           main.s):02459                 LEAX    -132,U          variable `r1x', declared at main.c:404
0C1F 327C             (           main.s):02460                 LEAS    -4,S            pass long by value
0C21 170000           (           main.s):02461                 LBSR    push4ByteStruct C function argument 1 of mul_unsigned_neg(): long
0C24 30C8DC           (           main.s):02462                 LEAX    -36,U           address of struct/union to be returned by mul_unsigned_neg()
0C27 3410             (           main.s):02463                 PSHS    X               hidden argument
0C29 BD0000           (           main.s):02464                 JSR     _mul_unsigned_neg
0C2C 326E             (           main.s):02465                 LEAS    14,S
0C2E 30C8DC           (           main.s):02466                 LEAX    -36,U           address of struct/union returned by mul_unsigned_neg()
0C31 1F10             (           main.s):02467                 TFR     X,D             address of source number
0C33 30C88B           (           main.s):02468                 LEAX    -117,U          variable fx_o
0C36 170000           (           main.s):02469                 LBSR    copyDWord
                      (           main.s):02470         * Line main.c:419: init of variable fx
0C39 C612             (           main.s):02471                 LDB     #$12            optim: lddToLDB
0C3B 4F               (           main.s):02472                 CLRA                    request zero extension
0C3C 3406             (           main.s):02473                 PSHS    B,A             A=sign/zero ext flag, B=number of bits to shift
0C3E 30C88B           (           main.s):02474                 LEAX    -117,U          variable `fx_o', declared at main.c:418
0C41 3410             (           main.s):02475                 PSHS    X               address of input dword to be shifted
0C43 30C8E8           (           main.s):02476                 LEAX    -24,U           temporary destination, type unsigned long
0C46 170000           (           main.s):02477                 LBSR    rightShiftDWord preserves X
0C49 3264             (           main.s):02478                 LEAS    4,S
0C4B 1F10             (           main.s):02479                 TFR     X,D             cast to `int': address of source number in D
0C4D 327E             (           main.s):02480                 LEAS    -2,S            result of cast
0C4F 30E4             (           main.s):02481                 LEAX    ,S
0C51 170000           (           main.s):02482                 LBSR    initWordFromDWord
0C54 3506             (           main.s):02483                 PULS    A,B             result of cast
0C56 EDC88F           (           main.s):02484                 STD     -113,U          variable fx
                      (           main.s):02485         * Line main.c:421: init of variable neg_fy
0C59 6FC891           (           main.s):02486                 CLR     -111,U          init of variable neg_fy
                      (           main.s):02487         * Line main.c:422: init of variable fy_o
                      (           main.s):02488         * Line main.c:422: function call: mul_unsigned_neg()
0C5C 30C891           (           main.s):02489                 LEAX    -111,U          variable `neg_fy', declared at main.c:421
                      (           main.s):02490         * optim: mergePushXPushD
0C5F CC0000           (           main.s):02491                 LDD     #_mul16x16_u    address of mul16x16_u(), defined at main.c:108
0C62 3416             (           main.s):02492                 PSHS    X,B,A           optim: mergePushXPushD
0C64 4F               (           main.s):02493                 CLRA
0C65 C60C             (           main.s):02494                 LDB     #$0C            decimal 12 signed
0C67 86FF             (           main.s):02495                 LDA     #$FF            request sign extension
0C69 3406             (           main.s):02496                 PSHS    B,A             A=sign/zero ext flag, B=number of bits to shift
0C6B 30C884           (           main.s):02497                 LEAX    -124,U          variable `r2z', declared at main.c:407
0C6E 3410             (           main.s):02498                 PSHS    X               address of input dword to be shifted
0C70 3058             (           main.s):02499                 LEAX    -8,U            temporary destination, type long
0C72 170000           (           main.s):02500                 LBSR    rightShiftDWord preserves X
0C75 3264             (           main.s):02501                 LEAS    4,S
0C77 1F10             (           main.s):02502                 TFR     X,D             cast to `int': address of source number in D
0C79 327E             (           main.s):02503                 LEAS    -2,S            result of cast
0C7B 30E4             (           main.s):02504                 LEAX    ,S
0C7D 170000           (           main.s):02505                 LBSR    initWordFromDWord
0C80 3506             (           main.s):02506                 PULS    A,B             result of cast
0C82 58               (           main.s):02507                 LSLB
0C83 49               (           main.s):02508                 ROLA
0C84 8E0000           (           main.s):02509                 LDX     #_recip_table+0 address of array recip_table (optim: removePCRIfRelocatabilityNotSupported)
                      (           main.s):02510         * optim: optimizeLoadDX
0C87 EC8B             (           main.s):02511                 LDD     D,X             get r-value (optim: optimizeLoadDX)
0C89 3054             (           main.s):02512                 LEAX    -12,U           destination of cast
0C8B 170000           (           main.s):02513                 LBSR    initDWordFromUnsignedWord
0C8E 327C             (           main.s):02514                 LEAS    -4,S            pass long by value
0C90 170000           (           main.s):02515                 LBSR    push4ByteStruct C function argument 2 of mul_unsigned_neg(): long
0C93 4F               (           main.s):02516                 CLRA
0C94 C608             (           main.s):02517                 LDB     #$08            decimal 8 signed
0C96 86FF             (           main.s):02518                 LDA     #$FF            request sign extension
0C98 3406             (           main.s):02519                 PSHS    B,A             A=sign/zero ext flag, B=number of bits to shift
0C9A 30C880           (           main.s):02520                 LEAX    -128,U          variable `r2y', declared at main.c:406
0C9D 3410             (           main.s):02521                 PSHS    X               address of input dword to be shifted
0C9F 3050             (           main.s):02522                 LEAX    -16,U           temporary destination, type long
0CA1 170000           (           main.s):02523                 LBSR    rightShiftDWord preserves X
                      (           main.s):02524         * optim: removeConsecutiveLEASInstructions
                      (           main.s):02525         * optim: removeConsecutiveLEASInstructions
0CA4 170000           (           main.s):02526                 LBSR    push4ByteStruct C function argument 1 of mul_unsigned_neg(): long
0CA7 30C8EC           (           main.s):02527                 LEAX    -20,U           address of struct/union to be returned by mul_unsigned_neg()
0CAA 3410             (           main.s):02528                 PSHS    X               hidden argument
0CAC BD0000           (           main.s):02529                 JSR     _mul_unsigned_neg
0CAF 326E             (           main.s):02530                 LEAS    14,S
0CB1 30C8EC           (           main.s):02531                 LEAX    -20,U           address of struct/union returned by mul_unsigned_neg()
0CB4 1F10             (           main.s):02532                 TFR     X,D             address of source number
0CB6 30C892           (           main.s):02533                 LEAX    -110,U          variable fy_o
0CB9 170000           (           main.s):02534                 LBSR    copyDWord
                      (           main.s):02535         * Line main.c:423: init of variable fy
0CBC C612             (           main.s):02536                 LDB     #$12            optim: lddToLDB
0CBE 4F               (           main.s):02537                 CLRA                    request zero extension
0CBF 3406             (           main.s):02538                 PSHS    B,A             A=sign/zero ext flag, B=number of bits to shift
0CC1 30C892           (           main.s):02539                 LEAX    -110,U          variable `fy_o', declared at main.c:422
0CC4 3410             (           main.s):02540                 PSHS    X               address of input dword to be shifted
0CC6 305C             (           main.s):02541                 LEAX    -4,U            temporary destination, type unsigned long
0CC8 170000           (           main.s):02542                 LBSR    rightShiftDWord preserves X
0CCB 3264             (           main.s):02543                 LEAS    4,S
0CCD 1F10             (           main.s):02544                 TFR     X,D             cast to `int': address of source number in D
0CCF 327E             (           main.s):02545                 LEAS    -2,S            result of cast
0CD1 30E4             (           main.s):02546                 LEAX    ,S
0CD3 170000           (           main.s):02547                 LBSR    initWordFromDWord
0CD6 3506             (           main.s):02548                 PULS    A,B             result of cast
0CD8 EDC896           (           main.s):02549                 STD     -106,U          variable fy
                      (           main.s):02550         * Line main.c:425: if
0CDB ECC88F           (           main.s):02551                 LDD     -113,U          variable fx
0CDE 1083007F         (           main.s):02552                 CMPD    #$7F
0CE2 2E09             (           main.s):02553                 BGT     L00222
                      (           main.s):02554         * optim: branchToNextLocation
                      (           main.s):02555         * Useless label L00224 removed
0CE4 ECC896           (           main.s):02556                 LDD     -106,U          variable fy
0CE7 1083007F         (           main.s):02557                 CMPD    #$7F
0CEB 2F0F             (           main.s):02558                 BLE     L00223           (optim: condBranchOverUncondBranch)
                      (           main.s):02559         * optim: condBranchOverUncondBranch
     0CED             (           main.s):02560         L00222  EQU     *               then clause of if() started at main.c:425
                      (           main.s):02561         * Line main.c:425
                      (           main.s):02562         * Line main.c:426: assignment: =
0CED CCFF80           (           main.s):02563                 LDD     #$FF80          constant expression: 65408 decimal, signed
                      (           main.s):02564         * optim: stripUselessPushPull
                      (           main.s):02565         * optim: optimizeLdx
                      (           main.s):02566         * optim: stripUselessPushPull
0CF0 EDD804           (           main.s):02567                 STD     [4,U]           optim: optimizeLdx
                      (           main.s):02568         * Line main.c:427: assignment: =
0CF3 CCFF80           (           main.s):02569                 LDD     #$FF80          constant expression: 65408 decimal, signed
                      (           main.s):02570         * optim: stripUselessPushPull
0CF6 AE44             (           main.s):02571                 LDX     4,U             variable out
                      (           main.s):02572         * optim: optimizeLeax
                      (           main.s):02573         * optim: stripUselessPushPull
0CF8 ED02             (           main.s):02574                 STD     2,X             optim: optimizeLeax
0CFA 2029             (           main.s):02575                 BRA     L00051          return (main.c:428)
     0CFC             (           main.s):02576         L00223  EQU     *               else clause of if() started at main.c:425
                      (           main.s):02577         * Useless label L00225 removed
                      (           main.s):02578         * Line main.c:431: if
0CFC E6C88A           (           main.s):02579                 LDB     -118,U          variable `neg_fx', declared at main.c:417
                      (           main.s):02580         * optim: loadCmpZeroBeqOrBne
0CFF 2708             (           main.s):02581                 BEQ     L00227           (optim: condBranchOverUncondBranch)
                      (           main.s):02582         * optim: condBranchOverUncondBranch
                      (           main.s):02583         * Useless label L00226 removed
                      (           main.s):02584         * Line main.c:431
                      (           main.s):02585         * Line main.c:432: assignment: =
0D01 4F               (           main.s):02586                 CLRA                    Negation of variable fx
0D02 5F               (           main.s):02587                 CLRB
0D03 A3C88F           (           main.s):02588                 SUBD    -113,U
0D06 EDC88F           (           main.s):02589                 STD     -113,U
     0D09             (           main.s):02590         L00227  EQU     *               else clause of if() started at main.c:431
                      (           main.s):02591         * Useless label L00228 removed
                      (           main.s):02592         * Line main.c:434: if
0D09 E6C891           (           main.s):02593                 LDB     -111,U          variable `neg_fy', declared at main.c:421
                      (           main.s):02594         * optim: loadCmpZeroBeqOrBne
0D0C 2708             (           main.s):02595                 BEQ     L00230           (optim: condBranchOverUncondBranch)
                      (           main.s):02596         * optim: condBranchOverUncondBranch
                      (           main.s):02597         * Useless label L00229 removed
                      (           main.s):02598         * Line main.c:434
                      (           main.s):02599         * Line main.c:435: assignment: =
0D0E 4F               (           main.s):02600                 CLRA                    Negation of variable fy
0D0F 5F               (           main.s):02601                 CLRB
0D10 A3C896           (           main.s):02602                 SUBD    -106,U
0D13 EDC896           (           main.s):02603                 STD     -106,U
     0D16             (           main.s):02604         L00230  EQU     *               else clause of if() started at main.c:434
                      (           main.s):02605         * Useless label L00231 removed
                      (           main.s):02606         * Line main.c:438: assignment: =
0D16 ECC88F           (           main.s):02607                 LDD     -113,U          variable `fx', declared at main.c:419
                      (           main.s):02608         * Cast from `int' to byte: result already in B
0D19 1D               (           main.s):02609                 SEX
                      (           main.s):02610         * optim: stripUselessPushPull
                      (           main.s):02611         * optim: optimizeLdx
                      (           main.s):02612         * optim: stripUselessPushPull
0D1A EDD804           (           main.s):02613                 STD     [4,U]           optim: optimizeLdx
                      (           main.s):02614         * Line main.c:439: assignment: =
0D1D ECC896           (           main.s):02615                 LDD     -106,U          variable `fy', declared at main.c:423
                      (           main.s):02616         * Cast from `int' to byte: result already in B
0D20 1D               (           main.s):02617                 SEX
                      (           main.s):02618         * optim: stripUselessPushPull
0D21 AE44             (           main.s):02619                 LDX     4,U             variable out
                      (           main.s):02620         * optim: optimizeLeax
                      (           main.s):02621         * optim: stripUselessPushPull
0D23 ED02             (           main.s):02622                 STD     2,X             optim: optimizeLeax
     0D25             (           main.s):02623         L00051  EQU     *               end of project_point()
0D25 32C4             (           main.s):02624                 LEAS    ,U
0D27 35C0             (           main.s):02625                 PULS    U,PC
                      (           main.s):02626         * END FUNCTION project_point(): defined at main.c:370
     0D29             (           main.s):02627         funcend_project_point   EQU *
     035F             (           main.s):02628         funcsize_project_point  EQU     funcend_project_point-_project_point
                      (           main.s):02629         _drawcube       EXPORT
                      (           main.s):02630         
                      (           main.s):02631         
                      (           main.s):02632         *******************************************************************************
                      (           main.s):02633         
                      (           main.s):02634         * FUNCTION drawcube(): defined at main.c:446
     0D29             (           main.s):02635         _drawcube       EQU     *
                      (           main.s):02636         * Prototype: void drawcube(struct AnonStruct_main.c:30 *, char[] *)
                      (           main.s):02637         * Calling convention: 0 (CMOC Default)
0D29 3440             (           main.s):02638                 PSHS    U
0D2B 33E4             (           main.s):02639                 LEAU    ,S
0D2D 32E8C9           (           main.s):02640                 LEAS    -55,S
                      (           main.s):02641         * Formal parameter(s):
                      (           main.s):02642         *      4,U:    2 bytes: cube: struct AnonStruct_main.c:30 *: line 446
                      (           main.s):02643         *      6,U:    2 bytes: edges: char[] *: line 446
                      (           main.s):02644         * Local non-static variable(s):
                      (           main.s):02645         *    -55,U:    4 bytes: p1: struct AnonStruct_main.c:20: line 485
                      (           main.s):02646         *    -51,U:    4 bytes: p2: struct AnonStruct_main.c:20: line 486
                      (           main.s):02647         *    -47,U:    1 byte : move_dy: char: line 493
                      (           main.s):02648         *    -46,U:    1 byte : dz: char: line 463
                      (           main.s):02649         *    -46,U:    1 byte : move_dx: char: line 494
                      (           main.s):02650         *    -45,U:    1 byte : dy: char: line 464
                      (           main.s):02651         *    -45,U:    1 byte : deltax: char: line 503
                      (           main.s):02652         *    -44,U:    1 byte : dx: char: line 465
                      (           main.s):02653         *    -44,U:    1 byte : deltay: char: line 504
                      (           main.s):02654         *    -43,U:    1 byte : i: unsigned char: line 458
                      (           main.s):02655         *    -43,U:    1 byte : i: unsigned char: line 482
                      (           main.s):02656         *    -42,U:    2 bytes: dz: int: line 449
                      (           main.s):02657         *    -40,U:    2 bytes: dy: int: line 450
                      (           main.s):02658         *    -38,U:    2 bytes: dx: int: line 451
                      (           main.s):02659         *    -36,U:   32 bytes: pts: struct AnonStruct_main.c:20[]: line 457
                      (           main.s):02660         *     -4,U:    1 byte : currentposx: char: line 470
                      (           main.s):02661         *     -3,U:    1 byte : currentposy: char: line 471
                      (           main.s):02662         *     -2,U:    1 byte : newposx: char: line 472
                      (           main.s):02663         *     -1,U:    1 byte : newposy: char: line 473
                      (           main.s):02664         * Line main.c:449: init of variable dz
                      (           main.s):02665         * optim: optimizeStackOperations4
                      (           main.s):02666         * optim: optimizeStackOperations4
0D30 AE44             (           main.s):02667                 LDX     4,U             get pointer value from variable cube
0D32 EC04             (           main.s):02668                 LDD     4,X             member z of AnonStruct_main.c:30
0D34 A38D0000         (           main.s):02669                 SUBD    _playerposition+4,PCR   optim: optimizeStackOperations4
0D38 EDC8D6           (           main.s):02670                 STD     -42,U           variable dz
                      (           main.s):02671         * Line main.c:450: init of variable dy
                      (           main.s):02672         * optim: optimizeStackOperations4
                      (           main.s):02673         * optim: optimizeStackOperations4
0D3B AE44             (           main.s):02674                 LDX     4,U             get pointer value from variable cube
0D3D EC02             (           main.s):02675                 LDD     2,X             member y of AnonStruct_main.c:30
0D3F A38D0000         (           main.s):02676                 SUBD    _playerposition+2,PCR   optim: optimizeStackOperations4
0D43 EDC8D8           (           main.s):02677                 STD     -40,U           variable dy
                      (           main.s):02678         * Line main.c:451: init of variable dx
                      (           main.s):02679         * optim: optimizeStackOperations4
                      (           main.s):02680         * optim: optimizeStackOperations4
                      (           main.s):02681         * optim: optimizeIndexedX
0D46 ECD804           (           main.s):02682                 LDD     [4,U]           optim: optimizeIndexedX
0D49 A38D0000         (           main.s):02683                 SUBD    _playerposition+0,PCR   optim: optimizeStackOperations4
0D4D EDC8DA           (           main.s):02684                 STD     -38,U           variable dx
                      (           main.s):02685         * Line main.c:453: if
                      (           main.s):02686         * optim: storeLoad
0D50 10830052         (           main.s):02687                 CMPD    #$52
0D54 102C01D6         (           main.s):02688                 LBGE    L00052
                      (           main.s):02689         * optim: branchToNextLocation
                      (           main.s):02690         * Useless label L00238 removed
0D58 ECC8D8           (           main.s):02691                 LDD     -40,U           variable dy
0D5B 10830052         (           main.s):02692                 CMPD    #$52
0D5F 102C01CB         (           main.s):02693                 LBGE    L00052
                      (           main.s):02694         * optim: branchToNextLocation
                      (           main.s):02695         * Useless label L00237 removed
0D63 ECC8D6           (           main.s):02696                 LDD     -42,U           variable dz
0D66 10830052         (           main.s):02697                 CMPD    #$52
0D6A 102C01C0         (           main.s):02698                 LBGE    L00052
                      (           main.s):02699         * optim: branchToNextLocation
                      (           main.s):02700         * Useless label L00236 removed
0D6E ECC8DA           (           main.s):02701                 LDD     -38,U           variable dx
0D71 1083FFAE         (           main.s):02702                 CMPD    #$FFAE
0D75 102F01B5         (           main.s):02703                 LBLE    L00052
                      (           main.s):02704         * optim: branchToNextLocation
                      (           main.s):02705         * Useless label L00235 removed
0D79 ECC8D8           (           main.s):02706                 LDD     -40,U           variable dy
0D7C 1083FFAE         (           main.s):02707                 CMPD    #$FFAE
0D80 102F01AA         (           main.s):02708                 LBLE    L00052
                      (           main.s):02709         * optim: branchToNextLocation
                      (           main.s):02710         * Useless label L00234 removed
0D84 ECC8D6           (           main.s):02711                 LDD     -42,U           variable dz
0D87 1083FFAE         (           main.s):02712                 CMPD    #$FFAE
0D8B 102F019F         (           main.s):02713                 LBLE    L00052           (optim: condBranchOverUncondBranch) (optim: condBranchOverUncondBranch)
                      (           main.s):02714         * optim: condBranchOverUncondBranch
                      (           main.s):02715         * Useless label L00232 removed
                      (           main.s):02716         * Line main.c:453
                      (           main.s):02717         * optim: condBranchOverUncondBranch
                      (           main.s):02718         * Useless label L00233 removed
                      (           main.s):02719         * Useless label L00239 removed
                      (           main.s):02720         * Line main.c:458: for init
                      (           main.s):02721         * Line main.c:458: init of variable i
0D8F 6FC8D5           (           main.s):02722                 CLR     -43,U           init of variable i
0D92 16009C           (           main.s):02723                 LBRA    L00241          jump to for condition
     0D95             (           main.s):02724         L00240  EQU     *
                      (           main.s):02725         * Line main.c:458: for body
                      (           main.s):02726         * Line main.c:459: if
0D95 E6C8D5           (           main.s):02727                 LDB     -43,U           variable i
                      (           main.s):02728         * optim: stripOpToDeadReg
0D98 8606             (           main.s):02729                 LDA     #6              size of array element
0D9A 3D               (           main.s):02730                 MUL                     get offset in bytes in D
0D9B AE44             (           main.s):02731                 LDX     4,U             pointer cube
                      (           main.s):02732         * optim: optimizeLoadDX
0D9D EC8B             (           main.s):02733                 LDD     D,X             member x of AnonStruct_main.c:30 (optim: optimizeLoadDX)
0D9F 1083FF80         (           main.s):02734                 CMPD    #65408
0DA3 262F             (           main.s):02735                 BNE     L00245           (optim: condBranchOverUncondBranch)
                      (           main.s):02736         * optim: condBranchOverUncondBranch
                      (           main.s):02737         * Useless label L00244 removed
                      (           main.s):02738         * Line main.c:459
                      (           main.s):02739         * Line main.c:460: assignment: =
0DA5 CCFF80           (           main.s):02740                 LDD     #$FF80          constant expression: 65408 decimal, signed
0DA8 3406             (           main.s):02741                 PSHS    B,A             right side of assignment
0DAA E6C8D5           (           main.s):02742                 LDB     -43,U           variable i
0DAD 4F               (           main.s):02743                 CLRA                    index expression is of byte type
0DAE 58               (           main.s):02744                 LSLB
0DAF 49               (           main.s):02745                 ROLA
0DB0 58               (           main.s):02746                 LSLB
0DB1 49               (           main.s):02747                 ROLA
0DB2 30C8DC           (           main.s):02748                 LEAX    -36,U           address of array pts
0DB5 308B             (           main.s):02749                 LEAX    D,X             add offset
0DB7 3506             (           main.s):02750                 PULS    A,B             retrieve value to store
0DB9 ED84             (           main.s):02751                 STD     ,X
                      (           main.s):02752         * Line main.c:461: assignment: =
0DBB CCFF80           (           main.s):02753                 LDD     #$FF80          constant expression: 65408 decimal, signed
0DBE 3406             (           main.s):02754                 PSHS    B,A             right side of assignment
0DC0 E6C8D5           (           main.s):02755                 LDB     -43,U           variable i
0DC3 4F               (           main.s):02756                 CLRA                    index expression is of byte type
0DC4 58               (           main.s):02757                 LSLB
0DC5 49               (           main.s):02758                 ROLA
0DC6 58               (           main.s):02759                 LSLB
0DC7 49               (           main.s):02760                 ROLA
0DC8 30C8DC           (           main.s):02761                 LEAX    -36,U           address of array pts
0DCB 308B             (           main.s):02762                 LEAX    D,X             add offset
                      (           main.s):02763         * optim: optimizeLeax
0DCD 3506             (           main.s):02764                 PULS    A,B             retrieve value to store
0DCF ED02             (           main.s):02765                 STD     2,X             optim: optimizeLeax
0DD1 16005A           (           main.s):02766                 LBRA    L00246          jump over else clause
     0DD4             (           main.s):02767         L00245  EQU     *               else clause of if() started at main.c:459
                      (           main.s):02768         * Line main.c:462
                      (           main.s):02769         * Line main.c:463: init of variable dz
                      (           main.s):02770         * optim: optimizeStackOperations4
                      (           main.s):02771         * optim: optimizeStackOperations4
0DD4 E6C8D5           (           main.s):02772                 LDB     -43,U           variable i
                      (           main.s):02773         * optim: stripOpToDeadReg
0DD7 8606             (           main.s):02774                 LDA     #6              size of array element
0DD9 3D               (           main.s):02775                 MUL                     get offset in bytes in D
0DDA AE44             (           main.s):02776                 LDX     4,U             pointer cube
0DDC 308B             (           main.s):02777                 LEAX    D,X             add offset
0DDE EC04             (           main.s):02778                 LDD     4,X             member z of AnonStruct_main.c:30
0DE0 A38D0000         (           main.s):02779                 SUBD    _playerposition+4,PCR   optim: optimizeStackOperations4
                      (           main.s):02780         * Cast from `int' to byte: result already in B
0DE4 E7C8D2           (           main.s):02781                 STB     -46,U           variable dz
                      (           main.s):02782         * Line main.c:464: init of variable dy
                      (           main.s):02783         * optim: optimizeStackOperations4
                      (           main.s):02784         * optim: optimizeStackOperations4
0DE7 E6C8D5           (           main.s):02785                 LDB     -43,U           variable i
                      (           main.s):02786         * optim: stripOpToDeadReg
0DEA 8606             (           main.s):02787                 LDA     #6              size of array element
0DEC 3D               (           main.s):02788                 MUL                     get offset in bytes in D
0DED AE44             (           main.s):02789                 LDX     4,U             pointer cube
0DEF 308B             (           main.s):02790                 LEAX    D,X             add offset
0DF1 EC02             (           main.s):02791                 LDD     2,X             member y of AnonStruct_main.c:30
0DF3 A38D0000         (           main.s):02792                 SUBD    _playerposition+2,PCR   optim: optimizeStackOperations4
                      (           main.s):02793         * Cast from `int' to byte: result already in B
0DF7 E7C8D3           (           main.s):02794                 STB     -45,U           variable dy
                      (           main.s):02795         * Line main.c:465: init of variable dx
                      (           main.s):02796         * optim: optimizeStackOperations4
                      (           main.s):02797         * optim: optimizeStackOperations4
0DFA E6C8D5           (           main.s):02798                 LDB     -43,U           variable i
                      (           main.s):02799         * optim: stripOpToDeadReg
0DFD 8606             (           main.s):02800                 LDA     #6              size of array element
0DFF 3D               (           main.s):02801                 MUL                     get offset in bytes in D
0E00 AE44             (           main.s):02802                 LDX     4,U             pointer cube
                      (           main.s):02803         * optim: optimizeLoadDX
0E02 EC8B             (           main.s):02804                 LDD     D,X             member x of AnonStruct_main.c:30 (optim: optimizeLoadDX)
0E04 A38D0000         (           main.s):02805                 SUBD    _playerposition+0,PCR   optim: optimizeStackOperations4
                      (           main.s):02806         * Cast from `int' to byte: result already in B
0E08 E7C8D4           (           main.s):02807                 STB     -44,U           variable dx
                      (           main.s):02808         * Line main.c:466: function call: project_point()
                      (           main.s):02809         * optim: storeLoad
0E0B 1D               (           main.s):02810                 SEX                     promoting byte argument to word
0E0C 3406             (           main.s):02811                 PSHS    B,A             C function argument 4 of project_point(): char
0E0E E6C8D3           (           main.s):02812                 LDB     -45,U           variable `dy', declared at main.c:464
0E11 1D               (           main.s):02813                 SEX                     promoting byte argument to word
0E12 3406             (           main.s):02814                 PSHS    B,A             C function argument 3 of project_point(): char
0E14 E6C8D2           (           main.s):02815                 LDB     -46,U           variable `dz', declared at main.c:463
0E17 1D               (           main.s):02816                 SEX                     promoting byte argument to word
0E18 3406             (           main.s):02817                 PSHS    B,A             C function argument 2 of project_point(): char
0E1A E6C8D5           (           main.s):02818                 LDB     -43,U           variable i
0E1D 4F               (           main.s):02819                 CLRA                    index expression is of byte type
0E1E 58               (           main.s):02820                 LSLB
0E1F 49               (           main.s):02821                 ROLA
0E20 58               (           main.s):02822                 LSLB
0E21 49               (           main.s):02823                 ROLA
0E22 30C8DC           (           main.s):02824                 LEAX    -36,U           address of array pts
0E25 308B             (           main.s):02825                 LEAX    D,X             add offset
0E27 3410             (           main.s):02826                 PSHS    X               C function argument 1 of project_point(): struct AnonStruct_main.c:20 *
0E29 BD0000           (           main.s):02827                 JSR     _project_point
0E2C 3268             (           main.s):02828                 LEAS    8,S
     0E2E             (           main.s):02829         L00246  EQU     *               end of if() started at main.c:459
                      (           main.s):02830         * Useless label L00242 removed
                      (           main.s):02831         * Line main.c:458: for increment(s)
0E2E 6CC8D5           (           main.s):02832                 INC     -43,U
     0E31             (           main.s):02833         L00241  EQU     *
                      (           main.s):02834         * Line main.c:458: for condition
0E31 E6C8D5           (           main.s):02835                 LDB     -43,U           variable i
0E34 C108             (           main.s):02836                 CMPB    #$08
0E36 1025FF5B         (           main.s):02837                 LBLO    L00240
                      (           main.s):02838         * optim: branchToNextLocation
                      (           main.s):02839         * Useless label L00243 removed
                      (           main.s):02840         * Line main.c:474: assignment: =
0E3A 6F5C             (           main.s):02841                 CLR     -4,U            assignment to variable currentposx
                      (           main.s):02842         * Line main.c:475: assignment: =
0E3C 6F5D             (           main.s):02843                 CLR     -3,U            assignment to variable currentposy
                      (           main.s):02844         * Line main.c:478: function call: reset_beam()
0E3E BD0000           (           main.s):02845                 JSR     _reset_beam
                      (           main.s):02846         * Line main.c:482: for init
                      (           main.s):02847         * Line main.c:482: init of variable i
0E41 6FC8D5           (           main.s):02848                 CLR     -43,U           init of variable i
0E44 1600DE           (           main.s):02849                 LBRA    L00248          jump to for condition
     0E47             (           main.s):02850         L00247  EQU     *
                      (           main.s):02851         * Line main.c:482: for body
                      (           main.s):02852         * Line main.c:483: if
0E47 E6C8D5           (           main.s):02853                 LDB     -43,U           variable i
0E4A 4F               (           main.s):02854                 CLRA                    index expression is of byte type
0E4B 58               (           main.s):02855                 LSLB
0E4C 49               (           main.s):02856                 ROLA
0E4D AE46             (           main.s):02857                 LDX     6,U             pointer edges
0E4F 308B             (           main.s):02858                 LEAX    D,X             add offset
0E51 1F10             (           main.s):02859                 TFR     X,D             array address as r-value
                      (           main.s):02860         * optim: stripConsecOppositeTFRs
0E53 E684             (           main.s):02861                 LDB     ,X              get r-value
0E55 C1FF             (           main.s):02862                 CMPB    #255
0E57 102700C7         (           main.s):02863                 LBEQ    L00249           (optim: condBranchOverUncondBranch) (optim: condBranchOverUncondBranch)
                      (           main.s):02864         * optim: condBranchOverUncondBranch
                      (           main.s):02865         * Useless label L00251 removed
                      (           main.s):02866         * Line main.c:483
                      (           main.s):02867         * optim: condBranchOverUncondBranch
                      (           main.s):02868         * Useless label L00252 removed
                      (           main.s):02869         * Useless label L00253 removed
                      (           main.s):02870         * Line main.c:485: init of variable p1
0E5B E6C8D5           (           main.s):02871                 LDB     -43,U           variable i
0E5E 4F               (           main.s):02872                 CLRA                    index expression is of byte type
0E5F 58               (           main.s):02873                 LSLB
0E60 49               (           main.s):02874                 ROLA
0E61 AE46             (           main.s):02875                 LDX     6,U             pointer edges
0E63 308B             (           main.s):02876                 LEAX    D,X             add offset
0E65 1F10             (           main.s):02877                 TFR     X,D             array address as r-value
                      (           main.s):02878         * optim: stripConsecOppositeTFRs
0E67 E684             (           main.s):02879                 LDB     ,X              get r-value
0E69 1D               (           main.s):02880                 SEX                     index expression is of byte type
0E6A 58               (           main.s):02881                 LSLB
0E6B 49               (           main.s):02882                 ROLA
0E6C 58               (           main.s):02883                 LSLB
0E6D 49               (           main.s):02884                 ROLA
0E6E 30C8DC           (           main.s):02885                 LEAX    -36,U           address of array pts
0E71 308B             (           main.s):02886                 LEAX    D,X             add offset
0E73 3410             (           main.s):02887                 PSHS    X               source struct
0E75 CC0004           (           main.s):02888                 LDD     #4              size of struct AnonStruct_main.c:20
0E78 30C8C9           (           main.s):02889                 LEAX    -55,U           destination struct: p1
0E7B 170000           (           main.s):02890                 LBSR    copyMem         initialize struct
0E7E 3262             (           main.s):02891                 LEAS    2,S
                      (           main.s):02892         * Line main.c:486: init of variable p2
0E80 E6C8D5           (           main.s):02893                 LDB     -43,U           variable i
0E83 4F               (           main.s):02894                 CLRA                    index expression is of byte type
0E84 58               (           main.s):02895                 LSLB
0E85 49               (           main.s):02896                 ROLA
0E86 AE46             (           main.s):02897                 LDX     6,U             pointer edges
0E88 308B             (           main.s):02898                 LEAX    D,X             add offset
0E8A 1F10             (           main.s):02899                 TFR     X,D             array address as r-value
                      (           main.s):02900         * optim: stripConsecOppositeTFRs
                      (           main.s):02901         * optim: optimizeLeax
0E8C E601             (           main.s):02902                 LDB     1,X             optim: optimizeLeax
0E8E 1D               (           main.s):02903                 SEX                     index expression is of byte type
0E8F 58               (           main.s):02904                 LSLB
0E90 49               (           main.s):02905                 ROLA
0E91 58               (           main.s):02906                 LSLB
0E92 49               (           main.s):02907                 ROLA
0E93 30C8DC           (           main.s):02908                 LEAX    -36,U           address of array pts
0E96 308B             (           main.s):02909                 LEAX    D,X             add offset
0E98 3410             (           main.s):02910                 PSHS    X               source struct
0E9A CC0004           (           main.s):02911                 LDD     #4              size of struct AnonStruct_main.c:20
0E9D 30C8CD           (           main.s):02912                 LEAX    -51,U           destination struct: p2
0EA0 170000           (           main.s):02913                 LBSR    copyMem         initialize struct
0EA3 3262             (           main.s):02914                 LEAS    2,S
                      (           main.s):02915         * Line main.c:488: if
0EA5 ECC8C9           (           main.s):02916                 LDD     -55,U           member x of AnonStruct_main.c:20, via variable p1
0EA8 1083FF80         (           main.s):02917                 CMPD    #65408
0EAC 10270072         (           main.s):02918                 LBEQ    L00249
                      (           main.s):02919         * optim: branchToNextLocation
                      (           main.s):02920         * Useless label L00256 removed
0EB0 ECC8CD           (           main.s):02921                 LDD     -51,U           member x of AnonStruct_main.c:20, via variable p2
0EB3 1083FF80         (           main.s):02922                 CMPD    #65408
0EB7 10270067         (           main.s):02923                 LBEQ    L00249           (optim: condBranchOverUncondBranch) (optim: condBranchOverUncondBranch)
                      (           main.s):02924         * optim: condBranchOverUncondBranch
                      (           main.s):02925         * Useless label L00254 removed
                      (           main.s):02926         * Line main.c:488
                      (           main.s):02927         * optim: condBranchOverUncondBranch
                      (           main.s):02928         * Useless label L00255 removed
                      (           main.s):02929         * Useless label L00257 removed
                      (           main.s):02930         * Line main.c:490: assignment: =
0EBB ECC8C9           (           main.s):02931                 LDD     -55,U           member x of AnonStruct_main.c:20, via variable p1
0EBE E75E             (           main.s):02932                 STB     -2,U
                      (           main.s):02933         * Line main.c:491: assignment: =
0EC0 ECC8CB           (           main.s):02934                 LDD     -53,U           member y of AnonStruct_main.c:20, via variable p1
0EC3 E75F             (           main.s):02935                 STB     -1,U
                      (           main.s):02936         * Line main.c:493: init of variable move_dy
                      (           main.s):02937         * optim: storeLoad
0EC5 E05D             (           main.s):02938                 SUBB    -3,U            variable currentposy
0EC7 E7C8D1           (           main.s):02939                 STB     -47,U           variable move_dy
                      (           main.s):02940         * Line main.c:494: init of variable move_dx
0ECA E65E             (           main.s):02941                 LDB     -2,U            variable newposx
0ECC E05C             (           main.s):02942                 SUBB    -4,U            variable currentposx
0ECE E7C8D2           (           main.s):02943                 STB     -46,U           variable move_dx
                      (           main.s):02944         * Line main.c:496: if
                      (           main.s):02945         * optim: storeLoad
                      (           main.s):02946         * optim: loadCmpZeroBeqOrBne
0ED1 2605             (           main.s):02947                 BNE     L00258
                      (           main.s):02948         * optim: branchToNextLocation
                      (           main.s):02949         * Useless label L00260 removed
0ED3 E6C8D1           (           main.s):02950                 LDB     -47,U           variable `move_dy', declared at main.c:493
                      (           main.s):02951         * optim: loadCmpZeroBeqOrBne
0ED6 2719             (           main.s):02952                 BEQ     L00259           (optim: condBranchOverUncondBranch)
                      (           main.s):02953         * optim: condBranchOverUncondBranch
     0ED8             (           main.s):02954         L00258  EQU     *               then clause of if() started at main.c:496
                      (           main.s):02955         * Line main.c:496
                      (           main.s):02956         * Line main.c:497: function call: move()
0ED8 E6C8D2           (           main.s):02957                 LDB     -46,U           variable `move_dx', declared at main.c:494
0EDB 1D               (           main.s):02958                 SEX                     promoting byte argument to word
0EDC 3406             (           main.s):02959                 PSHS    B,A             C function argument 2 of move(): char
0EDE E6C8D1           (           main.s):02960                 LDB     -47,U           variable `move_dy', declared at main.c:493
0EE1 1D               (           main.s):02961                 SEX                     promoting byte argument to word
0EE2 3406             (           main.s):02962                 PSHS    B,A             C function argument 1 of move(): char
0EE4 BD0000           (           main.s):02963                 JSR     _move
0EE7 3264             (           main.s):02964                 LEAS    4,S
                      (           main.s):02965         * Line main.c:499: assignment: =
0EE9 E65E             (           main.s):02966                 LDB     -2,U            variable `newposx', declared at main.c:472
0EEB E75C             (           main.s):02967                 STB     -4,U
                      (           main.s):02968         * Line main.c:500: assignment: =
0EED E65F             (           main.s):02969                 LDB     -1,U            variable `newposy', declared at main.c:473
0EEF E75D             (           main.s):02970                 STB     -3,U
     0EF1             (           main.s):02971         L00259  EQU     *               else clause of if() started at main.c:496
                      (           main.s):02972         * Useless label L00261 removed
                      (           main.s):02973         * Line main.c:503: init of variable deltax
                      (           main.s):02974         * optim: optimizeStackOperations4
                      (           main.s):02975         * optim: optimizeStackOperations4
0EF1 ECC8CD           (           main.s):02976                 LDD     -51,U           member x of AnonStruct_main.c:20, via variable p2
0EF4 A3C8C9           (           main.s):02977                 SUBD    -55,U           optim: optimizeStackOperations4
0EF7 E7C8D3           (           main.s):02978                 STB     -45,U           variable deltax
                      (           main.s):02979         * Line main.c:504: init of variable deltay
                      (           main.s):02980         * optim: optimizeStackOperations4
                      (           main.s):02981         * optim: optimizeStackOperations4
0EFA ECC8CF           (           main.s):02982                 LDD     -49,U           member y of AnonStruct_main.c:20, via variable p2
0EFD A3C8CB           (           main.s):02983                 SUBD    -53,U           optim: optimizeStackOperations4
0F00 E7C8D4           (           main.s):02984                 STB     -44,U           variable deltay
                      (           main.s):02985         * Line main.c:506: function call: line()
0F03 E6C8D3           (           main.s):02986                 LDB     -45,U           variable `deltax', declared at main.c:503
0F06 1D               (           main.s):02987                 SEX                     promoting byte argument to word
0F07 3406             (           main.s):02988                 PSHS    B,A             C function argument 2 of line(): char
0F09 E6C8D4           (           main.s):02989                 LDB     -44,U           variable `deltay', declared at main.c:504
0F0C 1D               (           main.s):02990                 SEX                     promoting byte argument to word
0F0D 3406             (           main.s):02991                 PSHS    B,A             C function argument 1 of line(): char
0F0F BD0000           (           main.s):02992                 JSR     _line
0F12 3264             (           main.s):02993                 LEAS    4,S
                      (           main.s):02994         * Line main.c:508: assignment: +=
0F14 E65C             (           main.s):02995                 LDB     -4,U            variable currentposx
0F16 EBC8D3           (           main.s):02996                 ADDB    -45,U           variable deltax
0F19 E75C             (           main.s):02997                 STB     -4,U            variable currentposx
                      (           main.s):02998         * Line main.c:509: assignment: +=
0F1B E65D             (           main.s):02999                 LDB     -3,U            variable currentposy
0F1D EBC8D4           (           main.s):03000                 ADDB    -44,U           variable deltay
0F20 E75D             (           main.s):03001                 STB     -3,U            variable currentposy
     0F22             (           main.s):03002         L00249  EQU     *
                      (           main.s):03003         * Line main.c:482: for increment(s)
0F22 6CC8D5           (           main.s):03004                 INC     -43,U
     0F25             (           main.s):03005         L00248  EQU     *
                      (           main.s):03006         * Line main.c:482: for condition
0F25 E6C8D5           (           main.s):03007                 LDB     -43,U           variable i
0F28 C10C             (           main.s):03008                 CMPB    #$0C
0F2A 1025FF19         (           main.s):03009                 LBLO    L00247
                      (           main.s):03010         * optim: branchToNextLocation
                      (           main.s):03011         * Useless label L00250 removed
     0F2E             (           main.s):03012         L00052  EQU     *               end of drawcube()
0F2E 32C4             (           main.s):03013                 LEAS    ,U
0F30 35C0             (           main.s):03014                 PULS    U,PC
                      (           main.s):03015         * END FUNCTION drawcube(): defined at main.c:446
     0F32             (           main.s):03016         funcend_drawcube        EQU *
     0209             (           main.s):03017         funcsize_drawcube       EQU     funcend_drawcube-_drawcube
                      (           main.s):03018         _createcubeat   EXPORT
                      (           main.s):03019         
                      (           main.s):03020         
                      (           main.s):03021         *******************************************************************************
                      (           main.s):03022         
                      (           main.s):03023         * FUNCTION createcubeat(): defined at main.c:513
     0F32             (           main.s):03024         _createcubeat   EQU     *
                      (           main.s):03025         * Prototype: void createcubeat(struct AnonStruct_main.c:30, char[] *, struct AnonStruct_main.c:30 *)
                      (           main.s):03026         * Calling convention: 0 (CMOC Default)
0F32 3440             (           main.s):03027                 PSHS    U
0F34 33E4             (           main.s):03028                 LEAU    ,S
0F36 32E8EB           (           main.s):03029                 LEAS    -21,S
                      (           main.s):03030         * Formal parameter(s):
                      (           main.s):03031         *      4,U:    6 bytes: cubepos: struct AnonStruct_main.c:30: line 513
                      (           main.s):03032         *     10,U:    2 bytes: edges: char[] *: line 513
                      (           main.s):03033         *     12,U:    2 bytes: out: struct AnonStruct_main.c:30 *: line 513
                      (           main.s):03034         * Local non-static variable(s):
                      (           main.s):03035         *    -21,U:    1 byte : x: char: line 548
                      (           main.s):03036         *    -20,U:    1 byte : y: char: line 549
                      (           main.s):03037         *    -19,U:    1 byte : z: char: line 550
                      (           main.s):03038         *    -18,U:    1 byte : upBlock: char: line 553
                      (           main.s):03039         *    -17,U:    1 byte : downBlock: char: line 554
                      (           main.s):03040         *    -16,U:    1 byte : leftBlock: char: line 556
                      (           main.s):03041         *    -15,U:    1 byte : rightBlock: char: line 557
                      (           main.s):03042         *    -14,U:    1 byte : frontBlock: char: line 559
                      (           main.s):03043         *    -13,U:    1 byte : backBlock: char: line 560
                      (           main.s):03044         *    -12,U:    1 byte : upInvis: char: line 563
                      (           main.s):03045         *    -11,U:    1 byte : downInvis: char: line 564
                      (           main.s):03046         *    -10,U:    1 byte : leftInvis: char: line 566
                      (           main.s):03047         *     -9,U:    1 byte : rightInvis: char: line 567
                      (           main.s):03048         *     -8,U:    1 byte : frontInvis: char: line 569
                      (           main.s):03049         *     -7,U:    1 byte : backInvis: char: line 570
                      (           main.s):03050         *     -6,U:    1 byte : up: char: line 573
                      (           main.s):03051         *     -5,U:    1 byte : down: char: line 574
                      (           main.s):03052         *     -4,U:    1 byte : left: char: line 576
                      (           main.s):03053         *     -3,U:    1 byte : right: char: line 577
                      (           main.s):03054         *     -2,U:    1 byte : front: char: line 579
                      (           main.s):03055         *     -1,U:    1 byte : back: char: line 580
                      (           main.s):03056         * Line main.c:515: assignment: =
                      (           main.s):03057         * optim: stripOpToDeadReg
                      (           main.s):03058         * optim: stripOpToDeadReg
                      (           main.s):03059         * PSHS B,A optim: optimizeStackOperations1
0F39 EC44             (           main.s):03060                 LDD     4,U             member x of AnonStruct_main.c:30, via variable cubepos
0F3B 830008           (           main.s):03061                 SUBD    #8              optim: optimizeStackOperations1
                      (           main.s):03062         * optim: stripUselessPushPull
                      (           main.s):03063         * optim: optimizeLdx
                      (           main.s):03064         * optim: stripUselessPushPull
0F3E EDD80C           (           main.s):03065                 STD     [12,U]          optim: optimizeLdx
                      (           main.s):03066         * Line main.c:516: assignment: =
                      (           main.s):03067         * LDD #$08 optim: optimizeStackOperations1
                      (           main.s):03068         * PSHS B,A optim: optimizeStackOperations1
0F41 EC46             (           main.s):03069                 LDD     6,U             member y of AnonStruct_main.c:30, via variable cubepos
0F43 830008           (           main.s):03070                 SUBD    #8              optim: optimizeStackOperations1
                      (           main.s):03071         * optim: stripUselessPushPull
0F46 AE4C             (           main.s):03072                 LDX     12,U            get pointer value from variable out
                      (           main.s):03073         * optim: optimizeLeax
                      (           main.s):03074         * optim: stripUselessPushPull
0F48 ED02             (           main.s):03075                 STD     2,X             optim: optimizeLeax
                      (           main.s):03076         * Line main.c:517: assignment: =
                      (           main.s):03077         * optim: stripOpToDeadReg
                      (           main.s):03078         * optim: stripOpToDeadReg
                      (           main.s):03079         * PSHS B,A optim: optimizeStackOperations1
0F4A EC48             (           main.s):03080                 LDD     8,U             member z of AnonStruct_main.c:30, via variable cubepos
0F4C 830008           (           main.s):03081                 SUBD    #8              optim: optimizeStackOperations1
                      (           main.s):03082         * optim: stripUselessPushPull
0F4F AE4C             (           main.s):03083                 LDX     12,U            get pointer value from variable out
                      (           main.s):03084         * optim: optimizeLeax
                      (           main.s):03085         * optim: stripUselessPushPull
0F51 ED04             (           main.s):03086                 STD     4,X             optim: optimizeLeax
                      (           main.s):03087         * Line main.c:519: assignment: =
0F53 EC44             (           main.s):03088                 LDD     4,U             member x of AnonStruct_main.c:30, via variable cubepos
                      (           main.s):03089         * optim: stripUselessPushPull
                      (           main.s):03090         * optim: removeRepeatedLDX
                      (           main.s):03091         * optim: optimizeLeax
                      (           main.s):03092         * optim: stripUselessPushPull
0F55 ED06             (           main.s):03093                 STD     6,X             optim: optimizeLeax
                      (           main.s):03094         * Line main.c:520: assignment: =
                      (           main.s):03095         * LDD #$08 optim: optimizeStackOperations1
                      (           main.s):03096         * PSHS B,A optim: optimizeStackOperations1
0F57 EC46             (           main.s):03097                 LDD     6,U             member y of AnonStruct_main.c:30, via variable cubepos
0F59 830008           (           main.s):03098                 SUBD    #8              optim: optimizeStackOperations1
                      (           main.s):03099         * optim: stripUselessPushPull
0F5C AE4C             (           main.s):03100                 LDX     12,U            get pointer value from variable out
                      (           main.s):03101         * optim: optimizeLeax
                      (           main.s):03102         * optim: coalesceConsecutiveLeax
                      (           main.s):03103         * optim: stripUselessPushPull
0F5E ED08             (           main.s):03104                 STD     8,X             optim: optimizeLeax
                      (           main.s):03105         * Line main.c:521: assignment: =
                      (           main.s):03106         * optim: stripOpToDeadReg
                      (           main.s):03107         * optim: stripOpToDeadReg
                      (           main.s):03108         * PSHS B,A optim: optimizeStackOperations1
0F60 EC48             (           main.s):03109                 LDD     8,U             member z of AnonStruct_main.c:30, via variable cubepos
0F62 830008           (           main.s):03110                 SUBD    #8              optim: optimizeStackOperations1
                      (           main.s):03111         * optim: stripUselessPushPull
0F65 AE4C             (           main.s):03112                 LDX     12,U            get pointer value from variable out
                      (           main.s):03113         * optim: optimizeLeax
                      (           main.s):03114         * optim: coalesceConsecutiveLeax
                      (           main.s):03115         * optim: stripUselessPushPull
0F67 ED0A             (           main.s):03116                 STD     10,X            optim: optimizeLeax
                      (           main.s):03117         * Line main.c:523: assignment: =
0F69 EC44             (           main.s):03118                 LDD     4,U             member x of AnonStruct_main.c:30, via variable cubepos
                      (           main.s):03119         * optim: stripUselessPushPull
                      (           main.s):03120         * optim: removeRepeatedLDX
                      (           main.s):03121         * optim: optimizeLeax
                      (           main.s):03122         * optim: stripUselessPushPull
0F6B ED0C             (           main.s):03123                 STD     12,X            optim: optimizeLeax
                      (           main.s):03124         * Line main.c:524: assignment: =
0F6D EC46             (           main.s):03125                 LDD     6,U             member y of AnonStruct_main.c:30, via variable cubepos
                      (           main.s):03126         * optim: stripUselessPushPull
                      (           main.s):03127         * optim: removeRepeatedLDX
                      (           main.s):03128         * optim: optimizeLeax
                      (           main.s):03129         * optim: coalesceConsecutiveLeax
                      (           main.s):03130         * optim: stripUselessPushPull
0F6F ED0E             (           main.s):03131                 STD     14,X            optim: optimizeLeax
                      (           main.s):03132         * Line main.c:525: assignment: =
                      (           main.s):03133         * LDD #$08 optim: optimizeStackOperations1
                      (           main.s):03134         * PSHS B,A optim: optimizeStackOperations1
0F71 EC48             (           main.s):03135                 LDD     8,U             member z of AnonStruct_main.c:30, via variable cubepos
0F73 830008           (           main.s):03136                 SUBD    #8              optim: optimizeStackOperations1
                      (           main.s):03137         * optim: stripUselessPushPull
0F76 AE4C             (           main.s):03138                 LDX     12,U            get pointer value from variable out
                      (           main.s):03139         * optim: optimizeLeax
                      (           main.s):03140         * optim: coalesceConsecutiveLeax
                      (           main.s):03141         * optim: stripUselessPushPull
0F78 ED8810           (           main.s):03142                 STD     16,X            optim: optimizeLeax
                      (           main.s):03143         * Line main.c:527: assignment: =
                      (           main.s):03144         * optim: stripOpToDeadReg
                      (           main.s):03145         * optim: stripOpToDeadReg
                      (           main.s):03146         * PSHS B,A optim: optimizeStackOperations1
0F7B EC44             (           main.s):03147                 LDD     4,U             member x of AnonStruct_main.c:30, via variable cubepos
0F7D 830008           (           main.s):03148                 SUBD    #8              optim: optimizeStackOperations1
                      (           main.s):03149         * optim: stripUselessPushPull
0F80 AE4C             (           main.s):03150                 LDX     12,U            get pointer value from variable out
                      (           main.s):03151         * optim: optimizeLeax
                      (           main.s):03152         * optim: stripUselessPushPull
0F82 ED8812           (           main.s):03153                 STD     18,X            optim: optimizeLeax
                      (           main.s):03154         * Line main.c:528: assignment: =
0F85 EC46             (           main.s):03155                 LDD     6,U             member y of AnonStruct_main.c:30, via variable cubepos
                      (           main.s):03156         * optim: stripUselessPushPull
                      (           main.s):03157         * optim: removeRepeatedLDX
                      (           main.s):03158         * optim: optimizeLeax
                      (           main.s):03159         * optim: coalesceConsecutiveLeax
                      (           main.s):03160         * optim: stripUselessPushPull
0F87 ED8814           (           main.s):03161                 STD     20,X            optim: optimizeLeax
                      (           main.s):03162         * Line main.c:529: assignment: =
                      (           main.s):03163         * LDD #$08 optim: optimizeStackOperations1
                      (           main.s):03164         * PSHS B,A optim: optimizeStackOperations1
0F8A EC48             (           main.s):03165                 LDD     8,U             member z of AnonStruct_main.c:30, via variable cubepos
0F8C 830008           (           main.s):03166                 SUBD    #8              optim: optimizeStackOperations1
                      (           main.s):03167         * optim: stripUselessPushPull
0F8F AE4C             (           main.s):03168                 LDX     12,U            get pointer value from variable out
                      (           main.s):03169         * optim: optimizeLeax
                      (           main.s):03170         * optim: coalesceConsecutiveLeax
                      (           main.s):03171         * optim: stripUselessPushPull
0F91 ED8816           (           main.s):03172                 STD     22,X            optim: optimizeLeax
                      (           main.s):03173         * Line main.c:531: assignment: =
                      (           main.s):03174         * optim: stripOpToDeadReg
                      (           main.s):03175         * optim: stripOpToDeadReg
                      (           main.s):03176         * PSHS B,A optim: optimizeStackOperations1
0F94 EC44             (           main.s):03177                 LDD     4,U             member x of AnonStruct_main.c:30, via variable cubepos
0F96 830008           (           main.s):03178                 SUBD    #8              optim: optimizeStackOperations1
                      (           main.s):03179         * optim: stripUselessPushPull
0F99 AE4C             (           main.s):03180                 LDX     12,U            get pointer value from variable out
                      (           main.s):03181         * optim: optimizeLeax
                      (           main.s):03182         * optim: stripUselessPushPull
0F9B ED8818           (           main.s):03183                 STD     24,X            optim: optimizeLeax
                      (           main.s):03184         * Line main.c:532: assignment: =
                      (           main.s):03185         * LDD #$08 optim: optimizeStackOperations1
                      (           main.s):03186         * PSHS B,A optim: optimizeStackOperations1
0F9E EC46             (           main.s):03187                 LDD     6,U             member y of AnonStruct_main.c:30, via variable cubepos
0FA0 830008           (           main.s):03188                 SUBD    #8              optim: optimizeStackOperations1
                      (           main.s):03189         * optim: stripUselessPushPull
0FA3 AE4C             (           main.s):03190                 LDX     12,U            get pointer value from variable out
                      (           main.s):03191         * optim: optimizeLeax
                      (           main.s):03192         * optim: coalesceConsecutiveLeax
                      (           main.s):03193         * optim: stripUselessPushPull
0FA5 ED881A           (           main.s):03194                 STD     26,X            optim: optimizeLeax
                      (           main.s):03195         * Line main.c:533: assignment: =
0FA8 EC48             (           main.s):03196                 LDD     8,U             member z of AnonStruct_main.c:30, via variable cubepos
                      (           main.s):03197         * optim: stripUselessPushPull
                      (           main.s):03198         * optim: removeRepeatedLDX
                      (           main.s):03199         * optim: optimizeLeax
                      (           main.s):03200         * optim: coalesceConsecutiveLeax
                      (           main.s):03201         * optim: stripUselessPushPull
0FAA ED881C           (           main.s):03202                 STD     28,X            optim: optimizeLeax
                      (           main.s):03203         * Line main.c:535: assignment: =
0FAD EC44             (           main.s):03204                 LDD     4,U             member x of AnonStruct_main.c:30, via variable cubepos
                      (           main.s):03205         * optim: stripUselessPushPull
                      (           main.s):03206         * optim: removeRepeatedLDX
                      (           main.s):03207         * optim: optimizeLeax
                      (           main.s):03208         * optim: stripUselessPushPull
0FAF ED881E           (           main.s):03209                 STD     30,X            optim: optimizeLeax
                      (           main.s):03210         * Line main.c:536: assignment: =
                      (           main.s):03211         * optim: stripOpToDeadReg
                      (           main.s):03212         * optim: stripOpToDeadReg
                      (           main.s):03213         * PSHS B,A optim: optimizeStackOperations1
0FB2 EC46             (           main.s):03214                 LDD     6,U             member y of AnonStruct_main.c:30, via variable cubepos
0FB4 830008           (           main.s):03215                 SUBD    #8              optim: optimizeStackOperations1
                      (           main.s):03216         * optim: stripUselessPushPull
0FB7 AE4C             (           main.s):03217                 LDX     12,U            get pointer value from variable out
                      (           main.s):03218         * optim: optimizeLeax
                      (           main.s):03219         * optim: coalesceConsecutiveLeax
                      (           main.s):03220         * optim: stripUselessPushPull
0FB9 ED8820           (           main.s):03221                 STD     32,X            optim: optimizeLeax
                      (           main.s):03222         * Line main.c:537: assignment: =
0FBC EC48             (           main.s):03223                 LDD     8,U             member z of AnonStruct_main.c:30, via variable cubepos
                      (           main.s):03224         * optim: stripUselessPushPull
                      (           main.s):03225         * optim: removeRepeatedLDX
                      (           main.s):03226         * optim: optimizeLeax
                      (           main.s):03227         * optim: coalesceConsecutiveLeax
                      (           main.s):03228         * optim: stripUselessPushPull
0FBE ED8822           (           main.s):03229                 STD     34,X            optim: optimizeLeax
                      (           main.s):03230         * Line main.c:539: assignment: =
0FC1 EC44             (           main.s):03231                 LDD     4,U             member x of AnonStruct_main.c:30, via variable cubepos
                      (           main.s):03232         * optim: stripUselessPushPull
                      (           main.s):03233         * optim: removeRepeatedLDX
                      (           main.s):03234         * optim: optimizeLeax
                      (           main.s):03235         * optim: stripUselessPushPull
0FC3 ED8824           (           main.s):03236                 STD     36,X            optim: optimizeLeax
                      (           main.s):03237         * Line main.c:540: assignment: =
0FC6 EC46             (           main.s):03238                 LDD     6,U             member y of AnonStruct_main.c:30, via variable cubepos
                      (           main.s):03239         * optim: stripUselessPushPull
                      (           main.s):03240         * optim: removeRepeatedLDX
                      (           main.s):03241         * optim: optimizeLeax
                      (           main.s):03242         * optim: coalesceConsecutiveLeax
                      (           main.s):03243         * optim: stripUselessPushPull
0FC8 ED8826           (           main.s):03244                 STD     38,X            optim: optimizeLeax
                      (           main.s):03245         * Line main.c:541: assignment: =
0FCB EC48             (           main.s):03246                 LDD     8,U             member z of AnonStruct_main.c:30, via variable cubepos
                      (           main.s):03247         * optim: stripUselessPushPull
                      (           main.s):03248         * optim: removeRepeatedLDX
                      (           main.s):03249         * optim: optimizeLeax
                      (           main.s):03250         * optim: coalesceConsecutiveLeax
                      (           main.s):03251         * optim: stripUselessPushPull
0FCD ED8828           (           main.s):03252                 STD     40,X            optim: optimizeLeax
                      (           main.s):03253         * Line main.c:543: assignment: =
                      (           main.s):03254         * LDD #$08 optim: optimizeStackOperations1
                      (           main.s):03255         * PSHS B,A optim: optimizeStackOperations1
0FD0 EC44             (           main.s):03256                 LDD     4,U             member x of AnonStruct_main.c:30, via variable cubepos
0FD2 830008           (           main.s):03257                 SUBD    #8              optim: optimizeStackOperations1
                      (           main.s):03258         * optim: stripUselessPushPull
0FD5 AE4C             (           main.s):03259                 LDX     12,U            get pointer value from variable out
                      (           main.s):03260         * optim: optimizeLeax
                      (           main.s):03261         * optim: stripUselessPushPull
0FD7 ED882A           (           main.s):03262                 STD     42,X            optim: optimizeLeax
                      (           main.s):03263         * Line main.c:544: assignment: =
0FDA EC46             (           main.s):03264                 LDD     6,U             member y of AnonStruct_main.c:30, via variable cubepos
                      (           main.s):03265         * optim: stripUselessPushPull
                      (           main.s):03266         * optim: removeRepeatedLDX
                      (           main.s):03267         * optim: optimizeLeax
                      (           main.s):03268         * optim: coalesceConsecutiveLeax
                      (           main.s):03269         * optim: stripUselessPushPull
0FDC ED882C           (           main.s):03270                 STD     44,X            optim: optimizeLeax
                      (           main.s):03271         * Line main.c:545: assignment: =
0FDF EC48             (           main.s):03272                 LDD     8,U             member z of AnonStruct_main.c:30, via variable cubepos
                      (           main.s):03273         * optim: stripUselessPushPull
                      (           main.s):03274         * optim: removeRepeatedLDX
                      (           main.s):03275         * optim: optimizeLeax
                      (           main.s):03276         * optim: coalesceConsecutiveLeax
                      (           main.s):03277         * optim: stripUselessPushPull
0FE1 ED882E           (           main.s):03278                 STD     46,X            optim: optimizeLeax
                      (           main.s):03279         * Line main.c:548: init of variable x
0FE4 EC44             (           main.s):03280                 LDD     4,U             member x of AnonStruct_main.c:30, via variable cubepos
0FE6 47               (           main.s):03281                 ASRA
0FE7 56               (           main.s):03282                 RORB
0FE8 47               (           main.s):03283                 ASRA
0FE9 56               (           main.s):03284                 RORB
0FEA 47               (           main.s):03285                 ASRA
0FEB 56               (           main.s):03286                 RORB
0FEC E7C8EB           (           main.s):03287                 STB     -21,U           variable x
                      (           main.s):03288         * Line main.c:549: init of variable y
0FEF EC46             (           main.s):03289                 LDD     6,U             member y of AnonStruct_main.c:30, via variable cubepos
0FF1 47               (           main.s):03290                 ASRA
0FF2 56               (           main.s):03291                 RORB
0FF3 47               (           main.s):03292                 ASRA
0FF4 56               (           main.s):03293                 RORB
0FF5 47               (           main.s):03294                 ASRA
0FF6 56               (           main.s):03295                 RORB
0FF7 E7C8EC           (           main.s):03296                 STB     -20,U           variable y
                      (           main.s):03297         * Line main.c:550: init of variable z
0FFA EC48             (           main.s):03298                 LDD     8,U             member z of AnonStruct_main.c:30, via variable cubepos
0FFC 47               (           main.s):03299                 ASRA
0FFD 56               (           main.s):03300                 RORB
0FFE 47               (           main.s):03301                 ASRA
0FFF 56               (           main.s):03302                 RORB
1000 47               (           main.s):03303                 ASRA
1001 56               (           main.s):03304                 RORB
1002 E7C8ED           (           main.s):03305                 STB     -19,U           variable z
                      (           main.s):03306         * Line main.c:553: init of variable upBlock
1005 E6C8EC           (           main.s):03307                 LDB     -20,U           variable y
1008 C102             (           main.s):03308                 CMPB    #$02
100A 2D03             (           main.s):03309                 BLT     L00263          if true
100C 5F               (           main.s):03310                 CLRB
100D 2002             (           main.s):03311                 BRA     L00264          false
     100F             (           main.s):03312         L00263  EQU     *
100F C601             (           main.s):03313                 LDB     #1
     1011             (           main.s):03314         L00264  EQU     *
1011 5D               (           main.s):03315                 TSTB                    &&
1012 2733             (           main.s):03316                 BEQ     L00262          && at main.c:553 yields false, B == 0
1014 E6C8ED           (           main.s):03317                 LDB     -19,U           variable z
1017 1D               (           main.s):03318                 SEX                     extend byte index expression
1018 3406             (           main.s):03319                 PSHS    B,A             preserve array index
101A E6C8EC           (           main.s):03320                 LDB     -20,U           variable y
101D CB01             (           main.s):03321                 ADDB    #$01            1
101F 1D               (           main.s):03322                 SEX                     index expression is of byte type
1020 8E0003           (           main.s):03323                 LDX     #3              size of array element
1023 170000           (           main.s):03324                 LBSR    MUL16           get offset in bytes in D
1026 3406             (           main.s):03325                 PSHS    B,A             preserve array index
1028 E6C8EB           (           main.s):03326                 LDB     -21,U           variable x
102B 1D               (           main.s):03327                 SEX                     index expression is of byte type
102C 8E0009           (           main.s):03328                 LDX     #9              size of array element
102F 170000           (           main.s):03329                 LBSR    MUL16           get offset in bytes in D
1032 8E0000           (           main.s):03330                 LDX     #_world+0       address of array world (optim: removePCRIfRelocatabilityNotSupported)
1035 308B             (           main.s):03331                 LEAX    D,X             add offset
1037 1F10             (           main.s):03332                 TFR     X,D             array address as r-value
1039 E3E1             (           main.s):03333                 ADDD    ,S++            add stacked array index to array address in D
103B 1F01             (           main.s):03334                 TFR     D,X             put resulting address in X
                      (           main.s):03335         * optim: stripConsecOppositeTFRs
103D E3E1             (           main.s):03336                 ADDD    ,S++            add stacked array index to array address in D
103F 1F01             (           main.s):03337                 TFR     D,X             put resulting address in X
1041 E684             (           main.s):03338                 LDB     ,X              get r-value
                      (           main.s):03339         * optim: loadCmpZeroBeqOrBne
1043 2702             (           main.s):03340                 BEQ     L00262          && at main.c:553 yields false, B == 0
1045 C601             (           main.s):03341                 LDB     #1              && yields true
     1047             (           main.s):03342         L00262  EQU     *
1047 E7C8EE           (           main.s):03343                 STB     -18,U           variable upBlock
                      (           main.s):03344         * Line main.c:554: init of variable downBlock
104A E6C8EC           (           main.s):03345                 LDB     -20,U           variable y
104D C100             (           main.s):03346                 CMPB    #$00
104F 2E03             (           main.s):03347                 BGT     L00266          if true
1051 5F               (           main.s):03348                 CLRB
1052 2002             (           main.s):03349                 BRA     L00267          false
     1054             (           main.s):03350         L00266  EQU     *
1054 C601             (           main.s):03351                 LDB     #1
     1056             (           main.s):03352         L00267  EQU     *
1056 5D               (           main.s):03353                 TSTB                    &&
1057 2733             (           main.s):03354                 BEQ     L00265          && at main.c:554 yields false, B == 0
1059 E6C8ED           (           main.s):03355                 LDB     -19,U           variable z
105C 1D               (           main.s):03356                 SEX                     extend byte index expression
105D 3406             (           main.s):03357                 PSHS    B,A             preserve array index
105F E6C8EC           (           main.s):03358                 LDB     -20,U           variable y
1062 CBFF             (           main.s):03359                 ADDB    #$FF            255
1064 1D               (           main.s):03360                 SEX                     index expression is of byte type
1065 8E0003           (           main.s):03361                 LDX     #3              size of array element
1068 170000           (           main.s):03362                 LBSR    MUL16           get offset in bytes in D
106B 3406             (           main.s):03363                 PSHS    B,A             preserve array index
106D E6C8EB           (           main.s):03364                 LDB     -21,U           variable x
1070 1D               (           main.s):03365                 SEX                     index expression is of byte type
1071 8E0009           (           main.s):03366                 LDX     #9              size of array element
1074 170000           (           main.s):03367                 LBSR    MUL16           get offset in bytes in D
1077 8E0000           (           main.s):03368                 LDX     #_world+0       address of array world (optim: removePCRIfRelocatabilityNotSupported)
107A 308B             (           main.s):03369                 LEAX    D,X             add offset
107C 1F10             (           main.s):03370                 TFR     X,D             array address as r-value
107E E3E1             (           main.s):03371                 ADDD    ,S++            add stacked array index to array address in D
1080 1F01             (           main.s):03372                 TFR     D,X             put resulting address in X
                      (           main.s):03373         * optim: stripConsecOppositeTFRs
1082 E3E1             (           main.s):03374                 ADDD    ,S++            add stacked array index to array address in D
1084 1F01             (           main.s):03375                 TFR     D,X             put resulting address in X
1086 E684             (           main.s):03376                 LDB     ,X              get r-value
                      (           main.s):03377         * optim: loadCmpZeroBeqOrBne
1088 2702             (           main.s):03378                 BEQ     L00265          && at main.c:554 yields false, B == 0
108A C601             (           main.s):03379                 LDB     #1              && yields true
     108C             (           main.s):03380         L00265  EQU     *
108C E7C8EF           (           main.s):03381                 STB     -17,U           variable downBlock
                      (           main.s):03382         * Line main.c:556: init of variable leftBlock
108F E6C8EB           (           main.s):03383                 LDB     -21,U           variable x
1092 C100             (           main.s):03384                 CMPB    #$00
1094 2E03             (           main.s):03385                 BGT     L00269          if true
1096 5F               (           main.s):03386                 CLRB
1097 2002             (           main.s):03387                 BRA     L00270          false
     1099             (           main.s):03388         L00269  EQU     *
1099 C601             (           main.s):03389                 LDB     #1
     109B             (           main.s):03390         L00270  EQU     *
109B 5D               (           main.s):03391                 TSTB                    &&
109C 2733             (           main.s):03392                 BEQ     L00268          && at main.c:556 yields false, B == 0
109E E6C8ED           (           main.s):03393                 LDB     -19,U           variable z
10A1 1D               (           main.s):03394                 SEX                     extend byte index expression
10A2 3406             (           main.s):03395                 PSHS    B,A             preserve array index
10A4 E6C8EC           (           main.s):03396                 LDB     -20,U           variable y
10A7 1D               (           main.s):03397                 SEX                     index expression is of byte type
10A8 8E0003           (           main.s):03398                 LDX     #3              size of array element
10AB 170000           (           main.s):03399                 LBSR    MUL16           get offset in bytes in D
10AE 3406             (           main.s):03400                 PSHS    B,A             preserve array index
10B0 E6C8EB           (           main.s):03401                 LDB     -21,U           variable x
10B3 CBFF             (           main.s):03402                 ADDB    #$FF            255
10B5 1D               (           main.s):03403                 SEX                     index expression is of byte type
10B6 8E0009           (           main.s):03404                 LDX     #9              size of array element
10B9 170000           (           main.s):03405                 LBSR    MUL16           get offset in bytes in D
10BC 8E0000           (           main.s):03406                 LDX     #_world+0       address of array world (optim: removePCRIfRelocatabilityNotSupported)
10BF 308B             (           main.s):03407                 LEAX    D,X             add offset
10C1 1F10             (           main.s):03408                 TFR     X,D             array address as r-value
10C3 E3E1             (           main.s):03409                 ADDD    ,S++            add stacked array index to array address in D
10C5 1F01             (           main.s):03410                 TFR     D,X             put resulting address in X
                      (           main.s):03411         * optim: stripConsecOppositeTFRs
10C7 E3E1             (           main.s):03412                 ADDD    ,S++            add stacked array index to array address in D
10C9 1F01             (           main.s):03413                 TFR     D,X             put resulting address in X
10CB E684             (           main.s):03414                 LDB     ,X              get r-value
                      (           main.s):03415         * optim: loadCmpZeroBeqOrBne
10CD 2702             (           main.s):03416                 BEQ     L00268          && at main.c:556 yields false, B == 0
10CF C601             (           main.s):03417                 LDB     #1              && yields true
     10D1             (           main.s):03418         L00268  EQU     *
10D1 E750             (           main.s):03419                 STB     -16,U           variable leftBlock
                      (           main.s):03420         * Line main.c:557: init of variable rightBlock
10D3 E6C8EB           (           main.s):03421                 LDB     -21,U           variable x
10D6 C102             (           main.s):03422                 CMPB    #$02
10D8 2D03             (           main.s):03423                 BLT     L00272          if true
10DA 5F               (           main.s):03424                 CLRB
10DB 2002             (           main.s):03425                 BRA     L00273          false
     10DD             (           main.s):03426         L00272  EQU     *
10DD C601             (           main.s):03427                 LDB     #1
     10DF             (           main.s):03428         L00273  EQU     *
10DF 5D               (           main.s):03429                 TSTB                    &&
10E0 2733             (           main.s):03430                 BEQ     L00271          && at main.c:557 yields false, B == 0
10E2 E6C8ED           (           main.s):03431                 LDB     -19,U           variable z
10E5 1D               (           main.s):03432                 SEX                     extend byte index expression
10E6 3406             (           main.s):03433                 PSHS    B,A             preserve array index
10E8 E6C8EC           (           main.s):03434                 LDB     -20,U           variable y
10EB 1D               (           main.s):03435                 SEX                     index expression is of byte type
10EC 8E0003           (           main.s):03436                 LDX     #3              size of array element
10EF 170000           (           main.s):03437                 LBSR    MUL16           get offset in bytes in D
10F2 3406             (           main.s):03438                 PSHS    B,A             preserve array index
10F4 E6C8EB           (           main.s):03439                 LDB     -21,U           variable x
10F7 CB01             (           main.s):03440                 ADDB    #$01            1
10F9 1D               (           main.s):03441                 SEX                     index expression is of byte type
10FA 8E0009           (           main.s):03442                 LDX     #9              size of array element
10FD 170000           (           main.s):03443                 LBSR    MUL16           get offset in bytes in D
1100 8E0000           (           main.s):03444                 LDX     #_world+0       address of array world (optim: removePCRIfRelocatabilityNotSupported)
1103 308B             (           main.s):03445                 LEAX    D,X             add offset
1105 1F10             (           main.s):03446                 TFR     X,D             array address as r-value
1107 E3E1             (           main.s):03447                 ADDD    ,S++            add stacked array index to array address in D
1109 1F01             (           main.s):03448                 TFR     D,X             put resulting address in X
                      (           main.s):03449         * optim: stripConsecOppositeTFRs
110B E3E1             (           main.s):03450                 ADDD    ,S++            add stacked array index to array address in D
110D 1F01             (           main.s):03451                 TFR     D,X             put resulting address in X
110F E684             (           main.s):03452                 LDB     ,X              get r-value
                      (           main.s):03453         * optim: loadCmpZeroBeqOrBne
1111 2702             (           main.s):03454                 BEQ     L00271          && at main.c:557 yields false, B == 0
1113 C601             (           main.s):03455                 LDB     #1              && yields true
     1115             (           main.s):03456         L00271  EQU     *
1115 E751             (           main.s):03457                 STB     -15,U           variable rightBlock
                      (           main.s):03458         * Line main.c:559: init of variable frontBlock
1117 E6C8ED           (           main.s):03459                 LDB     -19,U           variable z
111A C102             (           main.s):03460                 CMPB    #$02
111C 2D03             (           main.s):03461                 BLT     L00275          if true
111E 5F               (           main.s):03462                 CLRB
111F 2002             (           main.s):03463                 BRA     L00276          false
     1121             (           main.s):03464         L00275  EQU     *
1121 C601             (           main.s):03465                 LDB     #1
     1123             (           main.s):03466         L00276  EQU     *
1123 5D               (           main.s):03467                 TSTB                    &&
1124 2733             (           main.s):03468                 BEQ     L00274          && at main.c:559 yields false, B == 0
1126 E6C8ED           (           main.s):03469                 LDB     -19,U           variable z
1129 CB01             (           main.s):03470                 ADDB    #$01            1
112B 1D               (           main.s):03471                 SEX                     extend byte index expression
112C 3406             (           main.s):03472                 PSHS    B,A             preserve array index
112E E6C8EC           (           main.s):03473                 LDB     -20,U           variable y
1131 1D               (           main.s):03474                 SEX                     index expression is of byte type
1132 8E0003           (           main.s):03475                 LDX     #3              size of array element
1135 170000           (           main.s):03476                 LBSR    MUL16           get offset in bytes in D
1138 3406             (           main.s):03477                 PSHS    B,A             preserve array index
113A E6C8EB           (           main.s):03478                 LDB     -21,U           variable x
113D 1D               (           main.s):03479                 SEX                     index expression is of byte type
113E 8E0009           (           main.s):03480                 LDX     #9              size of array element
1141 170000           (           main.s):03481                 LBSR    MUL16           get offset in bytes in D
1144 8E0000           (           main.s):03482                 LDX     #_world+0       address of array world (optim: removePCRIfRelocatabilityNotSupported)
1147 308B             (           main.s):03483                 LEAX    D,X             add offset
1149 1F10             (           main.s):03484                 TFR     X,D             array address as r-value
114B E3E1             (           main.s):03485                 ADDD    ,S++            add stacked array index to array address in D
114D 1F01             (           main.s):03486                 TFR     D,X             put resulting address in X
                      (           main.s):03487         * optim: stripConsecOppositeTFRs
114F E3E1             (           main.s):03488                 ADDD    ,S++            add stacked array index to array address in D
1151 1F01             (           main.s):03489                 TFR     D,X             put resulting address in X
1153 E684             (           main.s):03490                 LDB     ,X              get r-value
                      (           main.s):03491         * optim: loadCmpZeroBeqOrBne
1155 2702             (           main.s):03492                 BEQ     L00274          && at main.c:559 yields false, B == 0
1157 C601             (           main.s):03493                 LDB     #1              && yields true
     1159             (           main.s):03494         L00274  EQU     *
1159 E752             (           main.s):03495                 STB     -14,U           variable frontBlock
                      (           main.s):03496         * Line main.c:560: init of variable backBlock
115B E6C8ED           (           main.s):03497                 LDB     -19,U           variable z
115E C100             (           main.s):03498                 CMPB    #$00
1160 2E03             (           main.s):03499                 BGT     L00278          if true
1162 5F               (           main.s):03500                 CLRB
1163 2002             (           main.s):03501                 BRA     L00279          false
     1165             (           main.s):03502         L00278  EQU     *
1165 C601             (           main.s):03503                 LDB     #1
     1167             (           main.s):03504         L00279  EQU     *
1167 5D               (           main.s):03505                 TSTB                    &&
1168 2733             (           main.s):03506                 BEQ     L00277          && at main.c:560 yields false, B == 0
116A E6C8ED           (           main.s):03507                 LDB     -19,U           variable z
116D CBFF             (           main.s):03508                 ADDB    #$FF            255
116F 1D               (           main.s):03509                 SEX                     extend byte index expression
1170 3406             (           main.s):03510                 PSHS    B,A             preserve array index
1172 E6C8EC           (           main.s):03511                 LDB     -20,U           variable y
1175 1D               (           main.s):03512                 SEX                     index expression is of byte type
1176 8E0003           (           main.s):03513                 LDX     #3              size of array element
1179 170000           (           main.s):03514                 LBSR    MUL16           get offset in bytes in D
117C 3406             (           main.s):03515                 PSHS    B,A             preserve array index
117E E6C8EB           (           main.s):03516                 LDB     -21,U           variable x
1181 1D               (           main.s):03517                 SEX                     index expression is of byte type
1182 8E0009           (           main.s):03518                 LDX     #9              size of array element
1185 170000           (           main.s):03519                 LBSR    MUL16           get offset in bytes in D
1188 8E0000           (           main.s):03520                 LDX     #_world+0       address of array world (optim: removePCRIfRelocatabilityNotSupported)
118B 308B             (           main.s):03521                 LEAX    D,X             add offset
118D 1F10             (           main.s):03522                 TFR     X,D             array address as r-value
118F E3E1             (           main.s):03523                 ADDD    ,S++            add stacked array index to array address in D
1191 1F01             (           main.s):03524                 TFR     D,X             put resulting address in X
                      (           main.s):03525         * optim: stripConsecOppositeTFRs
1193 E3E1             (           main.s):03526                 ADDD    ,S++            add stacked array index to array address in D
1195 1F01             (           main.s):03527                 TFR     D,X             put resulting address in X
1197 E684             (           main.s):03528                 LDB     ,X              get r-value
                      (           main.s):03529         * optim: loadCmpZeroBeqOrBne
1199 2702             (           main.s):03530                 BEQ     L00277          && at main.c:560 yields false, B == 0
119B C601             (           main.s):03531                 LDB     #1              && yields true
     119D             (           main.s):03532         L00277  EQU     *
119D E753             (           main.s):03533                 STB     -13,U           variable backBlock
                      (           main.s):03534         * Line main.c:563: init of variable upInvis
                      (           main.s):03535         * optim: optimizeStackOperations4
                      (           main.s):03536         * optim: optimizeStackOperations4
119F FC0000           (           main.s):03537                 LDD     _playerposition+2       member y of AnonStruct_main.c:30, via variable playerposition (optim: removePCRIfRelocatabilityNotSupported)
11A2 10A346           (           main.s):03538                 CMPD    6,U             optim: optimizeStackOperations4
11A5 2F03             (           main.s):03539                 BLE     L00280          if true
11A7 5F               (           main.s):03540                 CLRB
11A8 2002             (           main.s):03541                 BRA     L00281          false
     11AA             (           main.s):03542         L00280  EQU     *
11AA C601             (           main.s):03543                 LDB     #1
     11AC             (           main.s):03544         L00281  EQU     *
11AC E754             (           main.s):03545                 STB     -12,U           variable upInvis
                      (           main.s):03546         * Line main.c:564: init of variable downInvis
                      (           main.s):03547         * optim: stripOpToDeadReg
                      (           main.s):03548         * optim: stripOpToDeadReg
                      (           main.s):03549         * PSHS B,A optim: optimizeStackOperations1
11AE EC46             (           main.s):03550                 LDD     6,U             member y of AnonStruct_main.c:30, via variable cubepos
11B0 830008           (           main.s):03551                 SUBD    #8              optim: optimizeStackOperations1
11B3 3406             (           main.s):03552                 PSHS    B,A             operands of superior or equal are not both byte-sized
11B5 FC0000           (           main.s):03553                 LDD     _playerposition+2       member y of AnonStruct_main.c:30, via variable playerposition (optim: removePCRIfRelocatabilityNotSupported)
11B8 10A3E1           (           main.s):03554                 CMPD    ,S++
11BB 2C03             (           main.s):03555                 BGE     L00282          if true
11BD 5F               (           main.s):03556                 CLRB
11BE 2002             (           main.s):03557                 BRA     L00283          false
     11C0             (           main.s):03558         L00282  EQU     *
11C0 C601             (           main.s):03559                 LDB     #1
     11C2             (           main.s):03560         L00283  EQU     *
11C2 E755             (           main.s):03561                 STB     -11,U           variable downInvis
                      (           main.s):03562         * Line main.c:566: init of variable leftInvis
                      (           main.s):03563         * optim: stripOpToDeadReg
                      (           main.s):03564         * optim: stripOpToDeadReg
                      (           main.s):03565         * PSHS B,A optim: optimizeStackOperations1
11C4 EC44             (           main.s):03566                 LDD     4,U             member x of AnonStruct_main.c:30, via variable cubepos
11C6 830008           (           main.s):03567                 SUBD    #8              optim: optimizeStackOperations1
11C9 3406             (           main.s):03568                 PSHS    B,A             operands of superior or equal are not both byte-sized
11CB FC0000           (           main.s):03569                 LDD     _playerposition+0       member x of AnonStruct_main.c:30, via variable playerposition (optim: removePCRIfRelocatabilityNotSupported)
11CE 10A3E1           (           main.s):03570                 CMPD    ,S++
11D1 2C03             (           main.s):03571                 BGE     L00284          if true
11D3 5F               (           main.s):03572                 CLRB
11D4 2002             (           main.s):03573                 BRA     L00285          false
     11D6             (           main.s):03574         L00284  EQU     *
11D6 C601             (           main.s):03575                 LDB     #1
     11D8             (           main.s):03576         L00285  EQU     *
11D8 E756             (           main.s):03577                 STB     -10,U           variable leftInvis
                      (           main.s):03578         * Line main.c:567: init of variable rightInvis
                      (           main.s):03579         * optim: optimizeStackOperations4
                      (           main.s):03580         * optim: optimizeStackOperations4
11DA FC0000           (           main.s):03581                 LDD     _playerposition+0       member x of AnonStruct_main.c:30, via variable playerposition (optim: removePCRIfRelocatabilityNotSupported)
11DD 10A344           (           main.s):03582                 CMPD    4,U             optim: optimizeStackOperations4
11E0 2F03             (           main.s):03583                 BLE     L00286          if true
11E2 5F               (           main.s):03584                 CLRB
11E3 2002             (           main.s):03585                 BRA     L00287          false
     11E5             (           main.s):03586         L00286  EQU     *
11E5 C601             (           main.s):03587                 LDB     #1
     11E7             (           main.s):03588         L00287  EQU     *
11E7 E757             (           main.s):03589                 STB     -9,U            variable rightInvis
                      (           main.s):03590         * Line main.c:569: init of variable frontInvis
                      (           main.s):03591         * optim: optimizeStackOperations4
                      (           main.s):03592         * optim: optimizeStackOperations4
11E9 FC0000           (           main.s):03593                 LDD     _playerposition+4       member z of AnonStruct_main.c:30, via variable playerposition (optim: removePCRIfRelocatabilityNotSupported)
11EC 10A348           (           main.s):03594                 CMPD    8,U             optim: optimizeStackOperations4
11EF 2F03             (           main.s):03595                 BLE     L00288          if true
11F1 5F               (           main.s):03596                 CLRB
11F2 2002             (           main.s):03597                 BRA     L00289          false
     11F4             (           main.s):03598         L00288  EQU     *
11F4 C601             (           main.s):03599                 LDB     #1
     11F6             (           main.s):03600         L00289  EQU     *
11F6 E758             (           main.s):03601                 STB     -8,U            variable frontInvis
                      (           main.s):03602         * Line main.c:570: init of variable backInvis
                      (           main.s):03603         * optim: stripOpToDeadReg
                      (           main.s):03604         * optim: stripOpToDeadReg
                      (           main.s):03605         * PSHS B,A optim: optimizeStackOperations1
11F8 EC48             (           main.s):03606                 LDD     8,U             member z of AnonStruct_main.c:30, via variable cubepos
11FA 830008           (           main.s):03607                 SUBD    #8              optim: optimizeStackOperations1
11FD 3406             (           main.s):03608                 PSHS    B,A             operands of superior or equal are not both byte-sized
11FF FC0000           (           main.s):03609                 LDD     _playerposition+4       member z of AnonStruct_main.c:30, via variable playerposition (optim: removePCRIfRelocatabilityNotSupported)
1202 10A3E1           (           main.s):03610                 CMPD    ,S++
1205 2C03             (           main.s):03611                 BGE     L00290          if true
1207 5F               (           main.s):03612                 CLRB
1208 2002             (           main.s):03613                 BRA     L00291          false
     120A             (           main.s):03614         L00290  EQU     *
120A C601             (           main.s):03615                 LDB     #1
     120C             (           main.s):03616         L00291  EQU     *
120C E759             (           main.s):03617                 STB     -7,U            variable backInvis
                      (           main.s):03618         * Line main.c:573: init of variable up
120E E6C8EE           (           main.s):03619                 LDB     -18,U           variable `upBlock', declared at main.c:553
                      (           main.s):03620         * optim: loadCmpZeroBeqOrBne
1211 2604             (           main.s):03621                 BNE     L00292          || yields true
1213 E654             (           main.s):03622                 LDB     -12,U           variable `upInvis', declared at main.c:563
                      (           main.s):03623         * optim: loadCmpZeroBeqOrBne
1215 2700             (           main.s):03624                 BEQ     L00293
     1217             (           main.s):03625         L00292  EQU     *               || at main.c:573 yields true, B != 0
     1217             (           main.s):03626         L00293  EQU     *
1217 E75A             (           main.s):03627                 STB     -6,U            variable up
                      (           main.s):03628         * Line main.c:574: init of variable down
1219 E6C8EF           (           main.s):03629                 LDB     -17,U           variable `downBlock', declared at main.c:554
                      (           main.s):03630         * optim: loadCmpZeroBeqOrBne
121C 2604             (           main.s):03631                 BNE     L00294          || yields true
121E E655             (           main.s):03632                 LDB     -11,U           variable `downInvis', declared at main.c:564
                      (           main.s):03633         * optim: loadCmpZeroBeqOrBne
1220 2700             (           main.s):03634                 BEQ     L00295
     1222             (           main.s):03635         L00294  EQU     *               || at main.c:574 yields true, B != 0
     1222             (           main.s):03636         L00295  EQU     *
1222 E75B             (           main.s):03637                 STB     -5,U            variable down
                      (           main.s):03638         * Line main.c:576: init of variable left
1224 E650             (           main.s):03639                 LDB     -16,U           variable `leftBlock', declared at main.c:556
                      (           main.s):03640         * optim: loadCmpZeroBeqOrBne
1226 2604             (           main.s):03641                 BNE     L00296          || yields true
1228 E656             (           main.s):03642                 LDB     -10,U           variable `leftInvis', declared at main.c:566
                      (           main.s):03643         * optim: loadCmpZeroBeqOrBne
122A 2700             (           main.s):03644                 BEQ     L00297
     122C             (           main.s):03645         L00296  EQU     *               || at main.c:576 yields true, B != 0
     122C             (           main.s):03646         L00297  EQU     *
122C E75C             (           main.s):03647                 STB     -4,U            variable left
                      (           main.s):03648         * Line main.c:577: init of variable right
122E E651             (           main.s):03649                 LDB     -15,U           variable `rightBlock', declared at main.c:557
                      (           main.s):03650         * optim: loadCmpZeroBeqOrBne
1230 2604             (           main.s):03651                 BNE     L00298          || yields true
1232 E657             (           main.s):03652                 LDB     -9,U            variable `rightInvis', declared at main.c:567
                      (           main.s):03653         * optim: loadCmpZeroBeqOrBne
1234 2700             (           main.s):03654                 BEQ     L00299
     1236             (           main.s):03655         L00298  EQU     *               || at main.c:577 yields true, B != 0
     1236             (           main.s):03656         L00299  EQU     *
1236 E75D             (           main.s):03657                 STB     -3,U            variable right
                      (           main.s):03658         * Line main.c:579: init of variable front
1238 E652             (           main.s):03659                 LDB     -14,U           variable `frontBlock', declared at main.c:559
                      (           main.s):03660         * optim: loadCmpZeroBeqOrBne
123A 2604             (           main.s):03661                 BNE     L00300          || yields true
123C E658             (           main.s):03662                 LDB     -8,U            variable `frontInvis', declared at main.c:569
                      (           main.s):03663         * optim: loadCmpZeroBeqOrBne
123E 2700             (           main.s):03664                 BEQ     L00301
     1240             (           main.s):03665         L00300  EQU     *               || at main.c:579 yields true, B != 0
     1240             (           main.s):03666         L00301  EQU     *
1240 E75E             (           main.s):03667                 STB     -2,U            variable front
                      (           main.s):03668         * Line main.c:580: init of variable back
1242 E653             (           main.s):03669                 LDB     -13,U           variable `backBlock', declared at main.c:560
                      (           main.s):03670         * optim: loadCmpZeroBeqOrBne
1244 2604             (           main.s):03671                 BNE     L00302          || yields true
1246 E659             (           main.s):03672                 LDB     -7,U            variable `backInvis', declared at main.c:570
                      (           main.s):03673         * optim: loadCmpZeroBeqOrBne
1248 2700             (           main.s):03674                 BEQ     L00303
     124A             (           main.s):03675         L00302  EQU     *               || at main.c:580 yields true, B != 0
     124A             (           main.s):03676         L00303  EQU     *
124A E75F             (           main.s):03677                 STB     -1,U            variable back
                      (           main.s):03678         * Line main.c:583: if
                      (           main.s):03679         * optim: storeLoad
                      (           main.s):03680         * optim: loadCmpZeroBeqOrBne
124C 271A             (           main.s):03681                 BEQ     L00305           (optim: condBranchOverUncondBranch)
                      (           main.s):03682         * optim: condBranchOverUncondBranch
                      (           main.s):03683         * Useless label L00307 removed
124E E65B             (           main.s):03684                 LDB     -5,U            variable `down', declared at main.c:574
                      (           main.s):03685         * optim: loadCmpZeroBeqOrBne
1250 2716             (           main.s):03686                 BEQ     L00305           (optim: condBranchOverUncondBranch)
                      (           main.s):03687         * optim: condBranchOverUncondBranch
                      (           main.s):03688         * Useless label L00306 removed
1252 E65C             (           main.s):03689                 LDB     -4,U            variable `left', declared at main.c:576
                      (           main.s):03690         * optim: loadCmpZeroBeqOrBne
1254 2712             (           main.s):03691                 BEQ     L00305           (optim: condBranchOverUncondBranch)
                      (           main.s):03692         * optim: condBranchOverUncondBranch
                      (           main.s):03693         * Useless label L00304 removed
                      (           main.s):03694         * Line main.c:583
                      (           main.s):03695         * Line main.c:584: assignment: =
1256 CCFF80           (           main.s):03696                 LDD     #$FF80          constant expression: 65408 decimal, signed
                      (           main.s):03697         * optim: stripUselessPushPull
                      (           main.s):03698         * optim: optimizeLdx
                      (           main.s):03699         * optim: stripUselessPushPull
1259 EDD80C           (           main.s):03700                 STD     [12,U]          optim: optimizeLdx
                      (           main.s):03701         * Line main.c:585: assignment: =
125C CCFF80           (           main.s):03702                 LDD     #$FF80          constant expression: 65408 decimal, signed
                      (           main.s):03703         * optim: stripUselessPushPull
125F AE4C             (           main.s):03704                 LDX     12,U            get pointer value from variable out
                      (           main.s):03705         * optim: optimizeLeax
                      (           main.s):03706         * optim: stripUselessPushPull
1261 ED02             (           main.s):03707                 STD     2,X             optim: optimizeLeax
                      (           main.s):03708         * Line main.c:586: assignment: =
1263 CCFF80           (           main.s):03709                 LDD     #$FF80          constant expression: 65408 decimal, signed
                      (           main.s):03710         * optim: stripUselessPushPull
                      (           main.s):03711         * optim: removeRepeatedLDX
                      (           main.s):03712         * optim: optimizeLeax
                      (           main.s):03713         * optim: stripUselessPushPull
1266 ED04             (           main.s):03714                 STD     4,X             optim: optimizeLeax
     1268             (           main.s):03715         L00305  EQU     *               else clause of if() started at main.c:583
                      (           main.s):03716         * Useless label L00308 removed
                      (           main.s):03717         * Line main.c:589: if
1268 E65F             (           main.s):03718                 LDB     -1,U            variable `back', declared at main.c:580
                      (           main.s):03719         * optim: loadCmpZeroBeqOrBne
126A 2719             (           main.s):03720                 BEQ     L00310           (optim: condBranchOverUncondBranch)
                      (           main.s):03721         * optim: condBranchOverUncondBranch
                      (           main.s):03722         * Useless label L00312 removed
126C E65B             (           main.s):03723                 LDB     -5,U            variable `down', declared at main.c:574
                      (           main.s):03724         * optim: loadCmpZeroBeqOrBne
126E 2715             (           main.s):03725                 BEQ     L00310           (optim: condBranchOverUncondBranch)
                      (           main.s):03726         * optim: condBranchOverUncondBranch
                      (           main.s):03727         * Useless label L00311 removed
1270 E65D             (           main.s):03728                 LDB     -3,U            variable `right', declared at main.c:577
                      (           main.s):03729         * optim: loadCmpZeroBeqOrBne
1272 2711             (           main.s):03730                 BEQ     L00310           (optim: condBranchOverUncondBranch)
                      (           main.s):03731         * optim: condBranchOverUncondBranch
                      (           main.s):03732         * Useless label L00309 removed
                      (           main.s):03733         * Line main.c:589
                      (           main.s):03734         * Line main.c:590: assignment: =
1274 CCFF80           (           main.s):03735                 LDD     #$FF80          constant expression: 65408 decimal, signed
                      (           main.s):03736         * optim: stripUselessPushPull
1277 AE4C             (           main.s):03737                 LDX     12,U            get pointer value from variable out
                      (           main.s):03738         * optim: optimizeLeax
                      (           main.s):03739         * optim: stripUselessPushPull
1279 ED06             (           main.s):03740                 STD     6,X             optim: optimizeLeax
                      (           main.s):03741         * Line main.c:591: assignment: =
127B CCFF80           (           main.s):03742                 LDD     #$FF80          constant expression: 65408 decimal, signed
                      (           main.s):03743         * optim: stripUselessPushPull
                      (           main.s):03744         * optim: removeRepeatedLDX
                      (           main.s):03745         * optim: optimizeLeax
                      (           main.s):03746         * optim: coalesceConsecutiveLeax
                      (           main.s):03747         * optim: stripUselessPushPull
127E ED08             (           main.s):03748                 STD     8,X             optim: optimizeLeax
                      (           main.s):03749         * Line main.c:592: assignment: =
1280 CCFF80           (           main.s):03750                 LDD     #$FF80          constant expression: 65408 decimal, signed
                      (           main.s):03751         * optim: stripUselessPushPull
                      (           main.s):03752         * optim: removeRepeatedLDX
                      (           main.s):03753         * optim: optimizeLeax
                      (           main.s):03754         * optim: coalesceConsecutiveLeax
                      (           main.s):03755         * optim: stripUselessPushPull
1283 ED0A             (           main.s):03756                 STD     10,X            optim: optimizeLeax
     1285             (           main.s):03757         L00310  EQU     *               else clause of if() started at main.c:589
                      (           main.s):03758         * Useless label L00313 removed
                      (           main.s):03759         * Line main.c:595: if
1285 E65F             (           main.s):03760                 LDB     -1,U            variable `back', declared at main.c:580
                      (           main.s):03761         * optim: loadCmpZeroBeqOrBne
1287 271A             (           main.s):03762                 BEQ     L00315           (optim: condBranchOverUncondBranch)
                      (           main.s):03763         * optim: condBranchOverUncondBranch
                      (           main.s):03764         * Useless label L00317 removed
1289 E65A             (           main.s):03765                 LDB     -6,U            variable `up', declared at main.c:573
                      (           main.s):03766         * optim: loadCmpZeroBeqOrBne
128B 2716             (           main.s):03767                 BEQ     L00315           (optim: condBranchOverUncondBranch)
                      (           main.s):03768         * optim: condBranchOverUncondBranch
                      (           main.s):03769         * Useless label L00316 removed
128D E65D             (           main.s):03770                 LDB     -3,U            variable `right', declared at main.c:577
                      (           main.s):03771         * optim: loadCmpZeroBeqOrBne
128F 2712             (           main.s):03772                 BEQ     L00315           (optim: condBranchOverUncondBranch)
                      (           main.s):03773         * optim: condBranchOverUncondBranch
                      (           main.s):03774         * Useless label L00314 removed
                      (           main.s):03775         * Line main.c:595
                      (           main.s):03776         * Line main.c:596: assignment: =
1291 CCFF80           (           main.s):03777                 LDD     #$FF80          constant expression: 65408 decimal, signed
                      (           main.s):03778         * optim: stripUselessPushPull
1294 AE4C             (           main.s):03779                 LDX     12,U            get pointer value from variable out
                      (           main.s):03780         * optim: optimizeLeax
                      (           main.s):03781         * optim: stripUselessPushPull
1296 ED0C             (           main.s):03782                 STD     12,X            optim: optimizeLeax
                      (           main.s):03783         * Line main.c:597: assignment: =
1298 CCFF80           (           main.s):03784                 LDD     #$FF80          constant expression: 65408 decimal, signed
                      (           main.s):03785         * optim: stripUselessPushPull
                      (           main.s):03786         * optim: removeRepeatedLDX
                      (           main.s):03787         * optim: optimizeLeax
                      (           main.s):03788         * optim: coalesceConsecutiveLeax
                      (           main.s):03789         * optim: stripUselessPushPull
129B ED0E             (           main.s):03790                 STD     14,X            optim: optimizeLeax
                      (           main.s):03791         * Line main.c:598: assignment: =
129D CCFF80           (           main.s):03792                 LDD     #$FF80          constant expression: 65408 decimal, signed
                      (           main.s):03793         * optim: stripUselessPushPull
                      (           main.s):03794         * optim: removeRepeatedLDX
                      (           main.s):03795         * optim: optimizeLeax
                      (           main.s):03796         * optim: coalesceConsecutiveLeax
                      (           main.s):03797         * optim: stripUselessPushPull
12A0 ED8810           (           main.s):03798                 STD     16,X            optim: optimizeLeax
     12A3             (           main.s):03799         L00315  EQU     *               else clause of if() started at main.c:595
                      (           main.s):03800         * Useless label L00318 removed
                      (           main.s):03801         * Line main.c:601: if
12A3 E65F             (           main.s):03802                 LDB     -1,U            variable `back', declared at main.c:580
                      (           main.s):03803         * optim: loadCmpZeroBeqOrBne
12A5 271C             (           main.s):03804                 BEQ     L00320           (optim: condBranchOverUncondBranch)
                      (           main.s):03805         * optim: condBranchOverUncondBranch
                      (           main.s):03806         * Useless label L00322 removed
12A7 E65A             (           main.s):03807                 LDB     -6,U            variable `up', declared at main.c:573
                      (           main.s):03808         * optim: loadCmpZeroBeqOrBne
12A9 2718             (           main.s):03809                 BEQ     L00320           (optim: condBranchOverUncondBranch)
                      (           main.s):03810         * optim: condBranchOverUncondBranch
                      (           main.s):03811         * Useless label L00321 removed
12AB E65C             (           main.s):03812                 LDB     -4,U            variable `left', declared at main.c:576
                      (           main.s):03813         * optim: loadCmpZeroBeqOrBne
12AD 2714             (           main.s):03814                 BEQ     L00320           (optim: condBranchOverUncondBranch)
                      (           main.s):03815         * optim: condBranchOverUncondBranch
                      (           main.s):03816         * Useless label L00319 removed
                      (           main.s):03817         * Line main.c:601
                      (           main.s):03818         * Line main.c:602: assignment: =
12AF CCFF80           (           main.s):03819                 LDD     #$FF80          constant expression: 65408 decimal, signed
                      (           main.s):03820         * optim: stripUselessPushPull
12B2 AE4C             (           main.s):03821                 LDX     12,U            get pointer value from variable out
                      (           main.s):03822         * optim: optimizeLeax
                      (           main.s):03823         * optim: stripUselessPushPull
12B4 ED8812           (           main.s):03824                 STD     18,X            optim: optimizeLeax
                      (           main.s):03825         * Line main.c:603: assignment: =
12B7 CCFF80           (           main.s):03826                 LDD     #$FF80          constant expression: 65408 decimal, signed
                      (           main.s):03827         * optim: stripUselessPushPull
                      (           main.s):03828         * optim: removeRepeatedLDX
                      (           main.s):03829         * optim: optimizeLeax
                      (           main.s):03830         * optim: coalesceConsecutiveLeax
                      (           main.s):03831         * optim: stripUselessPushPull
12BA ED8814           (           main.s):03832                 STD     20,X            optim: optimizeLeax
                      (           main.s):03833         * Line main.c:604: assignment: =
12BD CCFF80           (           main.s):03834                 LDD     #$FF80          constant expression: 65408 decimal, signed
                      (           main.s):03835         * optim: stripUselessPushPull
                      (           main.s):03836         * optim: removeRepeatedLDX
                      (           main.s):03837         * optim: optimizeLeax
                      (           main.s):03838         * optim: coalesceConsecutiveLeax
                      (           main.s):03839         * optim: stripUselessPushPull
12C0 ED8816           (           main.s):03840                 STD     22,X            optim: optimizeLeax
     12C3             (           main.s):03841         L00320  EQU     *               else clause of if() started at main.c:601
                      (           main.s):03842         * Useless label L00323 removed
                      (           main.s):03843         * Line main.c:607: if
12C3 E65E             (           main.s):03844                 LDB     -2,U            variable `front', declared at main.c:579
                      (           main.s):03845         * optim: loadCmpZeroBeqOrBne
12C5 271C             (           main.s):03846                 BEQ     L00325           (optim: condBranchOverUncondBranch)
                      (           main.s):03847         * optim: condBranchOverUncondBranch
                      (           main.s):03848         * Useless label L00327 removed
12C7 E65B             (           main.s):03849                 LDB     -5,U            variable `down', declared at main.c:574
                      (           main.s):03850         * optim: loadCmpZeroBeqOrBne
12C9 2718             (           main.s):03851                 BEQ     L00325           (optim: condBranchOverUncondBranch)
                      (           main.s):03852         * optim: condBranchOverUncondBranch
                      (           main.s):03853         * Useless label L00326 removed
12CB E65C             (           main.s):03854                 LDB     -4,U            variable `left', declared at main.c:576
                      (           main.s):03855         * optim: loadCmpZeroBeqOrBne
12CD 2714             (           main.s):03856                 BEQ     L00325           (optim: condBranchOverUncondBranch)
                      (           main.s):03857         * optim: condBranchOverUncondBranch
                      (           main.s):03858         * Useless label L00324 removed
                      (           main.s):03859         * Line main.c:607
                      (           main.s):03860         * Line main.c:608: assignment: =
12CF CCFF80           (           main.s):03861                 LDD     #$FF80          constant expression: 65408 decimal, signed
                      (           main.s):03862         * optim: stripUselessPushPull
12D2 AE4C             (           main.s):03863                 LDX     12,U            get pointer value from variable out
                      (           main.s):03864         * optim: optimizeLeax
                      (           main.s):03865         * optim: stripUselessPushPull
12D4 ED8818           (           main.s):03866                 STD     24,X            optim: optimizeLeax
                      (           main.s):03867         * Line main.c:609: assignment: =
12D7 CCFF80           (           main.s):03868                 LDD     #$FF80          constant expression: 65408 decimal, signed
                      (           main.s):03869         * optim: stripUselessPushPull
                      (           main.s):03870         * optim: removeRepeatedLDX
                      (           main.s):03871         * optim: optimizeLeax
                      (           main.s):03872         * optim: coalesceConsecutiveLeax
                      (           main.s):03873         * optim: stripUselessPushPull
12DA ED881A           (           main.s):03874                 STD     26,X            optim: optimizeLeax
                      (           main.s):03875         * Line main.c:610: assignment: =
12DD CCFF80           (           main.s):03876                 LDD     #$FF80          constant expression: 65408 decimal, signed
                      (           main.s):03877         * optim: stripUselessPushPull
                      (           main.s):03878         * optim: removeRepeatedLDX
                      (           main.s):03879         * optim: optimizeLeax
                      (           main.s):03880         * optim: coalesceConsecutiveLeax
                      (           main.s):03881         * optim: stripUselessPushPull
12E0 ED881C           (           main.s):03882                 STD     28,X            optim: optimizeLeax
     12E3             (           main.s):03883         L00325  EQU     *               else clause of if() started at main.c:607
                      (           main.s):03884         * Useless label L00328 removed
                      (           main.s):03885         * Line main.c:613: if
12E3 E65E             (           main.s):03886                 LDB     -2,U            variable `front', declared at main.c:579
                      (           main.s):03887         * optim: loadCmpZeroBeqOrBne
12E5 271C             (           main.s):03888                 BEQ     L00330           (optim: condBranchOverUncondBranch)
                      (           main.s):03889         * optim: condBranchOverUncondBranch
                      (           main.s):03890         * Useless label L00332 removed
12E7 E65B             (           main.s):03891                 LDB     -5,U            variable `down', declared at main.c:574
                      (           main.s):03892         * optim: loadCmpZeroBeqOrBne
12E9 2718             (           main.s):03893                 BEQ     L00330           (optim: condBranchOverUncondBranch)
                      (           main.s):03894         * optim: condBranchOverUncondBranch
                      (           main.s):03895         * Useless label L00331 removed
12EB E65D             (           main.s):03896                 LDB     -3,U            variable `right', declared at main.c:577
                      (           main.s):03897         * optim: loadCmpZeroBeqOrBne
12ED 2714             (           main.s):03898                 BEQ     L00330           (optim: condBranchOverUncondBranch)
                      (           main.s):03899         * optim: condBranchOverUncondBranch
                      (           main.s):03900         * Useless label L00329 removed
                      (           main.s):03901         * Line main.c:613
                      (           main.s):03902         * Line main.c:614: assignment: =
12EF CCFF80           (           main.s):03903                 LDD     #$FF80          constant expression: 65408 decimal, signed
                      (           main.s):03904         * optim: stripUselessPushPull
12F2 AE4C             (           main.s):03905                 LDX     12,U            get pointer value from variable out
                      (           main.s):03906         * optim: optimizeLeax
                      (           main.s):03907         * optim: stripUselessPushPull
12F4 ED881E           (           main.s):03908                 STD     30,X            optim: optimizeLeax
                      (           main.s):03909         * Line main.c:615: assignment: =
12F7 CCFF80           (           main.s):03910                 LDD     #$FF80          constant expression: 65408 decimal, signed
                      (           main.s):03911         * optim: stripUselessPushPull
                      (           main.s):03912         * optim: removeRepeatedLDX
                      (           main.s):03913         * optim: optimizeLeax
                      (           main.s):03914         * optim: coalesceConsecutiveLeax
                      (           main.s):03915         * optim: stripUselessPushPull
12FA ED8820           (           main.s):03916                 STD     32,X            optim: optimizeLeax
                      (           main.s):03917         * Line main.c:616: assignment: =
12FD CCFF80           (           main.s):03918                 LDD     #$FF80          constant expression: 65408 decimal, signed
                      (           main.s):03919         * optim: stripUselessPushPull
                      (           main.s):03920         * optim: removeRepeatedLDX
                      (           main.s):03921         * optim: optimizeLeax
                      (           main.s):03922         * optim: coalesceConsecutiveLeax
                      (           main.s):03923         * optim: stripUselessPushPull
1300 ED8822           (           main.s):03924                 STD     34,X            optim: optimizeLeax
     1303             (           main.s):03925         L00330  EQU     *               else clause of if() started at main.c:613
                      (           main.s):03926         * Useless label L00333 removed
                      (           main.s):03927         * Line main.c:619: if
1303 E65E             (           main.s):03928                 LDB     -2,U            variable `front', declared at main.c:579
                      (           main.s):03929         * optim: loadCmpZeroBeqOrBne
1305 271C             (           main.s):03930                 BEQ     L00335           (optim: condBranchOverUncondBranch)
                      (           main.s):03931         * optim: condBranchOverUncondBranch
                      (           main.s):03932         * Useless label L00337 removed
1307 E65A             (           main.s):03933                 LDB     -6,U            variable `up', declared at main.c:573
                      (           main.s):03934         * optim: loadCmpZeroBeqOrBne
1309 2718             (           main.s):03935                 BEQ     L00335           (optim: condBranchOverUncondBranch)
                      (           main.s):03936         * optim: condBranchOverUncondBranch
                      (           main.s):03937         * Useless label L00336 removed
130B E65D             (           main.s):03938                 LDB     -3,U            variable `right', declared at main.c:577
                      (           main.s):03939         * optim: loadCmpZeroBeqOrBne
130D 2714             (           main.s):03940                 BEQ     L00335           (optim: condBranchOverUncondBranch)
                      (           main.s):03941         * optim: condBranchOverUncondBranch
                      (           main.s):03942         * Useless label L00334 removed
                      (           main.s):03943         * Line main.c:619
                      (           main.s):03944         * Line main.c:620: assignment: =
130F CCFF80           (           main.s):03945                 LDD     #$FF80          constant expression: 65408 decimal, signed
                      (           main.s):03946         * optim: stripUselessPushPull
1312 AE4C             (           main.s):03947                 LDX     12,U            get pointer value from variable out
                      (           main.s):03948         * optim: optimizeLeax
                      (           main.s):03949         * optim: stripUselessPushPull
1314 ED8824           (           main.s):03950                 STD     36,X            optim: optimizeLeax
                      (           main.s):03951         * Line main.c:621: assignment: =
1317 CCFF80           (           main.s):03952                 LDD     #$FF80          constant expression: 65408 decimal, signed
                      (           main.s):03953         * optim: stripUselessPushPull
                      (           main.s):03954         * optim: removeRepeatedLDX
                      (           main.s):03955         * optim: optimizeLeax
                      (           main.s):03956         * optim: coalesceConsecutiveLeax
                      (           main.s):03957         * optim: stripUselessPushPull
131A ED8826           (           main.s):03958                 STD     38,X            optim: optimizeLeax
                      (           main.s):03959         * Line main.c:622: assignment: =
131D CCFF80           (           main.s):03960                 LDD     #$FF80          constant expression: 65408 decimal, signed
                      (           main.s):03961         * optim: stripUselessPushPull
                      (           main.s):03962         * optim: removeRepeatedLDX
                      (           main.s):03963         * optim: optimizeLeax
                      (           main.s):03964         * optim: coalesceConsecutiveLeax
                      (           main.s):03965         * optim: stripUselessPushPull
1320 ED8828           (           main.s):03966                 STD     40,X            optim: optimizeLeax
     1323             (           main.s):03967         L00335  EQU     *               else clause of if() started at main.c:619
                      (           main.s):03968         * Useless label L00338 removed
                      (           main.s):03969         * Line main.c:625: if
1323 E65E             (           main.s):03970                 LDB     -2,U            variable `front', declared at main.c:579
                      (           main.s):03971         * optim: loadCmpZeroBeqOrBne
1325 271C             (           main.s):03972                 BEQ     L00340           (optim: condBranchOverUncondBranch)
                      (           main.s):03973         * optim: condBranchOverUncondBranch
                      (           main.s):03974         * Useless label L00342 removed
1327 E65A             (           main.s):03975                 LDB     -6,U            variable `up', declared at main.c:573
                      (           main.s):03976         * optim: loadCmpZeroBeqOrBne
1329 2718             (           main.s):03977                 BEQ     L00340           (optim: condBranchOverUncondBranch)
                      (           main.s):03978         * optim: condBranchOverUncondBranch
                      (           main.s):03979         * Useless label L00341 removed
132B E65C             (           main.s):03980                 LDB     -4,U            variable `left', declared at main.c:576
                      (           main.s):03981         * optim: loadCmpZeroBeqOrBne
132D 2714             (           main.s):03982                 BEQ     L00340           (optim: condBranchOverUncondBranch)
                      (           main.s):03983         * optim: condBranchOverUncondBranch
                      (           main.s):03984         * Useless label L00339 removed
                      (           main.s):03985         * Line main.c:625
                      (           main.s):03986         * Line main.c:626: assignment: =
132F CCFF80           (           main.s):03987                 LDD     #$FF80          constant expression: 65408 decimal, signed
                      (           main.s):03988         * optim: stripUselessPushPull
1332 AE4C             (           main.s):03989                 LDX     12,U            get pointer value from variable out
                      (           main.s):03990         * optim: optimizeLeax
                      (           main.s):03991         * optim: stripUselessPushPull
1334 ED882A           (           main.s):03992                 STD     42,X            optim: optimizeLeax
                      (           main.s):03993         * Line main.c:627: assignment: =
1337 CCFF80           (           main.s):03994                 LDD     #$FF80          constant expression: 65408 decimal, signed
                      (           main.s):03995         * optim: stripUselessPushPull
                      (           main.s):03996         * optim: removeRepeatedLDX
                      (           main.s):03997         * optim: optimizeLeax
                      (           main.s):03998         * optim: coalesceConsecutiveLeax
                      (           main.s):03999         * optim: stripUselessPushPull
133A ED882C           (           main.s):04000                 STD     44,X            optim: optimizeLeax
                      (           main.s):04001         * Line main.c:628: assignment: =
133D CCFF80           (           main.s):04002                 LDD     #$FF80          constant expression: 65408 decimal, signed
                      (           main.s):04003         * optim: stripUselessPushPull
                      (           main.s):04004         * optim: removeRepeatedLDX
                      (           main.s):04005         * optim: optimizeLeax
                      (           main.s):04006         * optim: coalesceConsecutiveLeax
                      (           main.s):04007         * optim: stripUselessPushPull
1340 ED882E           (           main.s):04008                 STD     46,X            optim: optimizeLeax
     1343             (           main.s):04009         L00340  EQU     *               else clause of if() started at main.c:625
                      (           main.s):04010         * Useless label L00343 removed
                      (           main.s):04011         * Line main.c:631: assignment: =
                      (           main.s):04012         * CLRB  optim: optimizeStackOperations1
                      (           main.s):04013         * PSHS B optim: optimizeStackOperations1
1343 AE4A             (           main.s):04014                 LDX     10,U            get pointer value from variable edges
1345 1F10             (           main.s):04015                 TFR     X,D             array address as r-value
                      (           main.s):04016         * optim: stripConsecOppositeTFRs
1347 C600             (           main.s):04017                 LDB     #0              optim: optimizeStackOperations1
1349 E784             (           main.s):04018                 STB     ,X
                      (           main.s):04019         * Line main.c:631: assignment: =
                      (           main.s):04020         * LDB #$01 optim: optimizeStackOperations1
                      (           main.s):04021         * PSHS B optim: optimizeStackOperations1
134B AE4A             (           main.s):04022                 LDX     10,U            get pointer value from variable edges
134D 1F10             (           main.s):04023                 TFR     X,D             array address as r-value
                      (           main.s):04024         * optim: stripConsecOppositeTFRs
                      (           main.s):04025         * optim: optimizeLeax
134F C601             (           main.s):04026                 LDB     #1              optim: optimizeStackOperations1
1351 E701             (           main.s):04027                 STB     1,X             optim: optimizeLeax
                      (           main.s):04028         * Line main.c:632: assignment: =
                      (           main.s):04029         * LDB #$01 optim: optimizeStackOperations1
                      (           main.s):04030         * PSHS B optim: optimizeStackOperations1
1353 AE4A             (           main.s):04031                 LDX     10,U            get pointer value from variable edges
1355 3002             (           main.s):04032                 LEAX    2,X             add index (1) multiplied by pointed object size (2)
1357 1F10             (           main.s):04033                 TFR     X,D             array address as r-value
                      (           main.s):04034         * optim: stripConsecOppositeTFRs
1359 C601             (           main.s):04035                 LDB     #1              optim: optimizeStackOperations1
135B E784             (           main.s):04036                 STB     ,X
                      (           main.s):04037         * Line main.c:632: assignment: =
                      (           main.s):04038         * LDB #$02 optim: optimizeStackOperations1
                      (           main.s):04039         * PSHS B optim: optimizeStackOperations1
135D AE4A             (           main.s):04040                 LDX     10,U            get pointer value from variable edges
135F 3002             (           main.s):04041                 LEAX    2,X             add index (1) multiplied by pointed object size (2)
1361 1F10             (           main.s):04042                 TFR     X,D             array address as r-value
                      (           main.s):04043         * optim: stripConsecOppositeTFRs
                      (           main.s):04044         * optim: optimizeLeax
1363 C602             (           main.s):04045                 LDB     #2              optim: optimizeStackOperations1
1365 E701             (           main.s):04046                 STB     1,X             optim: optimizeLeax
                      (           main.s):04047         * Line main.c:633: assignment: =
                      (           main.s):04048         * LDB #$02 optim: optimizeStackOperations1
                      (           main.s):04049         * PSHS B optim: optimizeStackOperations1
1367 AE4A             (           main.s):04050                 LDX     10,U            get pointer value from variable edges
1369 3004             (           main.s):04051                 LEAX    4,X             add index (2) multiplied by pointed object size (2)
136B 1F10             (           main.s):04052                 TFR     X,D             array address as r-value
                      (           main.s):04053         * optim: stripConsecOppositeTFRs
136D C602             (           main.s):04054                 LDB     #2              optim: optimizeStackOperations1
136F E784             (           main.s):04055                 STB     ,X
                      (           main.s):04056         * Line main.c:633: assignment: =
                      (           main.s):04057         * LDB #$03 optim: optimizeStackOperations1
                      (           main.s):04058         * PSHS B optim: optimizeStackOperations1
1371 AE4A             (           main.s):04059                 LDX     10,U            get pointer value from variable edges
1373 3004             (           main.s):04060                 LEAX    4,X             add index (2) multiplied by pointed object size (2)
1375 1F10             (           main.s):04061                 TFR     X,D             array address as r-value
                      (           main.s):04062         * optim: stripConsecOppositeTFRs
                      (           main.s):04063         * optim: optimizeLeax
1377 C603             (           main.s):04064                 LDB     #3              optim: optimizeStackOperations1
1379 E701             (           main.s):04065                 STB     1,X             optim: optimizeLeax
                      (           main.s):04066         * Line main.c:634: assignment: =
                      (           main.s):04067         * LDB #$03 optim: optimizeStackOperations1
                      (           main.s):04068         * PSHS B optim: optimizeStackOperations1
137B AE4A             (           main.s):04069                 LDX     10,U            get pointer value from variable edges
137D 3006             (           main.s):04070                 LEAX    6,X             add index (3) multiplied by pointed object size (2)
137F 1F10             (           main.s):04071                 TFR     X,D             array address as r-value
                      (           main.s):04072         * optim: stripConsecOppositeTFRs
1381 C603             (           main.s):04073                 LDB     #3              optim: optimizeStackOperations1
1383 E784             (           main.s):04074                 STB     ,X
                      (           main.s):04075         * Line main.c:634: assignment: =
                      (           main.s):04076         * CLRB  optim: optimizeStackOperations1
                      (           main.s):04077         * PSHS B optim: optimizeStackOperations1
1385 AE4A             (           main.s):04078                 LDX     10,U            get pointer value from variable edges
1387 3006             (           main.s):04079                 LEAX    6,X             add index (3) multiplied by pointed object size (2)
1389 1F10             (           main.s):04080                 TFR     X,D             array address as r-value
                      (           main.s):04081         * optim: stripConsecOppositeTFRs
                      (           main.s):04082         * optim: optimizeLeax
138B C600             (           main.s):04083                 LDB     #0              optim: optimizeStackOperations1
138D E701             (           main.s):04084                 STB     1,X             optim: optimizeLeax
                      (           main.s):04085         * Line main.c:635: assignment: =
                      (           main.s):04086         * LDB #$04 optim: optimizeStackOperations1
                      (           main.s):04087         * PSHS B optim: optimizeStackOperations1
138F AE4A             (           main.s):04088                 LDX     10,U            get pointer value from variable edges
1391 3008             (           main.s):04089                 LEAX    8,X             add index (4) multiplied by pointed object size (2)
1393 1F10             (           main.s):04090                 TFR     X,D             array address as r-value
                      (           main.s):04091         * optim: stripConsecOppositeTFRs
1395 C604             (           main.s):04092                 LDB     #4              optim: optimizeStackOperations1
1397 E784             (           main.s):04093                 STB     ,X
                      (           main.s):04094         * Line main.c:635: assignment: =
                      (           main.s):04095         * LDB #$05 optim: optimizeStackOperations1
                      (           main.s):04096         * PSHS B optim: optimizeStackOperations1
1399 AE4A             (           main.s):04097                 LDX     10,U            get pointer value from variable edges
139B 3008             (           main.s):04098                 LEAX    8,X             add index (4) multiplied by pointed object size (2)
139D 1F10             (           main.s):04099                 TFR     X,D             array address as r-value
                      (           main.s):04100         * optim: stripConsecOppositeTFRs
                      (           main.s):04101         * optim: optimizeLeax
139F C605             (           main.s):04102                 LDB     #5              optim: optimizeStackOperations1
13A1 E701             (           main.s):04103                 STB     1,X             optim: optimizeLeax
                      (           main.s):04104         * Line main.c:636: assignment: =
                      (           main.s):04105         * LDB #$05 optim: optimizeStackOperations1
                      (           main.s):04106         * PSHS B optim: optimizeStackOperations1
13A3 AE4A             (           main.s):04107                 LDX     10,U            get pointer value from variable edges
13A5 300A             (           main.s):04108                 LEAX    10,X            add index (5) multiplied by pointed object size (2)
13A7 1F10             (           main.s):04109                 TFR     X,D             array address as r-value
                      (           main.s):04110         * optim: stripConsecOppositeTFRs
13A9 C605             (           main.s):04111                 LDB     #5              optim: optimizeStackOperations1
13AB E784             (           main.s):04112                 STB     ,X
                      (           main.s):04113         * Line main.c:636: assignment: =
                      (           main.s):04114         * LDB #$06 optim: optimizeStackOperations1
                      (           main.s):04115         * PSHS B optim: optimizeStackOperations1
13AD AE4A             (           main.s):04116                 LDX     10,U            get pointer value from variable edges
13AF 300A             (           main.s):04117                 LEAX    10,X            add index (5) multiplied by pointed object size (2)
13B1 1F10             (           main.s):04118                 TFR     X,D             array address as r-value
                      (           main.s):04119         * optim: stripConsecOppositeTFRs
                      (           main.s):04120         * optim: optimizeLeax
13B3 C606             (           main.s):04121                 LDB     #6              optim: optimizeStackOperations1
13B5 E701             (           main.s):04122                 STB     1,X             optim: optimizeLeax
                      (           main.s):04123         * Line main.c:637: assignment: =
                      (           main.s):04124         * LDB #$06 optim: optimizeStackOperations1
                      (           main.s):04125         * PSHS B optim: optimizeStackOperations1
13B7 AE4A             (           main.s):04126                 LDX     10,U            get pointer value from variable edges
13B9 300C             (           main.s):04127                 LEAX    12,X            add index (6) multiplied by pointed object size (2)
13BB 1F10             (           main.s):04128                 TFR     X,D             array address as r-value
                      (           main.s):04129         * optim: stripConsecOppositeTFRs
13BD C606             (           main.s):04130                 LDB     #6              optim: optimizeStackOperations1
13BF E784             (           main.s):04131                 STB     ,X
                      (           main.s):04132         * Line main.c:637: assignment: =
                      (           main.s):04133         * LDB #$07 optim: optimizeStackOperations1
                      (           main.s):04134         * PSHS B optim: optimizeStackOperations1
13C1 AE4A             (           main.s):04135                 LDX     10,U            get pointer value from variable edges
13C3 300C             (           main.s):04136                 LEAX    12,X            add index (6) multiplied by pointed object size (2)
13C5 1F10             (           main.s):04137                 TFR     X,D             array address as r-value
                      (           main.s):04138         * optim: stripConsecOppositeTFRs
                      (           main.s):04139         * optim: optimizeLeax
13C7 C607             (           main.s):04140                 LDB     #7              optim: optimizeStackOperations1
13C9 E701             (           main.s):04141                 STB     1,X             optim: optimizeLeax
                      (           main.s):04142         * Line main.c:638: assignment: =
                      (           main.s):04143         * LDB #$07 optim: optimizeStackOperations1
                      (           main.s):04144         * PSHS B optim: optimizeStackOperations1
13CB AE4A             (           main.s):04145                 LDX     10,U            get pointer value from variable edges
13CD 300E             (           main.s):04146                 LEAX    14,X            add index (7) multiplied by pointed object size (2)
13CF 1F10             (           main.s):04147                 TFR     X,D             array address as r-value
                      (           main.s):04148         * optim: stripConsecOppositeTFRs
13D1 C607             (           main.s):04149                 LDB     #7              optim: optimizeStackOperations1
13D3 E784             (           main.s):04150                 STB     ,X
                      (           main.s):04151         * Line main.c:638: assignment: =
                      (           main.s):04152         * LDB #$04 optim: optimizeStackOperations1
                      (           main.s):04153         * PSHS B optim: optimizeStackOperations1
13D5 AE4A             (           main.s):04154                 LDX     10,U            get pointer value from variable edges
13D7 300E             (           main.s):04155                 LEAX    14,X            add index (7) multiplied by pointed object size (2)
13D9 1F10             (           main.s):04156                 TFR     X,D             array address as r-value
                      (           main.s):04157         * optim: stripConsecOppositeTFRs
                      (           main.s):04158         * optim: optimizeLeax
13DB C604             (           main.s):04159                 LDB     #4              optim: optimizeStackOperations1
13DD E701             (           main.s):04160                 STB     1,X             optim: optimizeLeax
                      (           main.s):04161         * Line main.c:639: assignment: =
                      (           main.s):04162         * CLRB  optim: optimizeStackOperations1
                      (           main.s):04163         * PSHS B optim: optimizeStackOperations1
13DF AE4A             (           main.s):04164                 LDX     10,U            get pointer value from variable edges
13E1 308810           (           main.s):04165                 LEAX    16,X            add index (8) multiplied by pointed object size (2)
13E4 1F10             (           main.s):04166                 TFR     X,D             array address as r-value
                      (           main.s):04167         * optim: stripConsecOppositeTFRs
13E6 C600             (           main.s):04168                 LDB     #0              optim: optimizeStackOperations1
13E8 E784             (           main.s):04169                 STB     ,X
                      (           main.s):04170         * Line main.c:639: assignment: =
                      (           main.s):04171         * LDB #$04 optim: optimizeStackOperations1
                      (           main.s):04172         * PSHS B optim: optimizeStackOperations1
13EA AE4A             (           main.s):04173                 LDX     10,U            get pointer value from variable edges
13EC 308810           (           main.s):04174                 LEAX    16,X            add index (8) multiplied by pointed object size (2)
13EF 1F10             (           main.s):04175                 TFR     X,D             array address as r-value
                      (           main.s):04176         * optim: stripConsecOppositeTFRs
                      (           main.s):04177         * optim: optimizeLeax
13F1 C604             (           main.s):04178                 LDB     #4              optim: optimizeStackOperations1
13F3 E701             (           main.s):04179                 STB     1,X             optim: optimizeLeax
                      (           main.s):04180         * Line main.c:640: assignment: =
                      (           main.s):04181         * LDB #$01 optim: optimizeStackOperations1
                      (           main.s):04182         * PSHS B optim: optimizeStackOperations1
13F5 AE4A             (           main.s):04183                 LDX     10,U            get pointer value from variable edges
13F7 308812           (           main.s):04184                 LEAX    18,X            add index (9) multiplied by pointed object size (2)
13FA 1F10             (           main.s):04185                 TFR     X,D             array address as r-value
                      (           main.s):04186         * optim: stripConsecOppositeTFRs
13FC C601             (           main.s):04187                 LDB     #1              optim: optimizeStackOperations1
13FE E784             (           main.s):04188                 STB     ,X
                      (           main.s):04189         * Line main.c:640: assignment: =
                      (           main.s):04190         * LDB #$05 optim: optimizeStackOperations1
                      (           main.s):04191         * PSHS B optim: optimizeStackOperations1
1400 AE4A             (           main.s):04192                 LDX     10,U            get pointer value from variable edges
1402 308812           (           main.s):04193                 LEAX    18,X            add index (9) multiplied by pointed object size (2)
1405 1F10             (           main.s):04194                 TFR     X,D             array address as r-value
                      (           main.s):04195         * optim: stripConsecOppositeTFRs
                      (           main.s):04196         * optim: optimizeLeax
1407 C605             (           main.s):04197                 LDB     #5              optim: optimizeStackOperations1
1409 E701             (           main.s):04198                 STB     1,X             optim: optimizeLeax
                      (           main.s):04199         * Line main.c:641: assignment: =
                      (           main.s):04200         * LDB #$02 optim: optimizeStackOperations1
                      (           main.s):04201         * PSHS B optim: optimizeStackOperations1
140B AE4A             (           main.s):04202                 LDX     10,U            get pointer value from variable edges
140D 308814           (           main.s):04203                 LEAX    20,X            add index (10) multiplied by pointed object size (2)
1410 1F10             (           main.s):04204                 TFR     X,D             array address as r-value
                      (           main.s):04205         * optim: stripConsecOppositeTFRs
1412 C602             (           main.s):04206                 LDB     #2              optim: optimizeStackOperations1
1414 E784             (           main.s):04207                 STB     ,X
                      (           main.s):04208         * Line main.c:641: assignment: =
                      (           main.s):04209         * LDB #$06 optim: optimizeStackOperations1
                      (           main.s):04210         * PSHS B optim: optimizeStackOperations1
1416 AE4A             (           main.s):04211                 LDX     10,U            get pointer value from variable edges
1418 308814           (           main.s):04212                 LEAX    20,X            add index (10) multiplied by pointed object size (2)
141B 1F10             (           main.s):04213                 TFR     X,D             array address as r-value
                      (           main.s):04214         * optim: stripConsecOppositeTFRs
                      (           main.s):04215         * optim: optimizeLeax
141D C606             (           main.s):04216                 LDB     #6              optim: optimizeStackOperations1
141F E701             (           main.s):04217                 STB     1,X             optim: optimizeLeax
                      (           main.s):04218         * Line main.c:642: assignment: =
                      (           main.s):04219         * LDB #$03 optim: optimizeStackOperations1
                      (           main.s):04220         * PSHS B optim: optimizeStackOperations1
1421 AE4A             (           main.s):04221                 LDX     10,U            get pointer value from variable edges
1423 308816           (           main.s):04222                 LEAX    22,X            add index (11) multiplied by pointed object size (2)
1426 1F10             (           main.s):04223                 TFR     X,D             array address as r-value
                      (           main.s):04224         * optim: stripConsecOppositeTFRs
1428 C603             (           main.s):04225                 LDB     #3              optim: optimizeStackOperations1
142A E784             (           main.s):04226                 STB     ,X
                      (           main.s):04227         * Line main.c:642: assignment: =
                      (           main.s):04228         * LDB #$07 optim: optimizeStackOperations1
                      (           main.s):04229         * PSHS B optim: optimizeStackOperations1
142C AE4A             (           main.s):04230                 LDX     10,U            get pointer value from variable edges
142E 308816           (           main.s):04231                 LEAX    22,X            add index (11) multiplied by pointed object size (2)
1431 1F10             (           main.s):04232                 TFR     X,D             array address as r-value
                      (           main.s):04233         * optim: stripConsecOppositeTFRs
                      (           main.s):04234         * optim: optimizeLeax
1433 C607             (           main.s):04235                 LDB     #7              optim: optimizeStackOperations1
1435 E701             (           main.s):04236                 STB     1,X             optim: optimizeLeax
                      (           main.s):04237         * Line main.c:644: if
1437 E653             (           main.s):04238                 LDB     -13,U           variable `backBlock', declared at main.c:560
                      (           main.s):04239         * optim: loadCmpZeroBeqOrBne
1439 1027004C         (           main.s):04240                 LBEQ    L00345           (optim: condBranchOverUncondBranch)
                      (           main.s):04241         * optim: condBranchOverUncondBranch
                      (           main.s):04242         * Useless label L00344 removed
                      (           main.s):04243         * Line main.c:644
                      (           main.s):04244         * Line main.c:645: assignment: =
                      (           main.s):04245         * LDD #$FFFF optim: optimizeStackOperations1
                      (           main.s):04246         * PSHS B optim: optimizeStackOperations1
143D AE4A             (           main.s):04247                 LDX     10,U            get pointer value from variable edges
143F 1F10             (           main.s):04248                 TFR     X,D             array address as r-value
                      (           main.s):04249         * optim: stripConsecOppositeTFRs
1441 C6FF             (           main.s):04250                 LDB     #255            optim: optimizeStackOperations1
1443 E784             (           main.s):04251                 STB     ,X
                      (           main.s):04252         * Line main.c:645: assignment: =
                      (           main.s):04253         * LDD #$FFFF optim: optimizeStackOperations1
                      (           main.s):04254         * PSHS B optim: optimizeStackOperations1
1445 AE4A             (           main.s):04255                 LDX     10,U            get pointer value from variable edges
1447 1F10             (           main.s):04256                 TFR     X,D             array address as r-value
                      (           main.s):04257         * optim: stripConsecOppositeTFRs
                      (           main.s):04258         * optim: optimizeLeax
1449 C6FF             (           main.s):04259                 LDB     #255            optim: optimizeStackOperations1
144B E701             (           main.s):04260                 STB     1,X             optim: optimizeLeax
                      (           main.s):04261         * Line main.c:646: assignment: =
                      (           main.s):04262         * LDD #$FFFF optim: optimizeStackOperations1
                      (           main.s):04263         * PSHS B optim: optimizeStackOperations1
144D AE4A             (           main.s):04264                 LDX     10,U            get pointer value from variable edges
144F 3002             (           main.s):04265                 LEAX    2,X             add index (1) multiplied by pointed object size (2)
1451 1F10             (           main.s):04266                 TFR     X,D             array address as r-value
                      (           main.s):04267         * optim: stripConsecOppositeTFRs
1453 C6FF             (           main.s):04268                 LDB     #255            optim: optimizeStackOperations1
1455 E784             (           main.s):04269                 STB     ,X
                      (           main.s):04270         * Line main.c:646: assignment: =
                      (           main.s):04271         * LDD #$FFFF optim: optimizeStackOperations1
                      (           main.s):04272         * PSHS B optim: optimizeStackOperations1
1457 AE4A             (           main.s):04273                 LDX     10,U            get pointer value from variable edges
1459 3002             (           main.s):04274                 LEAX    2,X             add index (1) multiplied by pointed object size (2)
145B 1F10             (           main.s):04275                 TFR     X,D             array address as r-value
                      (           main.s):04276         * optim: stripConsecOppositeTFRs
                      (           main.s):04277         * optim: optimizeLeax
145D C6FF             (           main.s):04278                 LDB     #255            optim: optimizeStackOperations1
145F E701             (           main.s):04279                 STB     1,X             optim: optimizeLeax
                      (           main.s):04280         * Line main.c:647: assignment: =
                      (           main.s):04281         * LDD #$FFFF optim: optimizeStackOperations1
                      (           main.s):04282         * PSHS B optim: optimizeStackOperations1
1461 AE4A             (           main.s):04283                 LDX     10,U            get pointer value from variable edges
1463 3004             (           main.s):04284                 LEAX    4,X             add index (2) multiplied by pointed object size (2)
1465 1F10             (           main.s):04285                 TFR     X,D             array address as r-value
                      (           main.s):04286         * optim: stripConsecOppositeTFRs
1467 C6FF             (           main.s):04287                 LDB     #255            optim: optimizeStackOperations1
1469 E784             (           main.s):04288                 STB     ,X
                      (           main.s):04289         * Line main.c:647: assignment: =
                      (           main.s):04290         * LDD #$FFFF optim: optimizeStackOperations1
                      (           main.s):04291         * PSHS B optim: optimizeStackOperations1
146B AE4A             (           main.s):04292                 LDX     10,U            get pointer value from variable edges
146D 3004             (           main.s):04293                 LEAX    4,X             add index (2) multiplied by pointed object size (2)
146F 1F10             (           main.s):04294                 TFR     X,D             array address as r-value
                      (           main.s):04295         * optim: stripConsecOppositeTFRs
                      (           main.s):04296         * optim: optimizeLeax
1471 C6FF             (           main.s):04297                 LDB     #255            optim: optimizeStackOperations1
1473 E701             (           main.s):04298                 STB     1,X             optim: optimizeLeax
                      (           main.s):04299         * Line main.c:648: assignment: =
                      (           main.s):04300         * LDD #$FFFF optim: optimizeStackOperations1
                      (           main.s):04301         * PSHS B optim: optimizeStackOperations1
1475 AE4A             (           main.s):04302                 LDX     10,U            get pointer value from variable edges
1477 3006             (           main.s):04303                 LEAX    6,X             add index (3) multiplied by pointed object size (2)
1479 1F10             (           main.s):04304                 TFR     X,D             array address as r-value
                      (           main.s):04305         * optim: stripConsecOppositeTFRs
147B C6FF             (           main.s):04306                 LDB     #255            optim: optimizeStackOperations1
147D E784             (           main.s):04307                 STB     ,X
                      (           main.s):04308         * Line main.c:648: assignment: =
                      (           main.s):04309         * LDD #$FFFF optim: optimizeStackOperations1
                      (           main.s):04310         * PSHS B optim: optimizeStackOperations1
147F AE4A             (           main.s):04311                 LDX     10,U            get pointer value from variable edges
1481 3006             (           main.s):04312                 LEAX    6,X             add index (3) multiplied by pointed object size (2)
1483 1F10             (           main.s):04313                 TFR     X,D             array address as r-value
                      (           main.s):04314         * optim: stripConsecOppositeTFRs
                      (           main.s):04315         * optim: optimizeLeax
1485 C6FF             (           main.s):04316                 LDB     #255            optim: optimizeStackOperations1
1487 E701             (           main.s):04317                 STB     1,X             optim: optimizeLeax
     1489             (           main.s):04318         L00345  EQU     *               else clause of if() started at main.c:644
                      (           main.s):04319         * Useless label L00346 removed
                      (           main.s):04320         * Line main.c:651: if
1489 E652             (           main.s):04321                 LDB     -14,U           variable `frontBlock', declared at main.c:559
                      (           main.s):04322         * optim: loadCmpZeroBeqOrBne
148B 10270050         (           main.s):04323                 LBEQ    L00348           (optim: condBranchOverUncondBranch)
                      (           main.s):04324         * optim: condBranchOverUncondBranch
                      (           main.s):04325         * Useless label L00347 removed
                      (           main.s):04326         * Line main.c:651
                      (           main.s):04327         * Line main.c:652: assignment: =
                      (           main.s):04328         * LDD #$FFFF optim: optimizeStackOperations1
                      (           main.s):04329         * PSHS B optim: optimizeStackOperations1
148F AE4A             (           main.s):04330                 LDX     10,U            get pointer value from variable edges
1491 3008             (           main.s):04331                 LEAX    8,X             add index (4) multiplied by pointed object size (2)
1493 1F10             (           main.s):04332                 TFR     X,D             array address as r-value
                      (           main.s):04333         * optim: stripConsecOppositeTFRs
1495 C6FF             (           main.s):04334                 LDB     #255            optim: optimizeStackOperations1
1497 E784             (           main.s):04335                 STB     ,X
                      (           main.s):04336         * Line main.c:652: assignment: =
                      (           main.s):04337         * LDD #$FFFF optim: optimizeStackOperations1
                      (           main.s):04338         * PSHS B optim: optimizeStackOperations1
1499 AE4A             (           main.s):04339                 LDX     10,U            get pointer value from variable edges
149B 3008             (           main.s):04340                 LEAX    8,X             add index (4) multiplied by pointed object size (2)
149D 1F10             (           main.s):04341                 TFR     X,D             array address as r-value
                      (           main.s):04342         * optim: stripConsecOppositeTFRs
                      (           main.s):04343         * optim: optimizeLeax
149F C6FF             (           main.s):04344                 LDB     #255            optim: optimizeStackOperations1
14A1 E701             (           main.s):04345                 STB     1,X             optim: optimizeLeax
                      (           main.s):04346         * Line main.c:653: assignment: =
                      (           main.s):04347         * LDD #$FFFF optim: optimizeStackOperations1
                      (           main.s):04348         * PSHS B optim: optimizeStackOperations1
14A3 AE4A             (           main.s):04349                 LDX     10,U            get pointer value from variable edges
14A5 300A             (           main.s):04350                 LEAX    10,X            add index (5) multiplied by pointed object size (2)
14A7 1F10             (           main.s):04351                 TFR     X,D             array address as r-value
                      (           main.s):04352         * optim: stripConsecOppositeTFRs
14A9 C6FF             (           main.s):04353                 LDB     #255            optim: optimizeStackOperations1
14AB E784             (           main.s):04354                 STB     ,X
                      (           main.s):04355         * Line main.c:653: assignment: =
                      (           main.s):04356         * LDD #$FFFF optim: optimizeStackOperations1
                      (           main.s):04357         * PSHS B optim: optimizeStackOperations1
14AD AE4A             (           main.s):04358                 LDX     10,U            get pointer value from variable edges
14AF 300A             (           main.s):04359                 LEAX    10,X            add index (5) multiplied by pointed object size (2)
14B1 1F10             (           main.s):04360                 TFR     X,D             array address as r-value
                      (           main.s):04361         * optim: stripConsecOppositeTFRs
                      (           main.s):04362         * optim: optimizeLeax
14B3 C6FF             (           main.s):04363                 LDB     #255            optim: optimizeStackOperations1
14B5 E701             (           main.s):04364                 STB     1,X             optim: optimizeLeax
                      (           main.s):04365         * Line main.c:654: assignment: =
                      (           main.s):04366         * LDD #$FFFF optim: optimizeStackOperations1
                      (           main.s):04367         * PSHS B optim: optimizeStackOperations1
14B7 AE4A             (           main.s):04368                 LDX     10,U            get pointer value from variable edges
14B9 300C             (           main.s):04369                 LEAX    12,X            add index (6) multiplied by pointed object size (2)
14BB 1F10             (           main.s):04370                 TFR     X,D             array address as r-value
                      (           main.s):04371         * optim: stripConsecOppositeTFRs
14BD C6FF             (           main.s):04372                 LDB     #255            optim: optimizeStackOperations1
14BF E784             (           main.s):04373                 STB     ,X
                      (           main.s):04374         * Line main.c:654: assignment: =
                      (           main.s):04375         * LDD #$FFFF optim: optimizeStackOperations1
                      (           main.s):04376         * PSHS B optim: optimizeStackOperations1
14C1 AE4A             (           main.s):04377                 LDX     10,U            get pointer value from variable edges
14C3 300C             (           main.s):04378                 LEAX    12,X            add index (6) multiplied by pointed object size (2)
14C5 1F10             (           main.s):04379                 TFR     X,D             array address as r-value
                      (           main.s):04380         * optim: stripConsecOppositeTFRs
                      (           main.s):04381         * optim: optimizeLeax
14C7 C6FF             (           main.s):04382                 LDB     #255            optim: optimizeStackOperations1
14C9 E701             (           main.s):04383                 STB     1,X             optim: optimizeLeax
                      (           main.s):04384         * Line main.c:655: assignment: =
                      (           main.s):04385         * LDD #$FFFF optim: optimizeStackOperations1
                      (           main.s):04386         * PSHS B optim: optimizeStackOperations1
14CB AE4A             (           main.s):04387                 LDX     10,U            get pointer value from variable edges
14CD 300E             (           main.s):04388                 LEAX    14,X            add index (7) multiplied by pointed object size (2)
14CF 1F10             (           main.s):04389                 TFR     X,D             array address as r-value
                      (           main.s):04390         * optim: stripConsecOppositeTFRs
14D1 C6FF             (           main.s):04391                 LDB     #255            optim: optimizeStackOperations1
14D3 E784             (           main.s):04392                 STB     ,X
                      (           main.s):04393         * Line main.c:655: assignment: =
                      (           main.s):04394         * LDD #$FFFF optim: optimizeStackOperations1
                      (           main.s):04395         * PSHS B optim: optimizeStackOperations1
14D5 AE4A             (           main.s):04396                 LDX     10,U            get pointer value from variable edges
14D7 300E             (           main.s):04397                 LEAX    14,X            add index (7) multiplied by pointed object size (2)
14D9 1F10             (           main.s):04398                 TFR     X,D             array address as r-value
                      (           main.s):04399         * optim: stripConsecOppositeTFRs
                      (           main.s):04400         * optim: optimizeLeax
14DB C6FF             (           main.s):04401                 LDB     #255            optim: optimizeStackOperations1
14DD E701             (           main.s):04402                 STB     1,X             optim: optimizeLeax
     14DF             (           main.s):04403         L00348  EQU     *               else clause of if() started at main.c:651
                      (           main.s):04404         * Useless label L00349 removed
                      (           main.s):04405         * Line main.c:658: if
14DF E6C8EF           (           main.s):04406                 LDB     -17,U           variable `downBlock', declared at main.c:554
                      (           main.s):04407         * optim: loadCmpZeroBeqOrBne
14E2 10270050         (           main.s):04408                 LBEQ    L00351           (optim: condBranchOverUncondBranch)
                      (           main.s):04409         * optim: condBranchOverUncondBranch
                      (           main.s):04410         * Useless label L00350 removed
                      (           main.s):04411         * Line main.c:658
                      (           main.s):04412         * Line main.c:659: assignment: =
                      (           main.s):04413         * LDD #$FFFF optim: optimizeStackOperations1
                      (           main.s):04414         * PSHS B optim: optimizeStackOperations1
14E6 AE4A             (           main.s):04415                 LDX     10,U            get pointer value from variable edges
14E8 1F10             (           main.s):04416                 TFR     X,D             array address as r-value
                      (           main.s):04417         * optim: stripConsecOppositeTFRs
14EA C6FF             (           main.s):04418                 LDB     #255            optim: optimizeStackOperations1
14EC E784             (           main.s):04419                 STB     ,X
                      (           main.s):04420         * Line main.c:659: assignment: =
                      (           main.s):04421         * LDD #$FFFF optim: optimizeStackOperations1
                      (           main.s):04422         * PSHS B optim: optimizeStackOperations1
14EE AE4A             (           main.s):04423                 LDX     10,U            get pointer value from variable edges
14F0 1F10             (           main.s):04424                 TFR     X,D             array address as r-value
                      (           main.s):04425         * optim: stripConsecOppositeTFRs
                      (           main.s):04426         * optim: optimizeLeax
14F2 C6FF             (           main.s):04427                 LDB     #255            optim: optimizeStackOperations1
14F4 E701             (           main.s):04428                 STB     1,X             optim: optimizeLeax
                      (           main.s):04429         * Line main.c:660: assignment: =
                      (           main.s):04430         * LDD #$FFFF optim: optimizeStackOperations1
                      (           main.s):04431         * PSHS B optim: optimizeStackOperations1
14F6 AE4A             (           main.s):04432                 LDX     10,U            get pointer value from variable edges
14F8 3008             (           main.s):04433                 LEAX    8,X             add index (4) multiplied by pointed object size (2)
14FA 1F10             (           main.s):04434                 TFR     X,D             array address as r-value
                      (           main.s):04435         * optim: stripConsecOppositeTFRs
14FC C6FF             (           main.s):04436                 LDB     #255            optim: optimizeStackOperations1
14FE E784             (           main.s):04437                 STB     ,X
                      (           main.s):04438         * Line main.c:660: assignment: =
                      (           main.s):04439         * LDD #$FFFF optim: optimizeStackOperations1
                      (           main.s):04440         * PSHS B optim: optimizeStackOperations1
1500 AE4A             (           main.s):04441                 LDX     10,U            get pointer value from variable edges
1502 3008             (           main.s):04442                 LEAX    8,X             add index (4) multiplied by pointed object size (2)
1504 1F10             (           main.s):04443                 TFR     X,D             array address as r-value
                      (           main.s):04444         * optim: stripConsecOppositeTFRs
                      (           main.s):04445         * optim: optimizeLeax
1506 C6FF             (           main.s):04446                 LDB     #255            optim: optimizeStackOperations1
1508 E701             (           main.s):04447                 STB     1,X             optim: optimizeLeax
                      (           main.s):04448         * Line main.c:661: assignment: =
                      (           main.s):04449         * LDD #$FFFF optim: optimizeStackOperations1
                      (           main.s):04450         * PSHS B optim: optimizeStackOperations1
150A AE4A             (           main.s):04451                 LDX     10,U            get pointer value from variable edges
150C 308810           (           main.s):04452                 LEAX    16,X            add index (8) multiplied by pointed object size (2)
150F 1F10             (           main.s):04453                 TFR     X,D             array address as r-value
                      (           main.s):04454         * optim: stripConsecOppositeTFRs
1511 C6FF             (           main.s):04455                 LDB     #255            optim: optimizeStackOperations1
1513 E784             (           main.s):04456                 STB     ,X
                      (           main.s):04457         * Line main.c:661: assignment: =
                      (           main.s):04458         * LDD #$FFFF optim: optimizeStackOperations1
                      (           main.s):04459         * PSHS B optim: optimizeStackOperations1
1515 AE4A             (           main.s):04460                 LDX     10,U            get pointer value from variable edges
1517 308810           (           main.s):04461                 LEAX    16,X            add index (8) multiplied by pointed object size (2)
151A 1F10             (           main.s):04462                 TFR     X,D             array address as r-value
                      (           main.s):04463         * optim: stripConsecOppositeTFRs
                      (           main.s):04464         * optim: optimizeLeax
151C C6FF             (           main.s):04465                 LDB     #255            optim: optimizeStackOperations1
151E E701             (           main.s):04466                 STB     1,X             optim: optimizeLeax
                      (           main.s):04467         * Line main.c:662: assignment: =
                      (           main.s):04468         * LDD #$FFFF optim: optimizeStackOperations1
                      (           main.s):04469         * PSHS B optim: optimizeStackOperations1
1520 AE4A             (           main.s):04470                 LDX     10,U            get pointer value from variable edges
1522 308812           (           main.s):04471                 LEAX    18,X            add index (9) multiplied by pointed object size (2)
1525 1F10             (           main.s):04472                 TFR     X,D             array address as r-value
                      (           main.s):04473         * optim: stripConsecOppositeTFRs
1527 C6FF             (           main.s):04474                 LDB     #255            optim: optimizeStackOperations1
1529 E784             (           main.s):04475                 STB     ,X
                      (           main.s):04476         * Line main.c:662: assignment: =
                      (           main.s):04477         * LDD #$FFFF optim: optimizeStackOperations1
                      (           main.s):04478         * PSHS B optim: optimizeStackOperations1
152B AE4A             (           main.s):04479                 LDX     10,U            get pointer value from variable edges
152D 308812           (           main.s):04480                 LEAX    18,X            add index (9) multiplied by pointed object size (2)
1530 1F10             (           main.s):04481                 TFR     X,D             array address as r-value
                      (           main.s):04482         * optim: stripConsecOppositeTFRs
                      (           main.s):04483         * optim: optimizeLeax
1532 C6FF             (           main.s):04484                 LDB     #255            optim: optimizeStackOperations1
1534 E701             (           main.s):04485                 STB     1,X             optim: optimizeLeax
     1536             (           main.s):04486         L00351  EQU     *               else clause of if() started at main.c:658
                      (           main.s):04487         * Useless label L00352 removed
                      (           main.s):04488         * Useless label L00053 removed
1536 32C4             (           main.s):04489                 LEAS    ,U
1538 35C0             (           main.s):04490                 PULS    U,PC
                      (           main.s):04491         * END FUNCTION createcubeat(): defined at main.c:513
     153A             (           main.s):04492         funcend_createcubeat    EQU *
     0608             (           main.s):04493         funcsize_createcubeat   EQU     funcend_createcubeat-_createcubeat
                      (           main.s):04494         _prepare_vertices       EXPORT
                      (           main.s):04495         
                      (           main.s):04496         
                      (           main.s):04497         *******************************************************************************
                      (           main.s):04498         
                      (           main.s):04499         * FUNCTION prepare_vertices(): defined at main.c:666
     153A             (           main.s):04500         _prepare_vertices       EQU     *
                      (           main.s):04501         * Prototype: void prepare_vertices(...)
                      (           main.s):04502         * Calling convention: 0 (CMOC Default)
153A 3440             (           main.s):04503                 PSHS    U
153C 33E4             (           main.s):04504                 LEAU    ,S
                      (           main.s):04505         * optim: removeUnneededLEAS
                      (           main.s):04506         * Local non-static variable(s):
                      (           main.s):04507         *    -12,U:   12 bytes: pp: struct AnonStruct_main.c:25[]: line 668
                      (           main.s):04508         * Useless label L00054 removed
153E 32C4             (           main.s):04509                 LEAS    ,U
1540 35C0             (           main.s):04510                 PULS    U,PC
                      (           main.s):04511         * END FUNCTION prepare_vertices(): defined at main.c:666
     1542             (           main.s):04512         funcend_prepare_vertices        EQU *
     0008             (           main.s):04513         funcsize_prepare_vertices       EQU     funcend_prepare_vertices-_prepare_vertices
                      (           main.s):04514         _cast_ray_down_from_player      EXPORT
                      (           main.s):04515         
                      (           main.s):04516         
                      (           main.s):04517         *******************************************************************************
                      (           main.s):04518         
                      (           main.s):04519         * FUNCTION cast_ray_down_from_player(): defined at main.c:690
     1542             (           main.s):04520         _cast_ray_down_from_player      EQU     *
                      (           main.s):04521         * Prototype: void cast_ray_down_from_player(char, struct AnonStruct_main.c:30 *)
                      (           main.s):04522         * Calling convention: 0 (CMOC Default)
1542 3440             (           main.s):04523                 PSHS    U
1544 33E4             (           main.s):04524                 LEAU    ,S
                      (           main.s):04525         * Formal parameter(s):
                      (           main.s):04526         *      5,U:    1 byte : dist: char: line 690
                      (           main.s):04527         *      6,U:    2 bytes: out: struct AnonStruct_main.c:30 *: line 690
                      (           main.s):04528         * Useless label L00055 removed
1546 32C4             (           main.s):04529                 LEAS    ,U
1548 35C0             (           main.s):04530                 PULS    U,PC
                      (           main.s):04531         * END FUNCTION cast_ray_down_from_player(): defined at main.c:690
     154A             (           main.s):04532         funcend_cast_ray_down_from_player       EQU *
     0008             (           main.s):04533         funcsize_cast_ray_down_from_player      EQU     funcend_cast_ray_down_from_player-_cast_ray_down_from_player
                      (           main.s):04534         _main   EXPORT
                      (           main.s):04535         
                      (           main.s):04536         
                      (           main.s):04537         *******************************************************************************
                      (           main.s):04538         
                      (           main.s):04539         * FUNCTION main(): defined at main.c:706
     154A             (           main.s):04540         _main   EQU     *
                      (           main.s):04541         * Prototype: int main(void)
                      (           main.s):04542         * Calling convention: 0 (CMOC Default)
154A 3440             (           main.s):04543                 PSHS    U
154C 33E4             (           main.s):04544                 LEAU    ,S
154E 32E889           (           main.s):04545                 LEAS    -119,S
                      (           main.s):04546         * Local non-static variable(s):
                      (           main.s):04547         *   -119,U:    1 byte : move_angle: unsigned char: line 798
                      (           main.s):04548         *   -119,U:    1 byte : move_angle: unsigned char: line 804
                      (           main.s):04549         *   -119,U:    1 byte : move_angle: unsigned char: line 809
                      (           main.s):04550         *   -119,U:    1 byte : move_angle: unsigned char: line 815
                      (           main.s):04551         *   -118,U:   32 bytes: stringy: char[]: line 725
                      (           main.s):04552         *    -86,U:   24 bytes: edges: char[][]: line 760
                      (           main.s):04553         *    -62,U:   48 bytes: out: struct AnonStruct_main.c:30[]: line 761
                      (           main.s):04554         *    -14,U:    6 bytes: p1: struct AnonStruct_main.c:30: line 763
                      (           main.s):04555         *     -8,U:    6 bytes: p2: struct AnonStruct_main.c:30: line 766
                      (           main.s):04556         *     -2,U:    1 byte : buttons: unsigned char: line 770
                      (           main.s):04557         *     -1,U:    1 byte : joy: unsigned char: line 771
                      (           main.s):04558         * Line main.c:707: assignment: =
1551 4F               (           main.s):04559                 CLRA
1552 C614             (           main.s):04560                 LDB     #$14            decimal 20 signed
                      (           main.s):04561         * optim: stripUselessPushPull
                      (           main.s):04562         * optim: optimizeLeax
                      (           main.s):04563         * optim: stripUselessPushPull
1554 FD0000           (           main.s):04564                 STD     _playerposition+0       optim: optimizeLeax (optim: removePCRIfRelocatabilityNotSupported)
                      (           main.s):04565         * Line main.c:708: assignment: =
                      (           main.s):04566         * optim: stripExtraClrA_B
1557 5F               (           main.s):04567                 CLRB
                      (           main.s):04568         * optim: stripUselessPushPull
                      (           main.s):04569         * optim: optimizeLeax
                      (           main.s):04570         * optim: stripUselessPushPull
1558 FD0000           (           main.s):04571                 STD     _playerposition+2       optim: optimizeLeax (optim: removePCRIfRelocatabilityNotSupported)
                      (           main.s):04572         * Line main.c:709: assignment: =
                      (           main.s):04573         * optim: stripExtraClrA_B
155B C60B             (           main.s):04574                 LDB     #$0B            decimal 11 signed
                      (           main.s):04575         * optim: stripUselessPushPull
                      (           main.s):04576         * optim: optimizeLeax
                      (           main.s):04577         * optim: stripUselessPushPull
155D FD0000           (           main.s):04578                 STD     _playerposition+4       optim: optimizeLeax (optim: removePCRIfRelocatabilityNotSupported)
                      (           main.s):04579         * Line main.c:711: assignment: =
                      (           main.s):04580         * optim: removeClr
1560 5F               (           main.s):04581                 CLRB
                      (           main.s):04582         * optim: stripUselessPushPull
                      (           main.s):04583         * optim: optimizeLeax
                      (           main.s):04584         * optim: stripUselessPushPull
1561 FD0000           (           main.s):04585                 STD     _playerrotation+0       optim: optimizeLeax (optim: removePCRIfRelocatabilityNotSupported)
                      (           main.s):04586         * Line main.c:712: assignment: =
                      (           main.s):04587         * optim: removeClr
                      (           main.s):04588         * optim: removeClr
                      (           main.s):04589         * optim: stripUselessPushPull
1564 8E0000           (           main.s):04590                 LDX     #_playerrotation+2      member y of AnonStruct_main.c:20, via variable playerrotation (optim: removePCRIfRelocatabilityNotSupported)
                      (           main.s):04591         * optim: stripUselessPushPull
1567 ED84             (           main.s):04592                 STD     ,X
                      (           main.s):04593         * Line main.c:713: function call: UpdateDirections()
1569 BD0000           (           main.s):04594                 JSR     _UpdateDirections
                      (           main.s):04595         * Line main.c:715: function call: terminal_print()
156C 8E0000           (           main.s):04596                 LDX     #S00057         "TERMINAL INITIALIZED 0123456789" (optim: removePCRIfRelocatabilityNotSupported)
156F 1F10             (           main.s):04597                 TFR     X,D
                      (           main.s):04598         * Emitted no code to cast `const char[]' to `char *'
1571 3406             (           main.s):04599                 PSHS    B,A             C function argument 1 of terminal_print(): char *
1573 BD0000           (           main.s):04600                 JSR     _terminal_print
1576 3262             (           main.s):04601                 LEAS    2,S
                      (           main.s):04602         * Line main.c:717: while
1578 1601B4           (           main.s):04603                 LBRA    L00354          jump to while condition
     157B             (           main.s):04604         L00353  EQU     *               while body
                      (           main.s):04605         * Line main.c:721: function call: wait_retrace()
157B BD0000           (           main.s):04606                 JSR     _wait_retrace
                      (           main.s):04607         * Line main.c:722: function call: intensity()
157E 4F               (           main.s):04608                 CLRA
157F C65F             (           main.s):04609                 LDB     #$5F            decimal 95 signed
1581 3406             (           main.s):04610                 PSHS    B,A             C function argument 1 of intensity(): int
1583 BD0000           (           main.s):04611                 JSR     _intensity
1586 3262             (           main.s):04612                 LEAS    2,S
                      (           main.s):04613         * Line main.c:724: function call: set_text_size()
1588 8E0028           (           main.s):04614                 LDX     #$28            decimal 40 signed (optim: optimizeConsecutiveFunctionArguments)
                      (           main.s):04615         * optim: optimizeConsecutiveFunctionArguments
158B CCFFFA           (           main.s):04616                 LDD     #$FFFA          constant expression: 65530 decimal, signed
158E 3416             (           main.s):04617                 PSHS    X,B,A           C function argument 1 of set_text_size(): int (optim: optimizeConsecutiveFunctionArguments)
1590 BD0000           (           main.s):04618                 JSR     _set_text_size
1593 3264             (           main.s):04619                 LEAS    4,S
                      (           main.s):04620         * The if() condition at main.c:731 is always true
                      (           main.s):04621         * Line main.c:728: function call: build_position_string()
1595 BE0000           (           main.s):04622                 LDX     _playerposition+4       member z of AnonStruct_main.c:30, via variable playerposition (optim: optimizeConsecutiveFunctionArguments) (optim: removePCRIfRelocatabilityNotSupported)
                      (           main.s):04623         * optim: optimizeConsecutiveFunctionArguments
1598 FC0000           (           main.s):04624                 LDD     _playerposition+2       member y of AnonStruct_main.c:30, via variable playerposition (optim: removePCRIfRelocatabilityNotSupported)
159B 3416             (           main.s):04625                 PSHS    X,B,A           C function argument 3 of build_position_string(): int (optim: optimizeConsecutiveFunctionArguments)
159D FC0000           (           main.s):04626                 LDD     _playerposition+0       member x of AnonStruct_main.c:30, via variable playerposition (optim: removePCRIfRelocatabilityNotSupported)
15A0 3406             (           main.s):04627                 PSHS    B,A             C function argument 2 of build_position_string(): int
15A2 30C88A           (           main.s):04628                 LEAX    -118,U          address of array stringy
15A5 3410             (           main.s):04629                 PSHS    X               C function argument 1 of build_position_string(): char[]
15A7 BD0000           (           main.s):04630                 JSR     _build_position_string
15AA 3268             (           main.s):04631                 LEAS    8,S
                      (           main.s):04632         * Line main.c:729: function call: print_str_c()
15AC 30C88A           (           main.s):04633                 LEAX    -118,U          address of array stringy
15AF 3410             (           main.s):04634                 PSHS    X               C function argument 3 of print_str_c(): char[]
15B1 8EFF88           (           main.s):04635                 LDX     #$FF88          constant expression: 65416 decimal, signed (optim: optimizeConsecutiveFunctionArguments)
                      (           main.s):04636         * optim: optimizeConsecutiveFunctionArguments
15B4 4F               (           main.s):04637                 CLRA
15B5 C678             (           main.s):04638                 LDB     #$78            decimal 120 signed
15B7 3416             (           main.s):04639                 PSHS    X,B,A           C function argument 1 of print_str_c(): int (optim: optimizeConsecutiveFunctionArguments)
15B9 BD0000           (           main.s):04640                 JSR     _print_str_c
15BC 3266             (           main.s):04641                 LEAS    6,S
                      (           main.s):04642         * The if() condition at main.c:758 is always true
                      (           main.s):04643         * Line main.c:732: function call: build_rotation_string()
15BE BE0000           (           main.s):04644                 LDX     _playerrotation+2       member y of AnonStruct_main.c:20, via variable playerrotation (optim: optimizeConsecutiveFunctionArguments) (optim: removePCRIfRelocatabilityNotSupported)
                      (           main.s):04645         * optim: optimizeConsecutiveFunctionArguments
15C1 FC0000           (           main.s):04646                 LDD     _playerrotation+0       member x of AnonStruct_main.c:20, via variable playerrotation (optim: removePCRIfRelocatabilityNotSupported)
15C4 3416             (           main.s):04647                 PSHS    X,B,A           C function argument 2 of build_rotation_string(): int (optim: optimizeConsecutiveFunctionArguments)
15C6 30C88A           (           main.s):04648                 LEAX    -118,U          address of array stringy
15C9 3410             (           main.s):04649                 PSHS    X               C function argument 1 of build_rotation_string(): char[]
15CB BD0000           (           main.s):04650                 JSR     _build_rotation_string
15CE 3266             (           main.s):04651                 LEAS    6,S
                      (           main.s):04652         * Line main.c:733: function call: print_str_c()
15D0 30C88A           (           main.s):04653                 LEAX    -118,U          address of array stringy
15D3 3410             (           main.s):04654                 PSHS    X               C function argument 3 of print_str_c(): char[]
15D5 8EFF88           (           main.s):04655                 LDX     #$FF88          constant expression: 65416 decimal, signed (optim: optimizeConsecutiveFunctionArguments)
                      (           main.s):04656         * optim: optimizeConsecutiveFunctionArguments
15D8 4F               (           main.s):04657                 CLRA
15D9 C66E             (           main.s):04658                 LDB     #$6E            decimal 110 signed
15DB 3416             (           main.s):04659                 PSHS    X,B,A           C function argument 1 of print_str_c(): int (optim: optimizeConsecutiveFunctionArguments)
15DD BD0000           (           main.s):04660                 JSR     _print_str_c
15E0 3266             (           main.s):04661                 LEAS    6,S
                      (           main.s):04662         * Line main.c:758: function call: clear_mul_caches()
15E2 BD0000           (           main.s):04663                 JSR     _clear_mul_caches
                      (           main.s):04664         * Line main.c:763: init of variable p1
15E5 4F               (           main.s):04665                 CLRA
15E6 C60A             (           main.s):04666                 LDB     #$0A            decimal 10 signed
15E8 ED52             (           main.s):04667                 STD     -14,U           offset in variable p1
15EA CCFFF6           (           main.s):04668                 LDD     #$FFF6          constant expression: 65526 decimal, signed
15ED ED54             (           main.s):04669                 STD     -12,U           offset in variable p1
15EF 4F               (           main.s):04670                 CLRA
15F0 C61E             (           main.s):04671                 LDB     #$1E            decimal 30 signed
15F2 ED56             (           main.s):04672                 STD     -10,U           offset in variable p1
                      (           main.s):04673         * Line main.c:764: function call: createcubeat()
15F4 30C8C2           (           main.s):04674                 LEAX    -62,U           address of array out
15F7 3410             (           main.s):04675                 PSHS    X               C function argument 3 of createcubeat(): struct AnonStruct_main.c:30[]
15F9 30C8AA           (           main.s):04676                 LEAX    -86,U           address of array edges
15FC 3410             (           main.s):04677                 PSHS    X               C function argument 2 of createcubeat(): char[][]
15FE 3052             (           main.s):04678                 LEAX    -14,U           variable `p1', declared at main.c:763
1600 C606             (           main.s):04679                 LDB     #6              size of struct AnonStruct_main.c:30
1602 327A             (           main.s):04680                 LEAS    -6,S            pass struct AnonStruct_main.c:30 by value
1604 170000           (           main.s):04681                 LBSR    pushSmallStruct C function argument 1 of createcubeat(): struct AnonStruct_main.c:30
1607 BD0000           (           main.s):04682                 JSR     _createcubeat
160A 326A             (           main.s):04683                 LEAS    10,S
                      (           main.s):04684         * Line main.c:765: function call: drawcube()
160C 30C8AA           (           main.s):04685                 LEAX    -86,U           address of array edges
160F 3410             (           main.s):04686                 PSHS    X               C function argument 2 of drawcube(): char[][]
1611 30C8C2           (           main.s):04687                 LEAX    -62,U           address of array out
1614 3410             (           main.s):04688                 PSHS    X               C function argument 1 of drawcube(): struct AnonStruct_main.c:30[]
1616 BD0000           (           main.s):04689                 JSR     _drawcube
1619 3264             (           main.s):04690                 LEAS    4,S
                      (           main.s):04691         * Line main.c:766: init of variable p2
161B 4F               (           main.s):04692                 CLRA
161C C60A             (           main.s):04693                 LDB     #$0A            decimal 10 signed
161E ED58             (           main.s):04694                 STD     -8,U            offset in variable p2
1620 CCFFF6           (           main.s):04695                 LDD     #$FFF6          constant expression: 65526 decimal, signed
1623 ED5A             (           main.s):04696                 STD     -6,U            offset in variable p2
1625 4F               (           main.s):04697                 CLRA
1626 C632             (           main.s):04698                 LDB     #$32            decimal 50 signed
1628 ED5C             (           main.s):04699                 STD     -4,U            offset in variable p2
                      (           main.s):04700         * Line main.c:767: function call: createcubeat()
162A 30C8C2           (           main.s):04701                 LEAX    -62,U           address of array out
162D 3410             (           main.s):04702                 PSHS    X               C function argument 3 of createcubeat(): struct AnonStruct_main.c:30[]
162F 30C8AA           (           main.s):04703                 LEAX    -86,U           address of array edges
1632 3410             (           main.s):04704                 PSHS    X               C function argument 2 of createcubeat(): char[][]
1634 3058             (           main.s):04705                 LEAX    -8,U            variable `p2', declared at main.c:766
1636 C606             (           main.s):04706                 LDB     #6              size of struct AnonStruct_main.c:30
1638 327A             (           main.s):04707                 LEAS    -6,S            pass struct AnonStruct_main.c:30 by value
163A 170000           (           main.s):04708                 LBSR    pushSmallStruct C function argument 1 of createcubeat(): struct AnonStruct_main.c:30
163D BD0000           (           main.s):04709                 JSR     _createcubeat
1640 326A             (           main.s):04710                 LEAS    10,S
                      (           main.s):04711         * Line main.c:768: function call: drawcube()
1642 30C8AA           (           main.s):04712                 LEAX    -86,U           address of array edges
1645 3410             (           main.s):04713                 PSHS    X               C function argument 2 of drawcube(): char[][]
1647 30C8C2           (           main.s):04714                 LEAX    -62,U           address of array out
164A 3410             (           main.s):04715                 PSHS    X               C function argument 1 of drawcube(): struct AnonStruct_main.c:30[]
164C BD0000           (           main.s):04716                 JSR     _drawcube
164F 3264             (           main.s):04717                 LEAS    4,S
                      (           main.s):04718         * Line main.c:770: init of variable buttons
                      (           main.s):04719         * Line main.c:770: function call: read_buttons()
1651 BD0000           (           main.s):04720                 JSR     _read_buttons
1654 E75E             (           main.s):04721                 STB     -2,U            variable buttons
                      (           main.s):04722         * Line main.c:771: init of variable joy
                      (           main.s):04723         * Line main.c:771: function call: read_joystick()
1656 4F               (           main.s):04724                 CLRA
1657 C601             (           main.s):04725                 LDB     #$01            decimal 1 signed
1659 3406             (           main.s):04726                 PSHS    B,A             C function argument 1 of read_joystick(): int
165B BD0000           (           main.s):04727                 JSR     _read_joystick
165E 3262             (           main.s):04728                 LEAS    2,S
1660 E75F             (           main.s):04729                 STB     -1,U            variable joy
                      (           main.s):04730         * Line main.c:773: if
                      (           main.s):04731         * optim: storeLoad
1662 C404             (           main.s):04732                 ANDB    #$04
                      (           main.s):04733         * optim: optimizeAndbTstb
1664 270D             (           main.s):04734                 BEQ     L00357           (optim: condBranchOverUncondBranch)
                      (           main.s):04735         * optim: condBranchOverUncondBranch
                      (           main.s):04736         * Useless label L00356 removed
                      (           main.s):04737         * Line main.c:773
                      (           main.s):04738         * Line main.c:774: assignment: -=
                      (           main.s):04739         * optim: optimizeStackOperations5
                      (           main.s):04740         * optim: optimizeStackOperations5
                      (           main.s):04741         * optim: optimizeStackOperations5
1666 8E0000           (           main.s):04742                 LDX     #_playerrotation+0      member x of AnonStruct_main.c:20, via variable playerrotation (optim: removePCRIfRelocatabilityNotSupported)
1669 EC84             (           main.s):04743                 LDD     ,X
166B 830005           (           main.s):04744                 SUBD    #$05            optim: optimizeStackOperations5
166E ED84             (           main.s):04745                 STD     ,X
                      (           main.s):04746         * Line main.c:775: function call: UpdateDirections()
1670 BD0000           (           main.s):04747                 JSR     _UpdateDirections
     1673             (           main.s):04748         L00357  EQU     *               else clause of if() started at main.c:773
                      (           main.s):04749         * Useless label L00358 removed
                      (           main.s):04750         * Line main.c:779: if
1673 E65F             (           main.s):04751                 LDB     -1,U            variable joy
1675 C408             (           main.s):04752                 ANDB    #$08
                      (           main.s):04753         * optim: optimizeAndbTstb
1677 270D             (           main.s):04754                 BEQ     L00360           (optim: condBranchOverUncondBranch)
                      (           main.s):04755         * optim: condBranchOverUncondBranch
                      (           main.s):04756         * Useless label L00359 removed
                      (           main.s):04757         * Line main.c:779
                      (           main.s):04758         * Line main.c:780: assignment: +=
                      (           main.s):04759         * optim: optimizeStackOperations5
                      (           main.s):04760         * optim: optimizeStackOperations5
                      (           main.s):04761         * optim: optimizeStackOperations5
1679 8E0000           (           main.s):04762                 LDX     #_playerrotation+0      member x of AnonStruct_main.c:20, via variable playerrotation (optim: removePCRIfRelocatabilityNotSupported)
167C EC84             (           main.s):04763                 LDD     ,X
167E C30005           (           main.s):04764                 ADDD    #$05            optim: optimizeStackOperations5
1681 ED84             (           main.s):04765                 STD     ,X
                      (           main.s):04766         * Line main.c:781: function call: UpdateDirections()
1683 BD0000           (           main.s):04767                 JSR     _UpdateDirections
     1686             (           main.s):04768         L00360  EQU     *               else clause of if() started at main.c:779
                      (           main.s):04769         * Useless label L00361 removed
                      (           main.s):04770         * Line main.c:785: if
1686 E65F             (           main.s):04771                 LDB     -1,U            variable joy
1688 C401             (           main.s):04772                 ANDB    #$01
                      (           main.s):04773         * optim: optimizeAndbTstb
168A 2716             (           main.s):04774                 BEQ     L00363           (optim: condBranchOverUncondBranch)
                      (           main.s):04775         * optim: condBranchOverUncondBranch
                      (           main.s):04776         * Useless label L00364 removed
168C FC0000           (           main.s):04777                 LDD     _playerrotation+2       member y of AnonStruct_main.c:20, via variable playerrotation (optim: removePCRIfRelocatabilityNotSupported)
168F 10830040         (           main.s):04778                 CMPD    #64
1693 2C0D             (           main.s):04779                 BGE     L00363           (optim: condBranchOverUncondBranch)
                      (           main.s):04780         * optim: condBranchOverUncondBranch
                      (           main.s):04781         * Useless label L00362 removed
                      (           main.s):04782         * Line main.c:785
                      (           main.s):04783         * Line main.c:786: assignment: +=
                      (           main.s):04784         * optim: optimizeStackOperations5
                      (           main.s):04785         * optim: optimizeStackOperations5
                      (           main.s):04786         * optim: optimizeStackOperations5
1695 8E0000           (           main.s):04787                 LDX     #_playerrotation+2      member y of AnonStruct_main.c:20, via variable playerrotation (optim: removePCRIfRelocatabilityNotSupported)
1698 EC84             (           main.s):04788                 LDD     ,X
169A C30005           (           main.s):04789                 ADDD    #$05            optim: optimizeStackOperations5
169D ED84             (           main.s):04790                 STD     ,X
                      (           main.s):04791         * Line main.c:787: function call: UpdateDirections()
169F BD0000           (           main.s):04792                 JSR     _UpdateDirections
     16A2             (           main.s):04793         L00363  EQU     *               else clause of if() started at main.c:785
                      (           main.s):04794         * Useless label L00365 removed
                      (           main.s):04795         * Line main.c:791: if
16A2 E65F             (           main.s):04796                 LDB     -1,U            variable joy
16A4 C402             (           main.s):04797                 ANDB    #$02
                      (           main.s):04798         * optim: optimizeAndbTstb
16A6 2716             (           main.s):04799                 BEQ     L00367           (optim: condBranchOverUncondBranch)
                      (           main.s):04800         * optim: condBranchOverUncondBranch
                      (           main.s):04801         * Useless label L00368 removed
16A8 FC0000           (           main.s):04802                 LDD     _playerrotation+2       member y of AnonStruct_main.c:20, via variable playerrotation (optim: removePCRIfRelocatabilityNotSupported)
16AB 1083FFC0         (           main.s):04803                 CMPD    #65472
16AF 2F0D             (           main.s):04804                 BLE     L00367           (optim: condBranchOverUncondBranch)
                      (           main.s):04805         * optim: condBranchOverUncondBranch
                      (           main.s):04806         * Useless label L00366 removed
                      (           main.s):04807         * Line main.c:791
                      (           main.s):04808         * Line main.c:792: assignment: -=
                      (           main.s):04809         * optim: optimizeStackOperations5
                      (           main.s):04810         * optim: optimizeStackOperations5
                      (           main.s):04811         * optim: optimizeStackOperations5
16B1 8E0000           (           main.s):04812                 LDX     #_playerrotation+2      member y of AnonStruct_main.c:20, via variable playerrotation (optim: removePCRIfRelocatabilityNotSupported)
16B4 EC84             (           main.s):04813                 LDD     ,X
16B6 830005           (           main.s):04814                 SUBD    #$05            optim: optimizeStackOperations5
16B9 ED84             (           main.s):04815                 STD     ,X
                      (           main.s):04816         * Line main.c:793: function call: UpdateDirections()
16BB BD0000           (           main.s):04817                 JSR     _UpdateDirections
     16BE             (           main.s):04818         L00367  EQU     *               else clause of if() started at main.c:791
                      (           main.s):04819         * Useless label L00369 removed
                      (           main.s):04820         * Line main.c:797: if
16BE E65E             (           main.s):04821                 LDB     -2,U            variable buttons
16C0 C401             (           main.s):04822                 ANDB    #$01
                      (           main.s):04823         * optim: optimizeAndbTstb
16C2 2715             (           main.s):04824                 BEQ     L00371           (optim: condBranchOverUncondBranch)
                      (           main.s):04825         * optim: condBranchOverUncondBranch
                      (           main.s):04826         * Useless label L00370 removed
                      (           main.s):04827         * Line main.c:797
                      (           main.s):04828         * Line main.c:798: init of variable move_angle
16C4 FC0000           (           main.s):04829                 LDD     _playerrotation+0       member x of AnonStruct_main.c:20, via variable playerrotation (optim: removePCRIfRelocatabilityNotSupported)
16C7 C30080           (           main.s):04830                 ADDD    #128            add right side
                      (           main.s):04831         * Cast from `int' to byte: result already in B
16CA E7C889           (           main.s):04832                 STB     -119,U          variable move_angle
                      (           main.s):04833         * Line main.c:799: function call: MovePlayer()
                      (           main.s):04834         * optim: storeLoad
16CD 4F               (           main.s):04835                 CLRA                    promoting byte argument to word
16CE 3406             (           main.s):04836                 PSHS    B,A             C function argument 2 of MovePlayer(): unsigned char
16D0 C603             (           main.s):04837                 LDB     #$03            optim: changeLoadDToLoadB
16D2 3406             (           main.s):04838                 PSHS    B,A             C function argument 1 of MovePlayer(): int
16D4 BD0000           (           main.s):04839                 JSR     _MovePlayer
16D7 3264             (           main.s):04840                 LEAS    4,S
     16D9             (           main.s):04841         L00371  EQU     *               else clause of if() started at main.c:797
                      (           main.s):04842         * Useless label L00372 removed
                      (           main.s):04843         * Line main.c:802: if
16D9 E65E             (           main.s):04844                 LDB     -2,U            variable buttons
16DB C402             (           main.s):04845                 ANDB    #$02
                      (           main.s):04846         * optim: optimizeAndbTstb
16DD 2716             (           main.s):04847                 BEQ     L00374           (optim: condBranchOverUncondBranch)
                      (           main.s):04848         * optim: condBranchOverUncondBranch
                      (           main.s):04849         * Useless label L00373 removed
                      (           main.s):04850         * Line main.c:803
                      (           main.s):04851         * Line main.c:804: init of variable move_angle
16DF FC0000           (           main.s):04852                 LDD     _playerrotation+0       member x of AnonStruct_main.c:20, via variable playerrotation (optim: removePCRIfRelocatabilityNotSupported)
16E2 C30080           (           main.s):04853                 ADDD    #128            add right side
                      (           main.s):04854         * Cast from `int' to byte: result already in B
16E5 E7C889           (           main.s):04855                 STB     -119,U          variable move_angle
                      (           main.s):04856         * Line main.c:805: function call: MovePlayer()
                      (           main.s):04857         * optim: storeLoad
16E8 4F               (           main.s):04858                 CLRA                    promoting byte argument to word
16E9 3406             (           main.s):04859                 PSHS    B,A             C function argument 2 of MovePlayer(): unsigned char
16EB CCFFFD           (           main.s):04860                 LDD     #$FFFD          constant expression: 65533 decimal, signed
16EE 3406             (           main.s):04861                 PSHS    B,A             C function argument 1 of MovePlayer(): int
16F0 BD0000           (           main.s):04862                 JSR     _MovePlayer
16F3 3264             (           main.s):04863                 LEAS    4,S
     16F5             (           main.s):04864         L00374  EQU     *               else clause of if() started at main.c:802
                      (           main.s):04865         * Useless label L00375 removed
                      (           main.s):04866         * Line main.c:808: if
16F5 E65E             (           main.s):04867                 LDB     -2,U            variable buttons
16F7 C404             (           main.s):04868                 ANDB    #$04
                      (           main.s):04869         * optim: optimizeAndbTstb
16F9 2715             (           main.s):04870                 BEQ     L00377           (optim: condBranchOverUncondBranch)
                      (           main.s):04871         * optim: condBranchOverUncondBranch
                      (           main.s):04872         * Useless label L00376 removed
                      (           main.s):04873         * Line main.c:808
                      (           main.s):04874         * Line main.c:809: init of variable move_angle
16FB FC0000           (           main.s):04875                 LDD     _playerrotation+0       member x of AnonStruct_main.c:20, via variable playerrotation (optim: removePCRIfRelocatabilityNotSupported)
16FE C300C0           (           main.s):04876                 ADDD    #192            add right side
                      (           main.s):04877         * Cast from `int' to byte: result already in B
1701 E7C889           (           main.s):04878                 STB     -119,U          variable move_angle
                      (           main.s):04879         * Line main.c:810: function call: MovePlayer()
                      (           main.s):04880         * optim: storeLoad
1704 4F               (           main.s):04881                 CLRA                    promoting byte argument to word
1705 3406             (           main.s):04882                 PSHS    B,A             C function argument 2 of MovePlayer(): unsigned char
1707 C603             (           main.s):04883                 LDB     #$03            optim: changeLoadDToLoadB
1709 3406             (           main.s):04884                 PSHS    B,A             C function argument 1 of MovePlayer(): int
170B BD0000           (           main.s):04885                 JSR     _MovePlayer
170E 3264             (           main.s):04886                 LEAS    4,S
     1710             (           main.s):04887         L00377  EQU     *               else clause of if() started at main.c:808
                      (           main.s):04888         * Useless label L00378 removed
                      (           main.s):04889         * Line main.c:813: if
1710 E65E             (           main.s):04890                 LDB     -2,U            variable buttons
1712 C408             (           main.s):04891                 ANDB    #$08
                      (           main.s):04892         * optim: optimizeAndbTstb
1714 2716             (           main.s):04893                 BEQ     L00380           (optim: condBranchOverUncondBranch)
                      (           main.s):04894         * optim: condBranchOverUncondBranch
                      (           main.s):04895         * Useless label L00379 removed
                      (           main.s):04896         * Line main.c:814
                      (           main.s):04897         * Line main.c:815: init of variable move_angle
1716 FC0000           (           main.s):04898                 LDD     _playerrotation+0       member x of AnonStruct_main.c:20, via variable playerrotation (optim: removePCRIfRelocatabilityNotSupported)
1719 C300C0           (           main.s):04899                 ADDD    #192            add right side
                      (           main.s):04900         * Cast from `int' to byte: result already in B
171C E7C889           (           main.s):04901                 STB     -119,U          variable move_angle
                      (           main.s):04902         * Line main.c:816: function call: MovePlayer()
                      (           main.s):04903         * optim: storeLoad
171F 4F               (           main.s):04904                 CLRA                    promoting byte argument to word
1720 3406             (           main.s):04905                 PSHS    B,A             C function argument 2 of MovePlayer(): unsigned char
1722 CCFFFD           (           main.s):04906                 LDD     #$FFFD          constant expression: 65533 decimal, signed
1725 3406             (           main.s):04907                 PSHS    B,A             C function argument 1 of MovePlayer(): int
1727 BD0000           (           main.s):04908                 JSR     _MovePlayer
172A 3264             (           main.s):04909                 LEAS    4,S
     172C             (           main.s):04910         L00380  EQU     *               else clause of if() started at main.c:813
                      (           main.s):04911         * Useless label L00381 removed
                      (           main.s):04912         * The if() condition at main.c:821 is always true
                      (           main.s):04913         * Line main.c:819: function call: terminal_render()
172C BD0000           (           main.s):04914                 JSR     _terminal_render
     172F             (           main.s):04915         L00354  EQU     *               while condition at main.c:717
172F 16FE49           (           main.s):04916                 LBRA    L00353          go to start of while body
                      (           main.s):04917         * Useless label L00355 removed
                      (           main.s):04918         * Line main.c:822: return with value
1732 4F               (           main.s):04919                 CLRA
1733 5F               (           main.s):04920                 CLRB
                      (           main.s):04921         * optim: branchToNextLocation
                      (           main.s):04922         * Useless label L00056 removed
1734 32C4             (           main.s):04923                 LEAS    ,U
1736 35C0             (           main.s):04924                 PULS    U,PC
                      (           main.s):04925         * END FUNCTION main(): defined at main.c:706
     1738             (           main.s):04926         funcend_main    EQU *
     01EE             (           main.s):04927         funcsize_main   EQU     funcend_main-_main
                      (           main.s):04928         
                      (           main.s):04929         
                      (           main.s):04930                 ENDSECTION
                      (           main.s):04931         
                      (           main.s):04932         
                      (           main.s):04933         
                      (           main.s):04934         
                      (           main.s):04935                 SECTION initgl_start
                      (           main.s):04936         
                      (           main.s):04937         
                      (           main.s):04938         INITGL  EXPORT
     0000             (           main.s):04939         INITGL  EQU     *
                      (           main.s):04940         
                      (           main.s):04941         
                      (           main.s):04942                 ENDSECTION
                      (           main.s):04943         
                      (           main.s):04944         
                      (           main.s):04945         
                      (           main.s):04946         
                      (           main.s):04947                 SECTION initgl
                      (           main.s):04948         
                      (           main.s):04949         
                      (           main.s):04950         
                      (           main.s):04951         
                      (           main.s):04952         *******************************************************************************
                      (           main.s):04953         
                      (           main.s):04954         * Initialize global variables.
                      (           main.s):04955         
                      (           main.s):04956         
                      (           main.s):04957                 ENDSECTION
                      (           main.s):04958         
                      (           main.s):04959         
                      (           main.s):04960         
                      (           main.s):04961         
                      (           main.s):04962                 SECTION rodata
                      (           main.s):04963         
                      (           main.s):04964         
     0000             (           main.s):04965         string_literals_start   EQU     *
                      (           main.s):04966         
                      (           main.s):04967         
                      (           main.s):04968         *******************************************************************************
                      (           main.s):04969         
                      (           main.s):04970         * STRING LITERALS
     0000             (           main.s):04971         S00057  EQU     *
0000 5445524D494E414C (           main.s):04972                 FCC     "TERMINAL INITIALIZED 0123456789"
     20494E495449414C
     495A454420303132
     33343536373839
001F 00               (           main.s):04973                 FCB     0
     0020             (           main.s):04974         string_literals_end     EQU     *
                      (           main.s):04975         
                      (           main.s):04976         
                      (           main.s):04977         *******************************************************************************
                      (           main.s):04978         
                      (           main.s):04979         * READ-ONLY GLOBAL VARIABLES
     0020             (           main.s):04980         _sin_table      EQU     *               sin_table: const unsigned char[]
                      (           main.s):04981         * Element 0 of array, of type const unsigned char
0020 00               (           main.s):04982                 FCB     $00             decimal 0
                      (           main.s):04983         * Element 1 of array, of type const unsigned char
0021 06               (           main.s):04984                 FCB     $06             decimal 6
                      (           main.s):04985         * Element 2 of array, of type const unsigned char
0022 0D               (           main.s):04986                 FCB     $0D             decimal 13
                      (           main.s):04987         * Element 3 of array, of type const unsigned char
0023 13               (           main.s):04988                 FCB     $13             decimal 19
                      (           main.s):04989         * Element 4 of array, of type const unsigned char
0024 19               (           main.s):04990                 FCB     $19             decimal 25
                      (           main.s):04991         * Element 5 of array, of type const unsigned char
0025 20               (           main.s):04992                 FCB     $20             decimal 32
                      (           main.s):04993         * Element 6 of array, of type const unsigned char
0026 26               (           main.s):04994                 FCB     $26             decimal 38
                      (           main.s):04995         * Element 7 of array, of type const unsigned char
0027 2C               (           main.s):04996                 FCB     $2C             decimal 44
                      (           main.s):04997         * Element 8 of array, of type const unsigned char
0028 33               (           main.s):04998                 FCB     $33             decimal 51
                      (           main.s):04999         * Element 9 of array, of type const unsigned char
0029 39               (           main.s):05000                 FCB     $39             decimal 57
                      (           main.s):05001         * Element 10 of array, of type const unsigned char
002A 3F               (           main.s):05002                 FCB     $3F             decimal 63
                      (           main.s):05003         * Element 11 of array, of type const unsigned char
002B 45               (           main.s):05004                 FCB     $45             decimal 69
                      (           main.s):05005         * Element 12 of array, of type const unsigned char
002C 4B               (           main.s):05006                 FCB     $4B             decimal 75
                      (           main.s):05007         * Element 13 of array, of type const unsigned char
002D 51               (           main.s):05008                 FCB     $51             decimal 81
                      (           main.s):05009         * Element 14 of array, of type const unsigned char
002E 57               (           main.s):05010                 FCB     $57             decimal 87
                      (           main.s):05011         * Element 15 of array, of type const unsigned char
002F 5D               (           main.s):05012                 FCB     $5D             decimal 93
                      (           main.s):05013         * Element 16 of array, of type const unsigned char
0030 63               (           main.s):05014                 FCB     $63             decimal 99
                      (           main.s):05015         * Element 17 of array, of type const unsigned char
0031 69               (           main.s):05016                 FCB     $69             decimal 105
                      (           main.s):05017         * Element 18 of array, of type const unsigned char
0032 6F               (           main.s):05018                 FCB     $6F             decimal 111
                      (           main.s):05019         * Element 19 of array, of type const unsigned char
0033 74               (           main.s):05020                 FCB     $74             decimal 116
                      (           main.s):05021         * Element 20 of array, of type const unsigned char
0034 7A               (           main.s):05022                 FCB     $7A             decimal 122
                      (           main.s):05023         * Element 21 of array, of type const unsigned char
0035 7F               (           main.s):05024                 FCB     $7F             decimal 127
                      (           main.s):05025         * Element 22 of array, of type const unsigned char
0036 85               (           main.s):05026                 FCB     $85             decimal 133
                      (           main.s):05027         * Element 23 of array, of type const unsigned char
0037 8A               (           main.s):05028                 FCB     $8A             decimal 138
                      (           main.s):05029         * Element 24 of array, of type const unsigned char
0038 90               (           main.s):05030                 FCB     $90             decimal 144
                      (           main.s):05031         * Element 25 of array, of type const unsigned char
0039 95               (           main.s):05032                 FCB     $95             decimal 149
                      (           main.s):05033         * Element 26 of array, of type const unsigned char
003A 9A               (           main.s):05034                 FCB     $9A             decimal 154
                      (           main.s):05035         * Element 27 of array, of type const unsigned char
003B 9F               (           main.s):05036                 FCB     $9F             decimal 159
                      (           main.s):05037         * Element 28 of array, of type const unsigned char
003C A4               (           main.s):05038                 FCB     $A4             decimal 164
                      (           main.s):05039         * Element 29 of array, of type const unsigned char
003D A9               (           main.s):05040                 FCB     $A9             decimal 169
                      (           main.s):05041         * Element 30 of array, of type const unsigned char
003E AD               (           main.s):05042                 FCB     $AD             decimal 173
                      (           main.s):05043         * Element 31 of array, of type const unsigned char
003F B2               (           main.s):05044                 FCB     $B2             decimal 178
                      (           main.s):05045         * Element 32 of array, of type const unsigned char
0040 B7               (           main.s):05046                 FCB     $B7             decimal 183
                      (           main.s):05047         * Element 33 of array, of type const unsigned char
0041 BB               (           main.s):05048                 FCB     $BB             decimal 187
                      (           main.s):05049         * Element 34 of array, of type const unsigned char
0042 BF               (           main.s):05050                 FCB     $BF             decimal 191
                      (           main.s):05051         * Element 35 of array, of type const unsigned char
0043 C3               (           main.s):05052                 FCB     $C3             decimal 195
                      (           main.s):05053         * Element 36 of array, of type const unsigned char
0044 C7               (           main.s):05054                 FCB     $C7             decimal 199
                      (           main.s):05055         * Element 37 of array, of type const unsigned char
0045 CB               (           main.s):05056                 FCB     $CB             decimal 203
                      (           main.s):05057         * Element 38 of array, of type const unsigned char
0046 CF               (           main.s):05058                 FCB     $CF             decimal 207
                      (           main.s):05059         * Element 39 of array, of type const unsigned char
0047 D3               (           main.s):05060                 FCB     $D3             decimal 211
                      (           main.s):05061         * Element 40 of array, of type const unsigned char
0048 D6               (           main.s):05062                 FCB     $D6             decimal 214
                      (           main.s):05063         * Element 41 of array, of type const unsigned char
0049 DA               (           main.s):05064                 FCB     $DA             decimal 218
                      (           main.s):05065         * Element 42 of array, of type const unsigned char
004A DD               (           main.s):05066                 FCB     $DD             decimal 221
                      (           main.s):05067         * Element 43 of array, of type const unsigned char
004B E0               (           main.s):05068                 FCB     $E0             decimal 224
                      (           main.s):05069         * Element 44 of array, of type const unsigned char
004C E3               (           main.s):05070                 FCB     $E3             decimal 227
                      (           main.s):05071         * Element 45 of array, of type const unsigned char
004D E6               (           main.s):05072                 FCB     $E6             decimal 230
                      (           main.s):05073         * Element 46 of array, of type const unsigned char
004E E8               (           main.s):05074                 FCB     $E8             decimal 232
                      (           main.s):05075         * Element 47 of array, of type const unsigned char
004F EB               (           main.s):05076                 FCB     $EB             decimal 235
                      (           main.s):05077         * Element 48 of array, of type const unsigned char
0050 ED               (           main.s):05078                 FCB     $ED             decimal 237
                      (           main.s):05079         * Element 49 of array, of type const unsigned char
0051 F0               (           main.s):05080                 FCB     $F0             decimal 240
                      (           main.s):05081         * Element 50 of array, of type const unsigned char
0052 F2               (           main.s):05082                 FCB     $F2             decimal 242
                      (           main.s):05083         * Element 51 of array, of type const unsigned char
0053 F4               (           main.s):05084                 FCB     $F4             decimal 244
                      (           main.s):05085         * Element 52 of array, of type const unsigned char
0054 F5               (           main.s):05086                 FCB     $F5             decimal 245
                      (           main.s):05087         * Element 53 of array, of type const unsigned char
0055 F7               (           main.s):05088                 FCB     $F7             decimal 247
                      (           main.s):05089         * Element 54 of array, of type const unsigned char
0056 F9               (           main.s):05090                 FCB     $F9             decimal 249
                      (           main.s):05091         * Element 55 of array, of type const unsigned char
0057 FA               (           main.s):05092                 FCB     $FA             decimal 250
                      (           main.s):05093         * Element 56 of array, of type const unsigned char
0058 FB               (           main.s):05094                 FCB     $FB             decimal 251
                      (           main.s):05095         * Element 57 of array, of type const unsigned char
0059 FC               (           main.s):05096                 FCB     $FC             decimal 252
                      (           main.s):05097         * Element 58 of array, of type const unsigned char
005A FD               (           main.s):05098                 FCB     $FD             decimal 253
                      (           main.s):05099         * Element 59 of array, of type const unsigned char
005B FE               (           main.s):05100                 FCB     $FE             decimal 254
                      (           main.s):05101         * Element 60 of array, of type const unsigned char
005C FE               (           main.s):05102                 FCB     $FE             decimal 254
                      (           main.s):05103         * Element 61 of array, of type const unsigned char
005D FF               (           main.s):05104                 FCB     $FF             decimal 255
                      (           main.s):05105         * Element 62 of array, of type const unsigned char
005E FF               (           main.s):05106                 FCB     $FF             decimal 255
                      (           main.s):05107         * Element 63 of array, of type const unsigned char
005F FF               (           main.s):05108                 FCB     $FF             decimal 255
     0060             (           main.s):05109         _recip_table    EQU     *               recip_table: const unsigned int[]
                      (           main.s):05110         * Element 0 of array, of type const unsigned int
0060 0000             (           main.s):05111                 FDB     $00             decimal 0
                      (           main.s):05112         * Element 1 of array, of type const unsigned int
0062 0000             (           main.s):05113                 FDB     $00             decimal 0
                      (           main.s):05114         * Element 2 of array, of type const unsigned int
0064 0000             (           main.s):05115                 FDB     $00             decimal 0
                      (           main.s):05116         * Element 3 of array, of type const unsigned int
0066 0000             (           main.s):05117                 FDB     $00             decimal 0
                      (           main.s):05118         * Element 4 of array, of type const unsigned int
0068 0000             (           main.s):05119                 FDB     $00             decimal 0
                      (           main.s):05120         * Element 5 of array, of type const unsigned int
006A 0000             (           main.s):05121                 FDB     $00             decimal 0
                      (           main.s):05122         * Element 6 of array, of type const unsigned int
006C 0000             (           main.s):05123                 FDB     $00             decimal 0
                      (           main.s):05124         * Element 7 of array, of type const unsigned int
006E 0000             (           main.s):05125                 FDB     $00             decimal 0
                      (           main.s):05126         * Element 8 of array, of type const unsigned int
0070 0000             (           main.s):05127                 FDB     $00             decimal 0
                      (           main.s):05128         * Element 9 of array, of type const unsigned int
0072 0000             (           main.s):05129                 FDB     $00             decimal 0
                      (           main.s):05130         * Element 10 of array, of type const unsigned int
0074 0000             (           main.s):05131                 FDB     $00             decimal 0
                      (           main.s):05132         * Element 11 of array, of type const unsigned int
0076 0000             (           main.s):05133                 FDB     $00             decimal 0
                      (           main.s):05134         * Element 12 of array, of type const unsigned int
0078 0000             (           main.s):05135                 FDB     $00             decimal 0
                      (           main.s):05136         * Element 13 of array, of type const unsigned int
007A 0000             (           main.s):05137                 FDB     $00             decimal 0
                      (           main.s):05138         * Element 14 of array, of type const unsigned int
007C 0000             (           main.s):05139                 FDB     $00             decimal 0
                      (           main.s):05140         * Element 15 of array, of type const unsigned int
007E 0000             (           main.s):05141                 FDB     $00             decimal 0
                      (           main.s):05142         * Element 16 of array, of type const unsigned int
0080 FFFF             (           main.s):05143                 FDB     $FFFF           decimal 65535
                      (           main.s):05144         * Element 17 of array, of type const unsigned int
0082 F0F0             (           main.s):05145                 FDB     $F0F0           decimal 61680
                      (           main.s):05146         * Element 18 of array, of type const unsigned int
0084 E38D             (           main.s):05147                 FDB     $E38D           decimal 58253
                      (           main.s):05148         * Element 19 of array, of type const unsigned int
0086 D793             (           main.s):05149                 FDB     $D793           decimal 55187
                      (           main.s):05150         * Element 20 of array, of type const unsigned int
0088 CCCC             (           main.s):05151                 FDB     $CCCC           decimal 52428
                      (           main.s):05152         * Element 21 of array, of type const unsigned int
008A C30B             (           main.s):05153                 FDB     $C30B           decimal 49931
                      (           main.s):05154         * Element 22 of array, of type const unsigned int
008C BA2D             (           main.s):05155                 FDB     $BA2D           decimal 47661
                      (           main.s):05156         * Element 23 of array, of type const unsigned int
008E B215             (           main.s):05157                 FDB     $B215           decimal 45589
                      (           main.s):05158         * Element 24 of array, of type const unsigned int
0090 AAAA             (           main.s):05159                 FDB     $AAAA           decimal 43690
                      (           main.s):05160         * Element 25 of array, of type const unsigned int
0092 A3D6             (           main.s):05161                 FDB     $A3D6           decimal 41942
                      (           main.s):05162         * Element 26 of array, of type const unsigned int
0094 9D89             (           main.s):05163                 FDB     $9D89           decimal 40329
                      (           main.s):05164         * Element 27 of array, of type const unsigned int
0096 97B3             (           main.s):05165                 FDB     $97B3           decimal 38835
                      (           main.s):05166         * Element 28 of array, of type const unsigned int
0098 9248             (           main.s):05167                 FDB     $9248           decimal 37448
                      (           main.s):05168         * Element 29 of array, of type const unsigned int
009A 8D3D             (           main.s):05169                 FDB     $8D3D           decimal 36157
                      (           main.s):05170         * Element 30 of array, of type const unsigned int
009C 8888             (           main.s):05171                 FDB     $8888           decimal 34952
                      (           main.s):05172         * Element 31 of array, of type const unsigned int
009E 8420             (           main.s):05173                 FDB     $8420           decimal 33824
                      (           main.s):05174         * Element 32 of array, of type const unsigned int
00A0 7FFF             (           main.s):05175                 FDB     $7FFF           decimal 32767
                      (           main.s):05176         * Element 33 of array, of type const unsigned int
00A2 7C1E             (           main.s):05177                 FDB     $7C1E           decimal 31774
                      (           main.s):05178         * Element 34 of array, of type const unsigned int
00A4 7878             (           main.s):05179                 FDB     $7878           decimal 30840
                      (           main.s):05180         * Element 35 of array, of type const unsigned int
00A6 7506             (           main.s):05181                 FDB     $7506           decimal 29958
                      (           main.s):05182         * Element 36 of array, of type const unsigned int
00A8 71C6             (           main.s):05183                 FDB     $71C6           decimal 29126
                      (           main.s):05184         * Element 37 of array, of type const unsigned int
00AA 6EB3             (           main.s):05185                 FDB     $6EB3           decimal 28339
                      (           main.s):05186         * Element 38 of array, of type const unsigned int
00AC 6BC9             (           main.s):05187                 FDB     $6BC9           decimal 27593
                      (           main.s):05188         * Element 39 of array, of type const unsigned int
00AE 6906             (           main.s):05189                 FDB     $6906           decimal 26886
                      (           main.s):05190         * Element 40 of array, of type const unsigned int
00B0 6666             (           main.s):05191                 FDB     $6666           decimal 26214
                      (           main.s):05192         * Element 41 of array, of type const unsigned int
00B2 63E6             (           main.s):05193                 FDB     $63E6           decimal 25574
                      (           main.s):05194         * Element 42 of array, of type const unsigned int
00B4 6185             (           main.s):05195                 FDB     $6185           decimal 24965
                      (           main.s):05196         * Element 43 of array, of type const unsigned int
00B6 5F41             (           main.s):05197                 FDB     $5F41           decimal 24385
                      (           main.s):05198         * Element 44 of array, of type const unsigned int
00B8 5D16             (           main.s):05199                 FDB     $5D16           decimal 23830
                      (           main.s):05200         * Element 45 of array, of type const unsigned int
00BA 5B05             (           main.s):05201                 FDB     $5B05           decimal 23301
                      (           main.s):05202         * Element 46 of array, of type const unsigned int
00BC 590A             (           main.s):05203                 FDB     $590A           decimal 22794
                      (           main.s):05204         * Element 47 of array, of type const unsigned int
00BE 5725             (           main.s):05205                 FDB     $5725           decimal 22309
                      (           main.s):05206         * Element 48 of array, of type const unsigned int
00C0 5555             (           main.s):05207                 FDB     $5555           decimal 21845
                      (           main.s):05208         * Element 49 of array, of type const unsigned int
00C2 5397             (           main.s):05209                 FDB     $5397           decimal 21399
                      (           main.s):05210         * Element 50 of array, of type const unsigned int
00C4 51EB             (           main.s):05211                 FDB     $51EB           decimal 20971
                      (           main.s):05212         * Element 51 of array, of type const unsigned int
00C6 5050             (           main.s):05213                 FDB     $5050           decimal 20560
                      (           main.s):05214         * Element 52 of array, of type const unsigned int
00C8 4EC4             (           main.s):05215                 FDB     $4EC4           decimal 20164
                      (           main.s):05216         * Element 53 of array, of type const unsigned int
00CA 4D48             (           main.s):05217                 FDB     $4D48           decimal 19784
                      (           main.s):05218         * Element 54 of array, of type const unsigned int
00CC 4BD9             (           main.s):05219                 FDB     $4BD9           decimal 19417
                      (           main.s):05220         * Element 55 of array, of type const unsigned int
00CE 4A78             (           main.s):05221                 FDB     $4A78           decimal 19064
                      (           main.s):05222         * Element 56 of array, of type const unsigned int
00D0 4924             (           main.s):05223                 FDB     $4924           decimal 18724
                      (           main.s):05224         * Element 57 of array, of type const unsigned int
00D2 47DB             (           main.s):05225                 FDB     $47DB           decimal 18395
                      (           main.s):05226         * Element 58 of array, of type const unsigned int
00D4 469E             (           main.s):05227                 FDB     $469E           decimal 18078
                      (           main.s):05228         * Element 59 of array, of type const unsigned int
00D6 456C             (           main.s):05229                 FDB     $456C           decimal 17772
                      (           main.s):05230         * Element 60 of array, of type const unsigned int
00D8 4444             (           main.s):05231                 FDB     $4444           decimal 17476
                      (           main.s):05232         * Element 61 of array, of type const unsigned int
00DA 4325             (           main.s):05233                 FDB     $4325           decimal 17189
                      (           main.s):05234         * Element 62 of array, of type const unsigned int
00DC 4210             (           main.s):05235                 FDB     $4210           decimal 16912
                      (           main.s):05236         * Element 63 of array, of type const unsigned int
00DE 4103             (           main.s):05237                 FDB     $4103           decimal 16643
                      (           main.s):05238         * Element 64 of array, of type const unsigned int
00E0 3FFF             (           main.s):05239                 FDB     $3FFF           decimal 16383
                      (           main.s):05240         * Element 65 of array, of type const unsigned int
00E2 3F03             (           main.s):05241                 FDB     $3F03           decimal 16131
                      (           main.s):05242         * Element 66 of array, of type const unsigned int
00E4 3E0F             (           main.s):05243                 FDB     $3E0F           decimal 15887
                      (           main.s):05244         * Element 67 of array, of type const unsigned int
00E6 3D22             (           main.s):05245                 FDB     $3D22           decimal 15650
                      (           main.s):05246         * Element 68 of array, of type const unsigned int
00E8 3C3C             (           main.s):05247                 FDB     $3C3C           decimal 15420
                      (           main.s):05248         * Element 69 of array, of type const unsigned int
00EA 3B5C             (           main.s):05249                 FDB     $3B5C           decimal 15196
                      (           main.s):05250         * Element 70 of array, of type const unsigned int
00EC 3A83             (           main.s):05251                 FDB     $3A83           decimal 14979
                      (           main.s):05252         * Element 71 of array, of type const unsigned int
00EE 39B0             (           main.s):05253                 FDB     $39B0           decimal 14768
                      (           main.s):05254         * Element 72 of array, of type const unsigned int
00F0 38E3             (           main.s):05255                 FDB     $38E3           decimal 14563
                      (           main.s):05256         * Element 73 of array, of type const unsigned int
00F2 381B             (           main.s):05257                 FDB     $381B           decimal 14363
                      (           main.s):05258         * Element 74 of array, of type const unsigned int
00F4 3759             (           main.s):05259                 FDB     $3759           decimal 14169
                      (           main.s):05260         * Element 75 of array, of type const unsigned int
00F6 369C             (           main.s):05261                 FDB     $369C           decimal 13980
                      (           main.s):05262         * Element 76 of array, of type const unsigned int
00F8 35E4             (           main.s):05263                 FDB     $35E4           decimal 13796
                      (           main.s):05264         * Element 77 of array, of type const unsigned int
00FA 3531             (           main.s):05265                 FDB     $3531           decimal 13617
                      (           main.s):05266         * Element 78 of array, of type const unsigned int
00FC 3483             (           main.s):05267                 FDB     $3483           decimal 13443
                      (           main.s):05268         * Element 79 of array, of type const unsigned int
00FE 33D8             (           main.s):05269                 FDB     $33D8           decimal 13272
                      (           main.s):05270         * Element 80 of array, of type const unsigned int
0100 3333             (           main.s):05271                 FDB     $3333           decimal 13107
                      (           main.s):05272         * Element 81 of array, of type const unsigned int
0102 3291             (           main.s):05273                 FDB     $3291           decimal 12945
                      (           main.s):05274         * Element 82 of array, of type const unsigned int
0104 31F3             (           main.s):05275                 FDB     $31F3           decimal 12787
                      (           main.s):05276         * Element 83 of array, of type const unsigned int
0106 3159             (           main.s):05277                 FDB     $3159           decimal 12633
                      (           main.s):05278         * Element 84 of array, of type const unsigned int
0108 30C2             (           main.s):05279                 FDB     $30C2           decimal 12482
                      (           main.s):05280         * Element 85 of array, of type const unsigned int
010A 3030             (           main.s):05281                 FDB     $3030           decimal 12336
                      (           main.s):05282         * Element 86 of array, of type const unsigned int
010C 2FA0             (           main.s):05283                 FDB     $2FA0           decimal 12192
                      (           main.s):05284         * Element 87 of array, of type const unsigned int
010E 2F14             (           main.s):05285                 FDB     $2F14           decimal 12052
                      (           main.s):05286         * Element 88 of array, of type const unsigned int
0110 2E8B             (           main.s):05287                 FDB     $2E8B           decimal 11915
                      (           main.s):05288         * Element 89 of array, of type const unsigned int
0112 2E05             (           main.s):05289                 FDB     $2E05           decimal 11781
                      (           main.s):05290         * Element 90 of array, of type const unsigned int
0114 2D82             (           main.s):05291                 FDB     $2D82           decimal 11650
                      (           main.s):05292         * Element 91 of array, of type const unsigned int
0116 2D02             (           main.s):05293                 FDB     $2D02           decimal 11522
                      (           main.s):05294         * Element 92 of array, of type const unsigned int
0118 2C85             (           main.s):05295                 FDB     $2C85           decimal 11397
                      (           main.s):05296         * Element 93 of array, of type const unsigned int
011A 2C0A             (           main.s):05297                 FDB     $2C0A           decimal 11274
                      (           main.s):05298         * Element 94 of array, of type const unsigned int
011C 2B92             (           main.s):05299                 FDB     $2B92           decimal 11154
                      (           main.s):05300         * Element 95 of array, of type const unsigned int
011E 2B1D             (           main.s):05301                 FDB     $2B1D           decimal 11037
                      (           main.s):05302         * Element 96 of array, of type const unsigned int
0120 2AAA             (           main.s):05303                 FDB     $2AAA           decimal 10922
                      (           main.s):05304         * Element 97 of array, of type const unsigned int
0122 2A39             (           main.s):05305                 FDB     $2A39           decimal 10809
                      (           main.s):05306         * Element 98 of array, of type const unsigned int
0124 29CB             (           main.s):05307                 FDB     $29CB           decimal 10699
                      (           main.s):05308         * Element 99 of array, of type const unsigned int
0126 295F             (           main.s):05309                 FDB     $295F           decimal 10591
                      (           main.s):05310         * Element 100 of array, of type const unsigned int
0128 28F5             (           main.s):05311                 FDB     $28F5           decimal 10485
                      (           main.s):05312         * Element 101 of array, of type const unsigned int
012A 288D             (           main.s):05313                 FDB     $288D           decimal 10381
                      (           main.s):05314         * Element 102 of array, of type const unsigned int
012C 2828             (           main.s):05315                 FDB     $2828           decimal 10280
                      (           main.s):05316         * Element 103 of array, of type const unsigned int
012E 27C4             (           main.s):05317                 FDB     $27C4           decimal 10180
                      (           main.s):05318         * Element 104 of array, of type const unsigned int
0130 2762             (           main.s):05319                 FDB     $2762           decimal 10082
                      (           main.s):05320         * Element 105 of array, of type const unsigned int
0132 2702             (           main.s):05321                 FDB     $2702           decimal 9986
                      (           main.s):05322         * Element 106 of array, of type const unsigned int
0134 26A4             (           main.s):05323                 FDB     $26A4           decimal 9892
                      (           main.s):05324         * Element 107 of array, of type const unsigned int
0136 2647             (           main.s):05325                 FDB     $2647           decimal 9799
                      (           main.s):05326         * Element 108 of array, of type const unsigned int
0138 25EC             (           main.s):05327                 FDB     $25EC           decimal 9708
                      (           main.s):05328         * Element 109 of array, of type const unsigned int
013A 2593             (           main.s):05329                 FDB     $2593           decimal 9619
                      (           main.s):05330         * Element 110 of array, of type const unsigned int
013C 253C             (           main.s):05331                 FDB     $253C           decimal 9532
                      (           main.s):05332         * Element 111 of array, of type const unsigned int
013E 24E6             (           main.s):05333                 FDB     $24E6           decimal 9446
                      (           main.s):05334         * Element 112 of array, of type const unsigned int
0140 2492             (           main.s):05335                 FDB     $2492           decimal 9362
                      (           main.s):05336         * Element 113 of array, of type const unsigned int
0142 243F             (           main.s):05337                 FDB     $243F           decimal 9279
                      (           main.s):05338         * Element 114 of array, of type const unsigned int
0144 23ED             (           main.s):05339                 FDB     $23ED           decimal 9197
                      (           main.s):05340         * Element 115 of array, of type const unsigned int
0146 239D             (           main.s):05341                 FDB     $239D           decimal 9117
                      (           main.s):05342         * Element 116 of array, of type const unsigned int
0148 234F             (           main.s):05343                 FDB     $234F           decimal 9039
                      (           main.s):05344         * Element 117 of array, of type const unsigned int
014A 2302             (           main.s):05345                 FDB     $2302           decimal 8962
                      (           main.s):05346         * Element 118 of array, of type const unsigned int
014C 22B6             (           main.s):05347                 FDB     $22B6           decimal 8886
                      (           main.s):05348         * Element 119 of array, of type const unsigned int
014E 226B             (           main.s):05349                 FDB     $226B           decimal 8811
                      (           main.s):05350         * Element 120 of array, of type const unsigned int
0150 2222             (           main.s):05351                 FDB     $2222           decimal 8738
                      (           main.s):05352         * Element 121 of array, of type const unsigned int
0152 21D9             (           main.s):05353                 FDB     $21D9           decimal 8665
                      (           main.s):05354         * Element 122 of array, of type const unsigned int
0154 2192             (           main.s):05355                 FDB     $2192           decimal 8594
                      (           main.s):05356         * Element 123 of array, of type const unsigned int
0156 214C             (           main.s):05357                 FDB     $214C           decimal 8524
                      (           main.s):05358         * Element 124 of array, of type const unsigned int
0158 2108             (           main.s):05359                 FDB     $2108           decimal 8456
                      (           main.s):05360         * Element 125 of array, of type const unsigned int
015A 20C4             (           main.s):05361                 FDB     $20C4           decimal 8388
                      (           main.s):05362         * Element 126 of array, of type const unsigned int
015C 2081             (           main.s):05363                 FDB     $2081           decimal 8321
                      (           main.s):05364         * Element 127 of array, of type const unsigned int
015E 2040             (           main.s):05365                 FDB     $2040           decimal 8256
                      (           main.s):05366         * Element 128 of array, of type const unsigned int
0160 1FFF             (           main.s):05367                 FDB     $1FFF           decimal 8191
                      (           main.s):05368         * Element 129 of array, of type const unsigned int
0162 1FC0             (           main.s):05369                 FDB     $1FC0           decimal 8128
                      (           main.s):05370         * Element 130 of array, of type const unsigned int
0164 1F81             (           main.s):05371                 FDB     $1F81           decimal 8065
                      (           main.s):05372         * Element 131 of array, of type const unsigned int
0166 1F44             (           main.s):05373                 FDB     $1F44           decimal 8004
                      (           main.s):05374         * Element 132 of array, of type const unsigned int
0168 1F07             (           main.s):05375                 FDB     $1F07           decimal 7943
                      (           main.s):05376         * Element 133 of array, of type const unsigned int
016A 1ECB             (           main.s):05377                 FDB     $1ECB           decimal 7883
                      (           main.s):05378         * Element 134 of array, of type const unsigned int
016C 1E91             (           main.s):05379                 FDB     $1E91           decimal 7825
                      (           main.s):05380         * Element 135 of array, of type const unsigned int
016E 1E57             (           main.s):05381                 FDB     $1E57           decimal 7767
                      (           main.s):05382         * Element 136 of array, of type const unsigned int
0170 1E1E             (           main.s):05383                 FDB     $1E1E           decimal 7710
                      (           main.s):05384         * Element 137 of array, of type const unsigned int
0172 1DE5             (           main.s):05385                 FDB     $1DE5           decimal 7653
                      (           main.s):05386         * Element 138 of array, of type const unsigned int
0174 1DAE             (           main.s):05387                 FDB     $1DAE           decimal 7598
                      (           main.s):05388         * Element 139 of array, of type const unsigned int
0176 1D77             (           main.s):05389                 FDB     $1D77           decimal 7543
                      (           main.s):05390         * Element 140 of array, of type const unsigned int
0178 1D41             (           main.s):05391                 FDB     $1D41           decimal 7489
                      (           main.s):05392         * Element 141 of array, of type const unsigned int
017A 1D0C             (           main.s):05393                 FDB     $1D0C           decimal 7436
                      (           main.s):05394         * Element 142 of array, of type const unsigned int
017C 1CD8             (           main.s):05395                 FDB     $1CD8           decimal 7384
                      (           main.s):05396         * Element 143 of array, of type const unsigned int
017E 1CA4             (           main.s):05397                 FDB     $1CA4           decimal 7332
                      (           main.s):05398         * Element 144 of array, of type const unsigned int
0180 1C71             (           main.s):05399                 FDB     $1C71           decimal 7281
                      (           main.s):05400         * Element 145 of array, of type const unsigned int
0182 1C3F             (           main.s):05401                 FDB     $1C3F           decimal 7231
                      (           main.s):05402         * Element 146 of array, of type const unsigned int
0184 1C0D             (           main.s):05403                 FDB     $1C0D           decimal 7181
                      (           main.s):05404         * Element 147 of array, of type const unsigned int
0186 1BDD             (           main.s):05405                 FDB     $1BDD           decimal 7133
                      (           main.s):05406         * Element 148 of array, of type const unsigned int
0188 1BAC             (           main.s):05407                 FDB     $1BAC           decimal 7084
                      (           main.s):05408         * Element 149 of array, of type const unsigned int
018A 1B7D             (           main.s):05409                 FDB     $1B7D           decimal 7037
                      (           main.s):05410         * Element 150 of array, of type const unsigned int
018C 1B4E             (           main.s):05411                 FDB     $1B4E           decimal 6990
                      (           main.s):05412         * Element 151 of array, of type const unsigned int
018E 1B20             (           main.s):05413                 FDB     $1B20           decimal 6944
                      (           main.s):05414         * Element 152 of array, of type const unsigned int
0190 1AF2             (           main.s):05415                 FDB     $1AF2           decimal 6898
                      (           main.s):05416         * Element 153 of array, of type const unsigned int
0192 1AC5             (           main.s):05417                 FDB     $1AC5           decimal 6853
                      (           main.s):05418         * Element 154 of array, of type const unsigned int
0194 1A98             (           main.s):05419                 FDB     $1A98           decimal 6808
                      (           main.s):05420         * Element 155 of array, of type const unsigned int
0196 1A6C             (           main.s):05421                 FDB     $1A6C           decimal 6764
                      (           main.s):05422         * Element 156 of array, of type const unsigned int
0198 1A41             (           main.s):05423                 FDB     $1A41           decimal 6721
                      (           main.s):05424         * Element 157 of array, of type const unsigned int
019A 1A16             (           main.s):05425                 FDB     $1A16           decimal 6678
                      (           main.s):05426         * Element 158 of array, of type const unsigned int
019C 19EC             (           main.s):05427                 FDB     $19EC           decimal 6636
                      (           main.s):05428         * Element 159 of array, of type const unsigned int
019E 19C2             (           main.s):05429                 FDB     $19C2           decimal 6594
                      (           main.s):05430         * Element 160 of array, of type const unsigned int
01A0 1999             (           main.s):05431                 FDB     $1999           decimal 6553
                      (           main.s):05432         * Element 161 of array, of type const unsigned int
01A2 1970             (           main.s):05433                 FDB     $1970           decimal 6512
                      (           main.s):05434         * Element 162 of array, of type const unsigned int
01A4 1948             (           main.s):05435                 FDB     $1948           decimal 6472
                      (           main.s):05436         * Element 163 of array, of type const unsigned int
01A6 1920             (           main.s):05437                 FDB     $1920           decimal 6432
                      (           main.s):05438         * Element 164 of array, of type const unsigned int
01A8 18F9             (           main.s):05439                 FDB     $18F9           decimal 6393
                      (           main.s):05440         * Element 165 of array, of type const unsigned int
01AA 18D2             (           main.s):05441                 FDB     $18D2           decimal 6354
                      (           main.s):05442         * Element 166 of array, of type const unsigned int
01AC 18AC             (           main.s):05443                 FDB     $18AC           decimal 6316
                      (           main.s):05444         * Element 167 of array, of type const unsigned int
01AE 1886             (           main.s):05445                 FDB     $1886           decimal 6278
                      (           main.s):05446         * Element 168 of array, of type const unsigned int
01B0 1861             (           main.s):05447                 FDB     $1861           decimal 6241
                      (           main.s):05448         * Element 169 of array, of type const unsigned int
01B2 183C             (           main.s):05449                 FDB     $183C           decimal 6204
                      (           main.s):05450         * Element 170 of array, of type const unsigned int
01B4 1818             (           main.s):05451                 FDB     $1818           decimal 6168
                      (           main.s):05452         * Element 171 of array, of type const unsigned int
01B6 17F3             (           main.s):05453                 FDB     $17F3           decimal 6131
                      (           main.s):05454         * Element 172 of array, of type const unsigned int
01B8 17D0             (           main.s):05455                 FDB     $17D0           decimal 6096
                      (           main.s):05456         * Element 173 of array, of type const unsigned int
01BA 17AD             (           main.s):05457                 FDB     $17AD           decimal 6061
                      (           main.s):05458         * Element 174 of array, of type const unsigned int
01BC 178A             (           main.s):05459                 FDB     $178A           decimal 6026
                      (           main.s):05460         * Element 175 of array, of type const unsigned int
01BE 1767             (           main.s):05461                 FDB     $1767           decimal 5991
                      (           main.s):05462         * Element 176 of array, of type const unsigned int
01C0 1745             (           main.s):05463                 FDB     $1745           decimal 5957
                      (           main.s):05464         * Element 177 of array, of type const unsigned int
01C2 1724             (           main.s):05465                 FDB     $1724           decimal 5924
                      (           main.s):05466         * Element 178 of array, of type const unsigned int
01C4 1702             (           main.s):05467                 FDB     $1702           decimal 5890
                      (           main.s):05468         * Element 179 of array, of type const unsigned int
01C6 16E1             (           main.s):05469                 FDB     $16E1           decimal 5857
                      (           main.s):05470         * Element 180 of array, of type const unsigned int
01C8 16C1             (           main.s):05471                 FDB     $16C1           decimal 5825
                      (           main.s):05472         * Element 181 of array, of type const unsigned int
01CA 16A1             (           main.s):05473                 FDB     $16A1           decimal 5793
                      (           main.s):05474         * Element 182 of array, of type const unsigned int
01CC 1681             (           main.s):05475                 FDB     $1681           decimal 5761
                      (           main.s):05476         * Element 183 of array, of type const unsigned int
01CE 1661             (           main.s):05477                 FDB     $1661           decimal 5729
                      (           main.s):05478         * Element 184 of array, of type const unsigned int
01D0 1642             (           main.s):05479                 FDB     $1642           decimal 5698
                      (           main.s):05480         * Element 185 of array, of type const unsigned int
01D2 1623             (           main.s):05481                 FDB     $1623           decimal 5667
                      (           main.s):05482         * Element 186 of array, of type const unsigned int
01D4 1605             (           main.s):05483                 FDB     $1605           decimal 5637
                      (           main.s):05484         * Element 187 of array, of type const unsigned int
01D6 15E7             (           main.s):05485                 FDB     $15E7           decimal 5607
                      (           main.s):05486         * Element 188 of array, of type const unsigned int
01D8 15C9             (           main.s):05487                 FDB     $15C9           decimal 5577
                      (           main.s):05488         * Element 189 of array, of type const unsigned int
01DA 15AB             (           main.s):05489                 FDB     $15AB           decimal 5547
                      (           main.s):05490         * Element 190 of array, of type const unsigned int
01DC 158E             (           main.s):05491                 FDB     $158E           decimal 5518
                      (           main.s):05492         * Element 191 of array, of type const unsigned int
01DE 1571             (           main.s):05493                 FDB     $1571           decimal 5489
                      (           main.s):05494         * Element 192 of array, of type const unsigned int
01E0 1555             (           main.s):05495                 FDB     $1555           decimal 5461
                      (           main.s):05496         * Element 193 of array, of type const unsigned int
01E2 1538             (           main.s):05497                 FDB     $1538           decimal 5432
                      (           main.s):05498         * Element 194 of array, of type const unsigned int
01E4 151C             (           main.s):05499                 FDB     $151C           decimal 5404
                      (           main.s):05500         * Element 195 of array, of type const unsigned int
01E6 1501             (           main.s):05501                 FDB     $1501           decimal 5377
                      (           main.s):05502         * Element 196 of array, of type const unsigned int
01E8 14E5             (           main.s):05503                 FDB     $14E5           decimal 5349
                      (           main.s):05504         * Element 197 of array, of type const unsigned int
01EA 14CA             (           main.s):05505                 FDB     $14CA           decimal 5322
                      (           main.s):05506         * Element 198 of array, of type const unsigned int
01EC 14AF             (           main.s):05507                 FDB     $14AF           decimal 5295
                      (           main.s):05508         * Element 199 of array, of type const unsigned int
01EE 1495             (           main.s):05509                 FDB     $1495           decimal 5269
                      (           main.s):05510         * Element 200 of array, of type const unsigned int
01F0 147A             (           main.s):05511                 FDB     $147A           decimal 5242
                      (           main.s):05512         * Element 201 of array, of type const unsigned int
01F2 1460             (           main.s):05513                 FDB     $1460           decimal 5216
                      (           main.s):05514         * Element 202 of array, of type const unsigned int
01F4 1446             (           main.s):05515                 FDB     $1446           decimal 5190
                      (           main.s):05516         * Element 203 of array, of type const unsigned int
01F6 142D             (           main.s):05517                 FDB     $142D           decimal 5165
                      (           main.s):05518         * Element 204 of array, of type const unsigned int
01F8 1414             (           main.s):05519                 FDB     $1414           decimal 5140
                      (           main.s):05520         * Element 205 of array, of type const unsigned int
01FA 13FA             (           main.s):05521                 FDB     $13FA           decimal 5114
                      (           main.s):05522         * Element 206 of array, of type const unsigned int
01FC 13E2             (           main.s):05523                 FDB     $13E2           decimal 5090
                      (           main.s):05524         * Element 207 of array, of type const unsigned int
01FE 13C9             (           main.s):05525                 FDB     $13C9           decimal 5065
                      (           main.s):05526         * Element 208 of array, of type const unsigned int
0200 13B1             (           main.s):05527                 FDB     $13B1           decimal 5041
                      (           main.s):05528         * Element 209 of array, of type const unsigned int
0202 1399             (           main.s):05529                 FDB     $1399           decimal 5017
                      (           main.s):05530         * Element 210 of array, of type const unsigned int
0204 1381             (           main.s):05531                 FDB     $1381           decimal 4993
                      (           main.s):05532         * Element 211 of array, of type const unsigned int
0206 1369             (           main.s):05533                 FDB     $1369           decimal 4969
                      (           main.s):05534         * Element 212 of array, of type const unsigned int
0208 1352             (           main.s):05535                 FDB     $1352           decimal 4946
                      (           main.s):05536         * Element 213 of array, of type const unsigned int
020A 133A             (           main.s):05537                 FDB     $133A           decimal 4922
                      (           main.s):05538         * Element 214 of array, of type const unsigned int
020C 1323             (           main.s):05539                 FDB     $1323           decimal 4899
                      (           main.s):05540         * Element 215 of array, of type const unsigned int
020E 130D             (           main.s):05541                 FDB     $130D           decimal 4877
                      (           main.s):05542         * Element 216 of array, of type const unsigned int
0210 12F6             (           main.s):05543                 FDB     $12F6           decimal 4854
                      (           main.s):05544         * Element 217 of array, of type const unsigned int
0212 12E0             (           main.s):05545                 FDB     $12E0           decimal 4832
                      (           main.s):05546         * Element 218 of array, of type const unsigned int
0214 12C9             (           main.s):05547                 FDB     $12C9           decimal 4809
                      (           main.s):05548         * Element 219 of array, of type const unsigned int
0216 12B3             (           main.s):05549                 FDB     $12B3           decimal 4787
                      (           main.s):05550         * Element 220 of array, of type const unsigned int
0218 129E             (           main.s):05551                 FDB     $129E           decimal 4766
                      (           main.s):05552         * Element 221 of array, of type const unsigned int
021A 1288             (           main.s):05553                 FDB     $1288           decimal 4744
                      (           main.s):05554         * Element 222 of array, of type const unsigned int
021C 1273             (           main.s):05555                 FDB     $1273           decimal 4723
                      (           main.s):05556         * Element 223 of array, of type const unsigned int
021E 125E             (           main.s):05557                 FDB     $125E           decimal 4702
                      (           main.s):05558         * Element 224 of array, of type const unsigned int
0220 1249             (           main.s):05559                 FDB     $1249           decimal 4681
                      (           main.s):05560         * Element 225 of array, of type const unsigned int
0222 1234             (           main.s):05561                 FDB     $1234           decimal 4660
                      (           main.s):05562         * Element 226 of array, of type const unsigned int
0224 121F             (           main.s):05563                 FDB     $121F           decimal 4639
                      (           main.s):05564         * Element 227 of array, of type const unsigned int
0226 120B             (           main.s):05565                 FDB     $120B           decimal 4619
                      (           main.s):05566         * Element 228 of array, of type const unsigned int
0228 11F6             (           main.s):05567                 FDB     $11F6           decimal 4598
                      (           main.s):05568         * Element 229 of array, of type const unsigned int
022A 11E2             (           main.s):05569                 FDB     $11E2           decimal 4578
                      (           main.s):05570         * Element 230 of array, of type const unsigned int
022C 11CE             (           main.s):05571                 FDB     $11CE           decimal 4558
                      (           main.s):05572         * Element 231 of array, of type const unsigned int
022E 11BB             (           main.s):05573                 FDB     $11BB           decimal 4539
                      (           main.s):05574         * Element 232 of array, of type const unsigned int
0230 11A7             (           main.s):05575                 FDB     $11A7           decimal 4519
                      (           main.s):05576         * Element 233 of array, of type const unsigned int
0232 1194             (           main.s):05577                 FDB     $1194           decimal 4500
                      (           main.s):05578         * Element 234 of array, of type const unsigned int
0234 1181             (           main.s):05579                 FDB     $1181           decimal 4481
                      (           main.s):05580         * Element 235 of array, of type const unsigned int
0236 116D             (           main.s):05581                 FDB     $116D           decimal 4461
                      (           main.s):05582         * Element 236 of array, of type const unsigned int
0238 115B             (           main.s):05583                 FDB     $115B           decimal 4443
                      (           main.s):05584         * Element 237 of array, of type const unsigned int
023A 1148             (           main.s):05585                 FDB     $1148           decimal 4424
                      (           main.s):05586         * Element 238 of array, of type const unsigned int
023C 1135             (           main.s):05587                 FDB     $1135           decimal 4405
                      (           main.s):05588         * Element 239 of array, of type const unsigned int
023E 1123             (           main.s):05589                 FDB     $1123           decimal 4387
                      (           main.s):05590         * Element 240 of array, of type const unsigned int
0240 1111             (           main.s):05591                 FDB     $1111           decimal 4369
                      (           main.s):05592         * Element 241 of array, of type const unsigned int
0242 10FE             (           main.s):05593                 FDB     $10FE           decimal 4350
                      (           main.s):05594         * Element 242 of array, of type const unsigned int
0244 10EC             (           main.s):05595                 FDB     $10EC           decimal 4332
                      (           main.s):05596         * Element 243 of array, of type const unsigned int
0246 10DB             (           main.s):05597                 FDB     $10DB           decimal 4315
                      (           main.s):05598         * Element 244 of array, of type const unsigned int
0248 10C9             (           main.s):05599                 FDB     $10C9           decimal 4297
                      (           main.s):05600         * Element 245 of array, of type const unsigned int
024A 10B7             (           main.s):05601                 FDB     $10B7           decimal 4279
                      (           main.s):05602         * Element 246 of array, of type const unsigned int
024C 10A6             (           main.s):05603                 FDB     $10A6           decimal 4262
                      (           main.s):05604         * Element 247 of array, of type const unsigned int
024E 1095             (           main.s):05605                 FDB     $1095           decimal 4245
                      (           main.s):05606         * Element 248 of array, of type const unsigned int
0250 1084             (           main.s):05607                 FDB     $1084           decimal 4228
                      (           main.s):05608         * Element 249 of array, of type const unsigned int
0252 1073             (           main.s):05609                 FDB     $1073           decimal 4211
                      (           main.s):05610         * Element 250 of array, of type const unsigned int
0254 1062             (           main.s):05611                 FDB     $1062           decimal 4194
                      (           main.s):05612         * Element 251 of array, of type const unsigned int
0256 1051             (           main.s):05613                 FDB     $1051           decimal 4177
                      (           main.s):05614         * Element 252 of array, of type const unsigned int
0258 1040             (           main.s):05615                 FDB     $1040           decimal 4160
                      (           main.s):05616         * Element 253 of array, of type const unsigned int
025A 1030             (           main.s):05617                 FDB     $1030           decimal 4144
                      (           main.s):05618         * Element 254 of array, of type const unsigned int
025C 1020             (           main.s):05619                 FDB     $1020           decimal 4128
                      (           main.s):05620         * Element 255 of array, of type const unsigned int
025E 1010             (           main.s):05621                 FDB     $1010           decimal 4112
                      (           main.s):05622         * Element 256 of array, of type const unsigned int
0260 0FFF             (           main.s):05623                 FDB     $0FFF           decimal 4095
                      (           main.s):05624         * Element 257 of array, of type const unsigned int
0262 0FF0             (           main.s):05625                 FDB     $0FF0           decimal 4080
                      (           main.s):05626         * Element 258 of array, of type const unsigned int
0264 0FE0             (           main.s):05627                 FDB     $0FE0           decimal 4064
                      (           main.s):05628         * Element 259 of array, of type const unsigned int
0266 0FD0             (           main.s):05629                 FDB     $0FD0           decimal 4048
                      (           main.s):05630         * Element 260 of array, of type const unsigned int
0268 0FC0             (           main.s):05631                 FDB     $0FC0           decimal 4032
                      (           main.s):05632         * Element 261 of array, of type const unsigned int
026A 0FB1             (           main.s):05633                 FDB     $0FB1           decimal 4017
                      (           main.s):05634         * Element 262 of array, of type const unsigned int
026C 0FA2             (           main.s):05635                 FDB     $0FA2           decimal 4002
                      (           main.s):05636         * Element 263 of array, of type const unsigned int
026E 0F92             (           main.s):05637                 FDB     $0F92           decimal 3986
                      (           main.s):05638         * Element 264 of array, of type const unsigned int
0270 0F83             (           main.s):05639                 FDB     $0F83           decimal 3971
                      (           main.s):05640         * Element 265 of array, of type const unsigned int
0272 0F74             (           main.s):05641                 FDB     $0F74           decimal 3956
                      (           main.s):05642         * Element 266 of array, of type const unsigned int
0274 0F65             (           main.s):05643                 FDB     $0F65           decimal 3941
                      (           main.s):05644         * Element 267 of array, of type const unsigned int
0276 0F57             (           main.s):05645                 FDB     $0F57           decimal 3927
                      (           main.s):05646         * Element 268 of array, of type const unsigned int
0278 0F48             (           main.s):05647                 FDB     $0F48           decimal 3912
                      (           main.s):05648         * Element 269 of array, of type const unsigned int
027A 0F39             (           main.s):05649                 FDB     $0F39           decimal 3897
                      (           main.s):05650         * Element 270 of array, of type const unsigned int
027C 0F2B             (           main.s):05651                 FDB     $0F2B           decimal 3883
                      (           main.s):05652         * Element 271 of array, of type const unsigned int
027E 0F1D             (           main.s):05653                 FDB     $0F1D           decimal 3869
                      (           main.s):05654         * Element 272 of array, of type const unsigned int
0280 0F0F             (           main.s):05655                 FDB     $0F0F           decimal 3855
                      (           main.s):05656         * Element 273 of array, of type const unsigned int
0282 0F00             (           main.s):05657                 FDB     $0F00           decimal 3840
                      (           main.s):05658         * Element 274 of array, of type const unsigned int
0284 0EF2             (           main.s):05659                 FDB     $0EF2           decimal 3826
                      (           main.s):05660         * Element 275 of array, of type const unsigned int
0286 0EE4             (           main.s):05661                 FDB     $0EE4           decimal 3812
                      (           main.s):05662         * Element 276 of array, of type const unsigned int
0288 0ED7             (           main.s):05663                 FDB     $0ED7           decimal 3799
                      (           main.s):05664         * Element 277 of array, of type const unsigned int
028A 0EC9             (           main.s):05665                 FDB     $0EC9           decimal 3785
                      (           main.s):05666         * Element 278 of array, of type const unsigned int
028C 0EBB             (           main.s):05667                 FDB     $0EBB           decimal 3771
                      (           main.s):05668         * Element 279 of array, of type const unsigned int
028E 0EAE             (           main.s):05669                 FDB     $0EAE           decimal 3758
                      (           main.s):05670         * Element 280 of array, of type const unsigned int
0290 0EA0             (           main.s):05671                 FDB     $0EA0           decimal 3744
                      (           main.s):05672         * Element 281 of array, of type const unsigned int
0292 0E93             (           main.s):05673                 FDB     $0E93           decimal 3731
                      (           main.s):05674         * Element 282 of array, of type const unsigned int
0294 0E86             (           main.s):05675                 FDB     $0E86           decimal 3718
                      (           main.s):05676         * Element 283 of array, of type const unsigned int
0296 0E79             (           main.s):05677                 FDB     $0E79           decimal 3705
                      (           main.s):05678         * Element 284 of array, of type const unsigned int
0298 0E6C             (           main.s):05679                 FDB     $0E6C           decimal 3692
                      (           main.s):05680         * Element 285 of array, of type const unsigned int
029A 0E5F             (           main.s):05681                 FDB     $0E5F           decimal 3679
                      (           main.s):05682         * Element 286 of array, of type const unsigned int
029C 0E52             (           main.s):05683                 FDB     $0E52           decimal 3666
                      (           main.s):05684         * Element 287 of array, of type const unsigned int
029E 0E45             (           main.s):05685                 FDB     $0E45           decimal 3653
                      (           main.s):05686         * Element 288 of array, of type const unsigned int
02A0 0E38             (           main.s):05687                 FDB     $0E38           decimal 3640
                      (           main.s):05688         * Element 289 of array, of type const unsigned int
02A2 0E2C             (           main.s):05689                 FDB     $0E2C           decimal 3628
                      (           main.s):05690         * Element 290 of array, of type const unsigned int
02A4 0E1F             (           main.s):05691                 FDB     $0E1F           decimal 3615
                      (           main.s):05692         * Element 291 of array, of type const unsigned int
02A6 0E13             (           main.s):05693                 FDB     $0E13           decimal 3603
                      (           main.s):05694         * Element 292 of array, of type const unsigned int
02A8 0E06             (           main.s):05695                 FDB     $0E06           decimal 3590
                      (           main.s):05696         * Element 293 of array, of type const unsigned int
02AA 0DFA             (           main.s):05697                 FDB     $0DFA           decimal 3578
                      (           main.s):05698         * Element 294 of array, of type const unsigned int
02AC 0DEE             (           main.s):05699                 FDB     $0DEE           decimal 3566
                      (           main.s):05700         * Element 295 of array, of type const unsigned int
02AE 0DE2             (           main.s):05701                 FDB     $0DE2           decimal 3554
                      (           main.s):05702         * Element 296 of array, of type const unsigned int
02B0 0DD6             (           main.s):05703                 FDB     $0DD6           decimal 3542
                      (           main.s):05704         * Element 297 of array, of type const unsigned int
02B2 0DCA             (           main.s):05705                 FDB     $0DCA           decimal 3530
                      (           main.s):05706         * Element 298 of array, of type const unsigned int
02B4 0DBE             (           main.s):05707                 FDB     $0DBE           decimal 3518
                      (           main.s):05708         * Element 299 of array, of type const unsigned int
02B6 0DB2             (           main.s):05709                 FDB     $0DB2           decimal 3506
                      (           main.s):05710         * Element 300 of array, of type const unsigned int
02B8 0DA7             (           main.s):05711                 FDB     $0DA7           decimal 3495
                      (           main.s):05712         * Element 301 of array, of type const unsigned int
02BA 0D9B             (           main.s):05713                 FDB     $0D9B           decimal 3483
                      (           main.s):05714         * Element 302 of array, of type const unsigned int
02BC 0D90             (           main.s):05715                 FDB     $0D90           decimal 3472
                      (           main.s):05716         * Element 303 of array, of type const unsigned int
02BE 0D84             (           main.s):05717                 FDB     $0D84           decimal 3460
                      (           main.s):05718         * Element 304 of array, of type const unsigned int
02C0 0D79             (           main.s):05719                 FDB     $0D79           decimal 3449
                      (           main.s):05720         * Element 305 of array, of type const unsigned int
02C2 0D6D             (           main.s):05721                 FDB     $0D6D           decimal 3437
                      (           main.s):05722         * Element 306 of array, of type const unsigned int
02C4 0D62             (           main.s):05723                 FDB     $0D62           decimal 3426
                      (           main.s):05724         * Element 307 of array, of type const unsigned int
02C6 0D57             (           main.s):05725                 FDB     $0D57           decimal 3415
                      (           main.s):05726         * Element 308 of array, of type const unsigned int
02C8 0D4C             (           main.s):05727                 FDB     $0D4C           decimal 3404
                      (           main.s):05728         * Element 309 of array, of type const unsigned int
02CA 0D41             (           main.s):05729                 FDB     $0D41           decimal 3393
                      (           main.s):05730         * Element 310 of array, of type const unsigned int
02CC 0D36             (           main.s):05731                 FDB     $0D36           decimal 3382
                      (           main.s):05732         * Element 311 of array, of type const unsigned int
02CE 0D2B             (           main.s):05733                 FDB     $0D2B           decimal 3371
                      (           main.s):05734         * Element 312 of array, of type const unsigned int
02D0 0D20             (           main.s):05735                 FDB     $0D20           decimal 3360
                      (           main.s):05736         * Element 313 of array, of type const unsigned int
02D2 0D16             (           main.s):05737                 FDB     $0D16           decimal 3350
                      (           main.s):05738         * Element 314 of array, of type const unsigned int
02D4 0D0B             (           main.s):05739                 FDB     $0D0B           decimal 3339
                      (           main.s):05740         * Element 315 of array, of type const unsigned int
02D6 0D00             (           main.s):05741                 FDB     $0D00           decimal 3328
                      (           main.s):05742         * Element 316 of array, of type const unsigned int
02D8 0CF6             (           main.s):05743                 FDB     $0CF6           decimal 3318
                      (           main.s):05744         * Element 317 of array, of type const unsigned int
02DA 0CEB             (           main.s):05745                 FDB     $0CEB           decimal 3307
                      (           main.s):05746         * Element 318 of array, of type const unsigned int
02DC 0CE1             (           main.s):05747                 FDB     $0CE1           decimal 3297
                      (           main.s):05748         * Element 319 of array, of type const unsigned int
02DE 0CD7             (           main.s):05749                 FDB     $0CD7           decimal 3287
                      (           main.s):05750         * Element 320 of array, of type const unsigned int
02E0 0CCC             (           main.s):05751                 FDB     $0CCC           decimal 3276
                      (           main.s):05752         * Element 321 of array, of type const unsigned int
02E2 0CC2             (           main.s):05753                 FDB     $0CC2           decimal 3266
                      (           main.s):05754         * Element 322 of array, of type const unsigned int
02E4 0CB8             (           main.s):05755                 FDB     $0CB8           decimal 3256
                      (           main.s):05756         * Element 323 of array, of type const unsigned int
02E6 0CAE             (           main.s):05757                 FDB     $0CAE           decimal 3246
                      (           main.s):05758         * Element 324 of array, of type const unsigned int
02E8 0CA4             (           main.s):05759                 FDB     $0CA4           decimal 3236
                      (           main.s):05760         * Element 325 of array, of type const unsigned int
02EA 0C9A             (           main.s):05761                 FDB     $0C9A           decimal 3226
                      (           main.s):05762         * Element 326 of array, of type const unsigned int
02EC 0C90             (           main.s):05763                 FDB     $0C90           decimal 3216
                      (           main.s):05764         * Element 327 of array, of type const unsigned int
02EE 0C86             (           main.s):05765                 FDB     $0C86           decimal 3206
                      (           main.s):05766         * Element 328 of array, of type const unsigned int
02F0 0C7C             (           main.s):05767                 FDB     $0C7C           decimal 3196
                      (           main.s):05768         * Element 329 of array, of type const unsigned int
02F2 0C73             (           main.s):05769                 FDB     $0C73           decimal 3187
                      (           main.s):05770         * Element 330 of array, of type const unsigned int
02F4 0C69             (           main.s):05771                 FDB     $0C69           decimal 3177
                      (           main.s):05772         * Element 331 of array, of type const unsigned int
02F6 0C5F             (           main.s):05773                 FDB     $0C5F           decimal 3167
                      (           main.s):05774         * Element 332 of array, of type const unsigned int
02F8 0C56             (           main.s):05775                 FDB     $0C56           decimal 3158
                      (           main.s):05776         * Element 333 of array, of type const unsigned int
02FA 0C4C             (           main.s):05777                 FDB     $0C4C           decimal 3148
                      (           main.s):05778         * Element 334 of array, of type const unsigned int
02FC 0C43             (           main.s):05779                 FDB     $0C43           decimal 3139
                      (           main.s):05780         * Element 335 of array, of type const unsigned int
02FE 0C3A             (           main.s):05781                 FDB     $0C3A           decimal 3130
                      (           main.s):05782         * Element 336 of array, of type const unsigned int
0300 0C30             (           main.s):05783                 FDB     $0C30           decimal 3120
                      (           main.s):05784         * Element 337 of array, of type const unsigned int
0302 0C27             (           main.s):05785                 FDB     $0C27           decimal 3111
                      (           main.s):05786         * Element 338 of array, of type const unsigned int
0304 0C1E             (           main.s):05787                 FDB     $0C1E           decimal 3102
                      (           main.s):05788         * Element 339 of array, of type const unsigned int
0306 0C15             (           main.s):05789                 FDB     $0C15           decimal 3093
                      (           main.s):05790         * Element 340 of array, of type const unsigned int
0308 0C0C             (           main.s):05791                 FDB     $0C0C           decimal 3084
                      (           main.s):05792         * Element 341 of array, of type const unsigned int
030A 0C02             (           main.s):05793                 FDB     $0C02           decimal 3074
                      (           main.s):05794         * Element 342 of array, of type const unsigned int
030C 0BF9             (           main.s):05795                 FDB     $0BF9           decimal 3065
                      (           main.s):05796         * Element 343 of array, of type const unsigned int
030E 0BF1             (           main.s):05797                 FDB     $0BF1           decimal 3057
                      (           main.s):05798         * Element 344 of array, of type const unsigned int
0310 0BE8             (           main.s):05799                 FDB     $0BE8           decimal 3048
                      (           main.s):05800         * Element 345 of array, of type const unsigned int
0312 0BDF             (           main.s):05801                 FDB     $0BDF           decimal 3039
                      (           main.s):05802         * Element 346 of array, of type const unsigned int
0314 0BD6             (           main.s):05803                 FDB     $0BD6           decimal 3030
                      (           main.s):05804         * Element 347 of array, of type const unsigned int
0316 0BCD             (           main.s):05805                 FDB     $0BCD           decimal 3021
                      (           main.s):05806         * Element 348 of array, of type const unsigned int
0318 0BC5             (           main.s):05807                 FDB     $0BC5           decimal 3013
                      (           main.s):05808         * Element 349 of array, of type const unsigned int
031A 0BBC             (           main.s):05809                 FDB     $0BBC           decimal 3004
                      (           main.s):05810         * Element 350 of array, of type const unsigned int
031C 0BB3             (           main.s):05811                 FDB     $0BB3           decimal 2995
                      (           main.s):05812         * Element 351 of array, of type const unsigned int
031E 0BAB             (           main.s):05813                 FDB     $0BAB           decimal 2987
                      (           main.s):05814         * Element 352 of array, of type const unsigned int
0320 0BA2             (           main.s):05815                 FDB     $0BA2           decimal 2978
                      (           main.s):05816         * Element 353 of array, of type const unsigned int
0322 0B9A             (           main.s):05817                 FDB     $0B9A           decimal 2970
                      (           main.s):05818         * Element 354 of array, of type const unsigned int
0324 0B92             (           main.s):05819                 FDB     $0B92           decimal 2962
                      (           main.s):05820         * Element 355 of array, of type const unsigned int
0326 0B89             (           main.s):05821                 FDB     $0B89           decimal 2953
                      (           main.s):05822         * Element 356 of array, of type const unsigned int
0328 0B81             (           main.s):05823                 FDB     $0B81           decimal 2945
                      (           main.s):05824         * Element 357 of array, of type const unsigned int
032A 0B79             (           main.s):05825                 FDB     $0B79           decimal 2937
                      (           main.s):05826         * Element 358 of array, of type const unsigned int
032C 0B70             (           main.s):05827                 FDB     $0B70           decimal 2928
                      (           main.s):05828         * Element 359 of array, of type const unsigned int
032E 0B68             (           main.s):05829                 FDB     $0B68           decimal 2920
                      (           main.s):05830         * Element 360 of array, of type const unsigned int
0330 0B60             (           main.s):05831                 FDB     $0B60           decimal 2912
                      (           main.s):05832         * Element 361 of array, of type const unsigned int
0332 0B58             (           main.s):05833                 FDB     $0B58           decimal 2904
                      (           main.s):05834         * Element 362 of array, of type const unsigned int
0334 0B50             (           main.s):05835                 FDB     $0B50           decimal 2896
                      (           main.s):05836         * Element 363 of array, of type const unsigned int
0336 0B48             (           main.s):05837                 FDB     $0B48           decimal 2888
                      (           main.s):05838         * Element 364 of array, of type const unsigned int
0338 0B40             (           main.s):05839                 FDB     $0B40           decimal 2880
                      (           main.s):05840         * Element 365 of array, of type const unsigned int
033A 0B38             (           main.s):05841                 FDB     $0B38           decimal 2872
                      (           main.s):05842         * Element 366 of array, of type const unsigned int
033C 0B30             (           main.s):05843                 FDB     $0B30           decimal 2864
                      (           main.s):05844         * Element 367 of array, of type const unsigned int
033E 0B29             (           main.s):05845                 FDB     $0B29           decimal 2857
                      (           main.s):05846         * Element 368 of array, of type const unsigned int
0340 0B21             (           main.s):05847                 FDB     $0B21           decimal 2849
                      (           main.s):05848         * Element 369 of array, of type const unsigned int
0342 0B19             (           main.s):05849                 FDB     $0B19           decimal 2841
                      (           main.s):05850         * Element 370 of array, of type const unsigned int
0344 0B11             (           main.s):05851                 FDB     $0B11           decimal 2833
                      (           main.s):05852         * Element 371 of array, of type const unsigned int
0346 0B0A             (           main.s):05853                 FDB     $0B0A           decimal 2826
                      (           main.s):05854         * Element 372 of array, of type const unsigned int
0348 0B02             (           main.s):05855                 FDB     $0B02           decimal 2818
                      (           main.s):05856         * Element 373 of array, of type const unsigned int
034A 0AFB             (           main.s):05857                 FDB     $0AFB           decimal 2811
                      (           main.s):05858         * Element 374 of array, of type const unsigned int
034C 0AF3             (           main.s):05859                 FDB     $0AF3           decimal 2803
                      (           main.s):05860         * Element 375 of array, of type const unsigned int
034E 0AEC             (           main.s):05861                 FDB     $0AEC           decimal 2796
                      (           main.s):05862         * Element 376 of array, of type const unsigned int
0350 0AE4             (           main.s):05863                 FDB     $0AE4           decimal 2788
                      (           main.s):05864         * Element 377 of array, of type const unsigned int
0352 0ADD             (           main.s):05865                 FDB     $0ADD           decimal 2781
                      (           main.s):05866         * Element 378 of array, of type const unsigned int
0354 0AD5             (           main.s):05867                 FDB     $0AD5           decimal 2773
                      (           main.s):05868         * Element 379 of array, of type const unsigned int
0356 0ACE             (           main.s):05869                 FDB     $0ACE           decimal 2766
                      (           main.s):05870         * Element 380 of array, of type const unsigned int
0358 0AC7             (           main.s):05871                 FDB     $0AC7           decimal 2759
                      (           main.s):05872         * Element 381 of array, of type const unsigned int
035A 0AC0             (           main.s):05873                 FDB     $0AC0           decimal 2752
                      (           main.s):05874         * Element 382 of array, of type const unsigned int
035C 0AB8             (           main.s):05875                 FDB     $0AB8           decimal 2744
                      (           main.s):05876         * Element 383 of array, of type const unsigned int
035E 0AB1             (           main.s):05877                 FDB     $0AB1           decimal 2737
                      (           main.s):05878         * Element 384 of array, of type const unsigned int
0360 0AAA             (           main.s):05879                 FDB     $0AAA           decimal 2730
                      (           main.s):05880         * Element 385 of array, of type const unsigned int
0362 0AA3             (           main.s):05881                 FDB     $0AA3           decimal 2723
                      (           main.s):05882         * Element 386 of array, of type const unsigned int
0364 0A9C             (           main.s):05883                 FDB     $0A9C           decimal 2716
                      (           main.s):05884         * Element 387 of array, of type const unsigned int
0366 0A95             (           main.s):05885                 FDB     $0A95           decimal 2709
                      (           main.s):05886         * Element 388 of array, of type const unsigned int
0368 0A8E             (           main.s):05887                 FDB     $0A8E           decimal 2702
                      (           main.s):05888         * Element 389 of array, of type const unsigned int
036A 0A87             (           main.s):05889                 FDB     $0A87           decimal 2695
                      (           main.s):05890         * Element 390 of array, of type const unsigned int
036C 0A80             (           main.s):05891                 FDB     $0A80           decimal 2688
                      (           main.s):05892         * Element 391 of array, of type const unsigned int
036E 0A79             (           main.s):05893                 FDB     $0A79           decimal 2681
                      (           main.s):05894         * Element 392 of array, of type const unsigned int
0370 0A72             (           main.s):05895                 FDB     $0A72           decimal 2674
                      (           main.s):05896         * Element 393 of array, of type const unsigned int
0372 0A6C             (           main.s):05897                 FDB     $0A6C           decimal 2668
                      (           main.s):05898         * Element 394 of array, of type const unsigned int
0374 0A65             (           main.s):05899                 FDB     $0A65           decimal 2661
                      (           main.s):05900         * Element 395 of array, of type const unsigned int
0376 0A5E             (           main.s):05901                 FDB     $0A5E           decimal 2654
                      (           main.s):05902         * Element 396 of array, of type const unsigned int
0378 0A57             (           main.s):05903                 FDB     $0A57           decimal 2647
                      (           main.s):05904         * Element 397 of array, of type const unsigned int
037A 0A51             (           main.s):05905                 FDB     $0A51           decimal 2641
                      (           main.s):05906         * Element 398 of array, of type const unsigned int
037C 0A4A             (           main.s):05907                 FDB     $0A4A           decimal 2634
                      (           main.s):05908         * Element 399 of array, of type const unsigned int
037E 0A43             (           main.s):05909                 FDB     $0A43           decimal 2627
                      (           main.s):05910         * Element 400 of array, of type const unsigned int
0380 0A3D             (           main.s):05911                 FDB     $0A3D           decimal 2621
                      (           main.s):05912         * Element 401 of array, of type const unsigned int
0382 0A36             (           main.s):05913                 FDB     $0A36           decimal 2614
                      (           main.s):05914         * Element 402 of array, of type const unsigned int
0384 0A30             (           main.s):05915                 FDB     $0A30           decimal 2608
                      (           main.s):05916         * Element 403 of array, of type const unsigned int
0386 0A29             (           main.s):05917                 FDB     $0A29           decimal 2601
                      (           main.s):05918         * Element 404 of array, of type const unsigned int
0388 0A23             (           main.s):05919                 FDB     $0A23           decimal 2595
                      (           main.s):05920         * Element 405 of array, of type const unsigned int
038A 0A1D             (           main.s):05921                 FDB     $0A1D           decimal 2589
                      (           main.s):05922         * Element 406 of array, of type const unsigned int
038C 0A16             (           main.s):05923                 FDB     $0A16           decimal 2582
                      (           main.s):05924         * Element 407 of array, of type const unsigned int
038E 0A10             (           main.s):05925                 FDB     $0A10           decimal 2576
                      (           main.s):05926         * Element 408 of array, of type const unsigned int
0390 0A0A             (           main.s):05927                 FDB     $0A0A           decimal 2570
                      (           main.s):05928         * Element 409 of array, of type const unsigned int
0392 0A03             (           main.s):05929                 FDB     $0A03           decimal 2563
                      (           main.s):05930         * Element 410 of array, of type const unsigned int
0394 09FD             (           main.s):05931                 FDB     $09FD           decimal 2557
                      (           main.s):05932         * Element 411 of array, of type const unsigned int
0396 09F7             (           main.s):05933                 FDB     $09F7           decimal 2551
                      (           main.s):05934         * Element 412 of array, of type const unsigned int
0398 09F1             (           main.s):05935                 FDB     $09F1           decimal 2545
                      (           main.s):05936         * Element 413 of array, of type const unsigned int
039A 09EA             (           main.s):05937                 FDB     $09EA           decimal 2538
                      (           main.s):05938         * Element 414 of array, of type const unsigned int
039C 09E4             (           main.s):05939                 FDB     $09E4           decimal 2532
                      (           main.s):05940         * Element 415 of array, of type const unsigned int
039E 09DE             (           main.s):05941                 FDB     $09DE           decimal 2526
                      (           main.s):05942         * Element 416 of array, of type const unsigned int
03A0 09D8             (           main.s):05943                 FDB     $09D8           decimal 2520
                      (           main.s):05944         * Element 417 of array, of type const unsigned int
03A2 09D2             (           main.s):05945                 FDB     $09D2           decimal 2514
                      (           main.s):05946         * Element 418 of array, of type const unsigned int
03A4 09CC             (           main.s):05947                 FDB     $09CC           decimal 2508
                      (           main.s):05948         * Element 419 of array, of type const unsigned int
03A6 09C6             (           main.s):05949                 FDB     $09C6           decimal 2502
                      (           main.s):05950         * Element 420 of array, of type const unsigned int
03A8 09C0             (           main.s):05951                 FDB     $09C0           decimal 2496
                      (           main.s):05952         * Element 421 of array, of type const unsigned int
03AA 09BA             (           main.s):05953                 FDB     $09BA           decimal 2490
                      (           main.s):05954         * Element 422 of array, of type const unsigned int
03AC 09B4             (           main.s):05955                 FDB     $09B4           decimal 2484
                      (           main.s):05956         * Element 423 of array, of type const unsigned int
03AE 09AE             (           main.s):05957                 FDB     $09AE           decimal 2478
                      (           main.s):05958         * Element 424 of array, of type const unsigned int
03B0 09A9             (           main.s):05959                 FDB     $09A9           decimal 2473
                      (           main.s):05960         * Element 425 of array, of type const unsigned int
03B2 09A3             (           main.s):05961                 FDB     $09A3           decimal 2467
                      (           main.s):05962         * Element 426 of array, of type const unsigned int
03B4 099D             (           main.s):05963                 FDB     $099D           decimal 2461
                      (           main.s):05964         * Element 427 of array, of type const unsigned int
03B6 0997             (           main.s):05965                 FDB     $0997           decimal 2455
                      (           main.s):05966         * Element 428 of array, of type const unsigned int
03B8 0991             (           main.s):05967                 FDB     $0991           decimal 2449
                      (           main.s):05968         * Element 429 of array, of type const unsigned int
03BA 098C             (           main.s):05969                 FDB     $098C           decimal 2444
                      (           main.s):05970         * Element 430 of array, of type const unsigned int
03BC 0986             (           main.s):05971                 FDB     $0986           decimal 2438
                      (           main.s):05972         * Element 431 of array, of type const unsigned int
03BE 0980             (           main.s):05973                 FDB     $0980           decimal 2432
                      (           main.s):05974         * Element 432 of array, of type const unsigned int
03C0 097B             (           main.s):05975                 FDB     $097B           decimal 2427
                      (           main.s):05976         * Element 433 of array, of type const unsigned int
03C2 0975             (           main.s):05977                 FDB     $0975           decimal 2421
                      (           main.s):05978         * Element 434 of array, of type const unsigned int
03C4 0970             (           main.s):05979                 FDB     $0970           decimal 2416
                      (           main.s):05980         * Element 435 of array, of type const unsigned int
03C6 096A             (           main.s):05981                 FDB     $096A           decimal 2410
                      (           main.s):05982         * Element 436 of array, of type const unsigned int
03C8 0964             (           main.s):05983                 FDB     $0964           decimal 2404
                      (           main.s):05984         * Element 437 of array, of type const unsigned int
03CA 095F             (           main.s):05985                 FDB     $095F           decimal 2399
                      (           main.s):05986         * Element 438 of array, of type const unsigned int
03CC 0959             (           main.s):05987                 FDB     $0959           decimal 2393
                      (           main.s):05988         * Element 439 of array, of type const unsigned int
03CE 0954             (           main.s):05989                 FDB     $0954           decimal 2388
                      (           main.s):05990         * Element 440 of array, of type const unsigned int
03D0 094F             (           main.s):05991                 FDB     $094F           decimal 2383
                      (           main.s):05992         * Element 441 of array, of type const unsigned int
03D2 0949             (           main.s):05993                 FDB     $0949           decimal 2377
                      (           main.s):05994         * Element 442 of array, of type const unsigned int
03D4 0944             (           main.s):05995                 FDB     $0944           decimal 2372
                      (           main.s):05996         * Element 443 of array, of type const unsigned int
03D6 093E             (           main.s):05997                 FDB     $093E           decimal 2366
                      (           main.s):05998         * Element 444 of array, of type const unsigned int
03D8 0939             (           main.s):05999                 FDB     $0939           decimal 2361
                      (           main.s):06000         * Element 445 of array, of type const unsigned int
03DA 0934             (           main.s):06001                 FDB     $0934           decimal 2356
                      (           main.s):06002         * Element 446 of array, of type const unsigned int
03DC 092F             (           main.s):06003                 FDB     $092F           decimal 2351
                      (           main.s):06004         * Element 447 of array, of type const unsigned int
03DE 0929             (           main.s):06005                 FDB     $0929           decimal 2345
                      (           main.s):06006         * Element 448 of array, of type const unsigned int
03E0 0924             (           main.s):06007                 FDB     $0924           decimal 2340
                      (           main.s):06008         * Element 449 of array, of type const unsigned int
03E2 091F             (           main.s):06009                 FDB     $091F           decimal 2335
                      (           main.s):06010         * Element 450 of array, of type const unsigned int
03E4 091A             (           main.s):06011                 FDB     $091A           decimal 2330
                      (           main.s):06012         * Element 451 of array, of type const unsigned int
03E6 0914             (           main.s):06013                 FDB     $0914           decimal 2324
                      (           main.s):06014         * Element 452 of array, of type const unsigned int
03E8 090F             (           main.s):06015                 FDB     $090F           decimal 2319
                      (           main.s):06016         * Element 453 of array, of type const unsigned int
03EA 090A             (           main.s):06017                 FDB     $090A           decimal 2314
                      (           main.s):06018         * Element 454 of array, of type const unsigned int
03EC 0905             (           main.s):06019                 FDB     $0905           decimal 2309
                      (           main.s):06020         * Element 455 of array, of type const unsigned int
03EE 0900             (           main.s):06021                 FDB     $0900           decimal 2304
                      (           main.s):06022         * Element 456 of array, of type const unsigned int
03F0 08FB             (           main.s):06023                 FDB     $08FB           decimal 2299
                      (           main.s):06024         * Element 457 of array, of type const unsigned int
03F2 08F6             (           main.s):06025                 FDB     $08F6           decimal 2294
                      (           main.s):06026         * Element 458 of array, of type const unsigned int
03F4 08F1             (           main.s):06027                 FDB     $08F1           decimal 2289
                      (           main.s):06028         * Element 459 of array, of type const unsigned int
03F6 08EC             (           main.s):06029                 FDB     $08EC           decimal 2284
                      (           main.s):06030         * Element 460 of array, of type const unsigned int
03F8 08E7             (           main.s):06031                 FDB     $08E7           decimal 2279
                      (           main.s):06032         * Element 461 of array, of type const unsigned int
03FA 08E2             (           main.s):06033                 FDB     $08E2           decimal 2274
                      (           main.s):06034         * Element 462 of array, of type const unsigned int
03FC 08DD             (           main.s):06035                 FDB     $08DD           decimal 2269
                      (           main.s):06036         * Element 463 of array, of type const unsigned int
03FE 08D8             (           main.s):06037                 FDB     $08D8           decimal 2264
                      (           main.s):06038         * Element 464 of array, of type const unsigned int
0400 08D3             (           main.s):06039                 FDB     $08D3           decimal 2259
                      (           main.s):06040         * Element 465 of array, of type const unsigned int
0402 08CE             (           main.s):06041                 FDB     $08CE           decimal 2254
                      (           main.s):06042         * Element 466 of array, of type const unsigned int
0404 08CA             (           main.s):06043                 FDB     $08CA           decimal 2250
                      (           main.s):06044         * Element 467 of array, of type const unsigned int
0406 08C5             (           main.s):06045                 FDB     $08C5           decimal 2245
                      (           main.s):06046         * Element 468 of array, of type const unsigned int
0408 08C0             (           main.s):06047                 FDB     $08C0           decimal 2240
                      (           main.s):06048         * Element 469 of array, of type const unsigned int
040A 08BB             (           main.s):06049                 FDB     $08BB           decimal 2235
                      (           main.s):06050         * Element 470 of array, of type const unsigned int
040C 08B6             (           main.s):06051                 FDB     $08B6           decimal 2230
                      (           main.s):06052         * Element 471 of array, of type const unsigned int
040E 08B2             (           main.s):06053                 FDB     $08B2           decimal 2226
                      (           main.s):06054         * Element 472 of array, of type const unsigned int
0410 08AD             (           main.s):06055                 FDB     $08AD           decimal 2221
                      (           main.s):06056         * Element 473 of array, of type const unsigned int
0412 08A8             (           main.s):06057                 FDB     $08A8           decimal 2216
                      (           main.s):06058         * Element 474 of array, of type const unsigned int
0414 08A4             (           main.s):06059                 FDB     $08A4           decimal 2212
                      (           main.s):06060         * Element 475 of array, of type const unsigned int
0416 089F             (           main.s):06061                 FDB     $089F           decimal 2207
                      (           main.s):06062         * Element 476 of array, of type const unsigned int
0418 089A             (           main.s):06063                 FDB     $089A           decimal 2202
                      (           main.s):06064         * Element 477 of array, of type const unsigned int
041A 0896             (           main.s):06065                 FDB     $0896           decimal 2198
                      (           main.s):06066         * Element 478 of array, of type const unsigned int
041C 0891             (           main.s):06067                 FDB     $0891           decimal 2193
                      (           main.s):06068         * Element 479 of array, of type const unsigned int
041E 088D             (           main.s):06069                 FDB     $088D           decimal 2189
                      (           main.s):06070         * Element 480 of array, of type const unsigned int
0420 0888             (           main.s):06071                 FDB     $0888           decimal 2184
                      (           main.s):06072         * Element 481 of array, of type const unsigned int
0422 0883             (           main.s):06073                 FDB     $0883           decimal 2179
                      (           main.s):06074         * Element 482 of array, of type const unsigned int
0424 087F             (           main.s):06075                 FDB     $087F           decimal 2175
                      (           main.s):06076         * Element 483 of array, of type const unsigned int
0426 087A             (           main.s):06077                 FDB     $087A           decimal 2170
                      (           main.s):06078         * Element 484 of array, of type const unsigned int
0428 0876             (           main.s):06079                 FDB     $0876           decimal 2166
                      (           main.s):06080         * Element 485 of array, of type const unsigned int
042A 0871             (           main.s):06081                 FDB     $0871           decimal 2161
                      (           main.s):06082         * Element 486 of array, of type const unsigned int
042C 086D             (           main.s):06083                 FDB     $086D           decimal 2157
                      (           main.s):06084         * Element 487 of array, of type const unsigned int
042E 0869             (           main.s):06085                 FDB     $0869           decimal 2153
                      (           main.s):06086         * Element 488 of array, of type const unsigned int
0430 0864             (           main.s):06087                 FDB     $0864           decimal 2148
                      (           main.s):06088         * Element 489 of array, of type const unsigned int
0432 0860             (           main.s):06089                 FDB     $0860           decimal 2144
                      (           main.s):06090         * Element 490 of array, of type const unsigned int
0434 085B             (           main.s):06091                 FDB     $085B           decimal 2139
                      (           main.s):06092         * Element 491 of array, of type const unsigned int
0436 0857             (           main.s):06093                 FDB     $0857           decimal 2135
                      (           main.s):06094         * Element 492 of array, of type const unsigned int
0438 0853             (           main.s):06095                 FDB     $0853           decimal 2131
                      (           main.s):06096         * Element 493 of array, of type const unsigned int
043A 084E             (           main.s):06097                 FDB     $084E           decimal 2126
                      (           main.s):06098         * Element 494 of array, of type const unsigned int
043C 084A             (           main.s):06099                 FDB     $084A           decimal 2122
                      (           main.s):06100         * Element 495 of array, of type const unsigned int
043E 0846             (           main.s):06101                 FDB     $0846           decimal 2118
                      (           main.s):06102         * Element 496 of array, of type const unsigned int
0440 0842             (           main.s):06103                 FDB     $0842           decimal 2114
                      (           main.s):06104         * Element 497 of array, of type const unsigned int
0442 083D             (           main.s):06105                 FDB     $083D           decimal 2109
                      (           main.s):06106         * Element 498 of array, of type const unsigned int
0444 0839             (           main.s):06107                 FDB     $0839           decimal 2105
                      (           main.s):06108         * Element 499 of array, of type const unsigned int
0446 0835             (           main.s):06109                 FDB     $0835           decimal 2101
                      (           main.s):06110         * Element 500 of array, of type const unsigned int
0448 0831             (           main.s):06111                 FDB     $0831           decimal 2097
                      (           main.s):06112         * Element 501 of array, of type const unsigned int
044A 082C             (           main.s):06113                 FDB     $082C           decimal 2092
                      (           main.s):06114         * Element 502 of array, of type const unsigned int
044C 0828             (           main.s):06115                 FDB     $0828           decimal 2088
                      (           main.s):06116         * Element 503 of array, of type const unsigned int
044E 0824             (           main.s):06117                 FDB     $0824           decimal 2084
                      (           main.s):06118         * Element 504 of array, of type const unsigned int
0450 0820             (           main.s):06119                 FDB     $0820           decimal 2080
                      (           main.s):06120         * Element 505 of array, of type const unsigned int
0452 081C             (           main.s):06121                 FDB     $081C           decimal 2076
                      (           main.s):06122         * Element 506 of array, of type const unsigned int
0454 0818             (           main.s):06123                 FDB     $0818           decimal 2072
                      (           main.s):06124         * Element 507 of array, of type const unsigned int
0456 0814             (           main.s):06125                 FDB     $0814           decimal 2068
                      (           main.s):06126         * Element 508 of array, of type const unsigned int
0458 0810             (           main.s):06127                 FDB     $0810           decimal 2064
                      (           main.s):06128         * Element 509 of array, of type const unsigned int
045A 080C             (           main.s):06129                 FDB     $080C           decimal 2060
                      (           main.s):06130         * Element 510 of array, of type const unsigned int
045C 0808             (           main.s):06131                 FDB     $0808           decimal 2056
                      (           main.s):06132         * Element 511 of array, of type const unsigned int
045E 0803             (           main.s):06133                 FDB     $0803           decimal 2051
                      (           main.s):06134         * Element 512 of array, of type const unsigned int
0460 07FF             (           main.s):06135                 FDB     $07FF           decimal 2047
                      (           main.s):06136         * Element 513 of array, of type const unsigned int
0462 07FB             (           main.s):06137                 FDB     $07FB           decimal 2043
                      (           main.s):06138         * Element 514 of array, of type const unsigned int
0464 07F8             (           main.s):06139                 FDB     $07F8           decimal 2040
                      (           main.s):06140         * Element 515 of array, of type const unsigned int
0466 07F4             (           main.s):06141                 FDB     $07F4           decimal 2036
                      (           main.s):06142         * Element 516 of array, of type const unsigned int
0468 07F0             (           main.s):06143                 FDB     $07F0           decimal 2032
                      (           main.s):06144         * Element 517 of array, of type const unsigned int
046A 07EC             (           main.s):06145                 FDB     $07EC           decimal 2028
                      (           main.s):06146         * Element 518 of array, of type const unsigned int
046C 07E8             (           main.s):06147                 FDB     $07E8           decimal 2024
                      (           main.s):06148         * Element 519 of array, of type const unsigned int
046E 07E4             (           main.s):06149                 FDB     $07E4           decimal 2020
                      (           main.s):06150         * Element 520 of array, of type const unsigned int
0470 07E0             (           main.s):06151                 FDB     $07E0           decimal 2016
                      (           main.s):06152         * Element 521 of array, of type const unsigned int
0472 07DC             (           main.s):06153                 FDB     $07DC           decimal 2012
                      (           main.s):06154         * Element 522 of array, of type const unsigned int
0474 07D8             (           main.s):06155                 FDB     $07D8           decimal 2008
                      (           main.s):06156         * Element 523 of array, of type const unsigned int
0476 07D4             (           main.s):06157                 FDB     $07D4           decimal 2004
                      (           main.s):06158         * Element 524 of array, of type const unsigned int
0478 07D1             (           main.s):06159                 FDB     $07D1           decimal 2001
                      (           main.s):06160         * Element 525 of array, of type const unsigned int
047A 07CD             (           main.s):06161                 FDB     $07CD           decimal 1997
                      (           main.s):06162         * Element 526 of array, of type const unsigned int
047C 07C9             (           main.s):06163                 FDB     $07C9           decimal 1993
                      (           main.s):06164         * Element 527 of array, of type const unsigned int
047E 07C5             (           main.s):06165                 FDB     $07C5           decimal 1989
                      (           main.s):06166         * Element 528 of array, of type const unsigned int
0480 07C1             (           main.s):06167                 FDB     $07C1           decimal 1985
                      (           main.s):06168         * Element 529 of array, of type const unsigned int
0482 07BE             (           main.s):06169                 FDB     $07BE           decimal 1982
                      (           main.s):06170         * Element 530 of array, of type const unsigned int
0484 07BA             (           main.s):06171                 FDB     $07BA           decimal 1978
                      (           main.s):06172         * Element 531 of array, of type const unsigned int
0486 07B6             (           main.s):06173                 FDB     $07B6           decimal 1974
                      (           main.s):06174         * Element 532 of array, of type const unsigned int
0488 07B2             (           main.s):06175                 FDB     $07B2           decimal 1970
                      (           main.s):06176         * Element 533 of array, of type const unsigned int
048A 07AF             (           main.s):06177                 FDB     $07AF           decimal 1967
                      (           main.s):06178         * Element 534 of array, of type const unsigned int
048C 07AB             (           main.s):06179                 FDB     $07AB           decimal 1963
                      (           main.s):06180         * Element 535 of array, of type const unsigned int
048E 07A7             (           main.s):06181                 FDB     $07A7           decimal 1959
                      (           main.s):06182         * Element 536 of array, of type const unsigned int
0490 07A4             (           main.s):06183                 FDB     $07A4           decimal 1956
                      (           main.s):06184         * Element 537 of array, of type const unsigned int
0492 07A0             (           main.s):06185                 FDB     $07A0           decimal 1952
                      (           main.s):06186         * Element 538 of array, of type const unsigned int
0494 079C             (           main.s):06187                 FDB     $079C           decimal 1948
                      (           main.s):06188         * Element 539 of array, of type const unsigned int
0496 0799             (           main.s):06189                 FDB     $0799           decimal 1945
                      (           main.s):06190         * Element 540 of array, of type const unsigned int
0498 0795             (           main.s):06191                 FDB     $0795           decimal 1941
                      (           main.s):06192         * Element 541 of array, of type const unsigned int
049A 0792             (           main.s):06193                 FDB     $0792           decimal 1938
                      (           main.s):06194         * Element 542 of array, of type const unsigned int
049C 078E             (           main.s):06195                 FDB     $078E           decimal 1934
                      (           main.s):06196         * Element 543 of array, of type const unsigned int
049E 078B             (           main.s):06197                 FDB     $078B           decimal 1931
                      (           main.s):06198         * Element 544 of array, of type const unsigned int
04A0 0787             (           main.s):06199                 FDB     $0787           decimal 1927
                      (           main.s):06200         * Element 545 of array, of type const unsigned int
04A2 0783             (           main.s):06201                 FDB     $0783           decimal 1923
                      (           main.s):06202         * Element 546 of array, of type const unsigned int
04A4 0780             (           main.s):06203                 FDB     $0780           decimal 1920
                      (           main.s):06204         * Element 547 of array, of type const unsigned int
04A6 077C             (           main.s):06205                 FDB     $077C           decimal 1916
                      (           main.s):06206         * Element 548 of array, of type const unsigned int
04A8 0779             (           main.s):06207                 FDB     $0779           decimal 1913
                      (           main.s):06208         * Element 549 of array, of type const unsigned int
04AA 0775             (           main.s):06209                 FDB     $0775           decimal 1909
                      (           main.s):06210         * Element 550 of array, of type const unsigned int
04AC 0772             (           main.s):06211                 FDB     $0772           decimal 1906
                      (           main.s):06212         * Element 551 of array, of type const unsigned int
04AE 076F             (           main.s):06213                 FDB     $076F           decimal 1903
                      (           main.s):06214         * Element 552 of array, of type const unsigned int
04B0 076B             (           main.s):06215                 FDB     $076B           decimal 1899
                      (           main.s):06216         * Element 553 of array, of type const unsigned int
04B2 0768             (           main.s):06217                 FDB     $0768           decimal 1896
                      (           main.s):06218         * Element 554 of array, of type const unsigned int
04B4 0764             (           main.s):06219                 FDB     $0764           decimal 1892
                      (           main.s):06220         * Element 555 of array, of type const unsigned int
04B6 0761             (           main.s):06221                 FDB     $0761           decimal 1889
                      (           main.s):06222         * Element 556 of array, of type const unsigned int
04B8 075D             (           main.s):06223                 FDB     $075D           decimal 1885
                      (           main.s):06224         * Element 557 of array, of type const unsigned int
04BA 075A             (           main.s):06225                 FDB     $075A           decimal 1882
                      (           main.s):06226         * Element 558 of array, of type const unsigned int
04BC 0757             (           main.s):06227                 FDB     $0757           decimal 1879
                      (           main.s):06228         * Element 559 of array, of type const unsigned int
04BE 0753             (           main.s):06229                 FDB     $0753           decimal 1875
                      (           main.s):06230         * Element 560 of array, of type const unsigned int
04C0 0750             (           main.s):06231                 FDB     $0750           decimal 1872
                      (           main.s):06232         * Element 561 of array, of type const unsigned int
04C2 074D             (           main.s):06233                 FDB     $074D           decimal 1869
                      (           main.s):06234         * Element 562 of array, of type const unsigned int
04C4 0749             (           main.s):06235                 FDB     $0749           decimal 1865
                      (           main.s):06236         * Element 563 of array, of type const unsigned int
04C6 0746             (           main.s):06237                 FDB     $0746           decimal 1862
                      (           main.s):06238         * Element 564 of array, of type const unsigned int
04C8 0743             (           main.s):06239                 FDB     $0743           decimal 1859
                      (           main.s):06240         * Element 565 of array, of type const unsigned int
04CA 073F             (           main.s):06241                 FDB     $073F           decimal 1855
                      (           main.s):06242         * Element 566 of array, of type const unsigned int
04CC 073C             (           main.s):06243                 FDB     $073C           decimal 1852
                      (           main.s):06244         * Element 567 of array, of type const unsigned int
04CE 0739             (           main.s):06245                 FDB     $0739           decimal 1849
                      (           main.s):06246         * Element 568 of array, of type const unsigned int
04D0 0736             (           main.s):06247                 FDB     $0736           decimal 1846
                      (           main.s):06248         * Element 569 of array, of type const unsigned int
04D2 0732             (           main.s):06249                 FDB     $0732           decimal 1842
                      (           main.s):06250         * Element 570 of array, of type const unsigned int
04D4 072F             (           main.s):06251                 FDB     $072F           decimal 1839
                      (           main.s):06252         * Element 571 of array, of type const unsigned int
04D6 072C             (           main.s):06253                 FDB     $072C           decimal 1836
                      (           main.s):06254         * Element 572 of array, of type const unsigned int
04D8 0729             (           main.s):06255                 FDB     $0729           decimal 1833
                      (           main.s):06256         * Element 573 of array, of type const unsigned int
04DA 0725             (           main.s):06257                 FDB     $0725           decimal 1829
                      (           main.s):06258         * Element 574 of array, of type const unsigned int
04DC 0722             (           main.s):06259                 FDB     $0722           decimal 1826
                      (           main.s):06260         * Element 575 of array, of type const unsigned int
04DE 071F             (           main.s):06261                 FDB     $071F           decimal 1823
                      (           main.s):06262         * Element 576 of array, of type const unsigned int
04E0 071C             (           main.s):06263                 FDB     $071C           decimal 1820
                      (           main.s):06264         * Element 577 of array, of type const unsigned int
04E2 0719             (           main.s):06265                 FDB     $0719           decimal 1817
                      (           main.s):06266         * Element 578 of array, of type const unsigned int
04E4 0716             (           main.s):06267                 FDB     $0716           decimal 1814
                      (           main.s):06268         * Element 579 of array, of type const unsigned int
04E6 0712             (           main.s):06269                 FDB     $0712           decimal 1810
                      (           main.s):06270         * Element 580 of array, of type const unsigned int
04E8 070F             (           main.s):06271                 FDB     $070F           decimal 1807
                      (           main.s):06272         * Element 581 of array, of type const unsigned int
04EA 070C             (           main.s):06273                 FDB     $070C           decimal 1804
                      (           main.s):06274         * Element 582 of array, of type const unsigned int
04EC 0709             (           main.s):06275                 FDB     $0709           decimal 1801
                      (           main.s):06276         * Element 583 of array, of type const unsigned int
04EE 0706             (           main.s):06277                 FDB     $0706           decimal 1798
                      (           main.s):06278         * Element 584 of array, of type const unsigned int
04F0 0703             (           main.s):06279                 FDB     $0703           decimal 1795
                      (           main.s):06280         * Element 585 of array, of type const unsigned int
04F2 0700             (           main.s):06281                 FDB     $0700           decimal 1792
                      (           main.s):06282         * Element 586 of array, of type const unsigned int
04F4 06FD             (           main.s):06283                 FDB     $06FD           decimal 1789
                      (           main.s):06284         * Element 587 of array, of type const unsigned int
04F6 06FA             (           main.s):06285                 FDB     $06FA           decimal 1786
                      (           main.s):06286         * Element 588 of array, of type const unsigned int
04F8 06F7             (           main.s):06287                 FDB     $06F7           decimal 1783
                      (           main.s):06288         * Element 589 of array, of type const unsigned int
04FA 06F4             (           main.s):06289                 FDB     $06F4           decimal 1780
                      (           main.s):06290         * Element 590 of array, of type const unsigned int
04FC 06F1             (           main.s):06291                 FDB     $06F1           decimal 1777
                      (           main.s):06292         * Element 591 of array, of type const unsigned int
04FE 06EE             (           main.s):06293                 FDB     $06EE           decimal 1774
                      (           main.s):06294         * Element 592 of array, of type const unsigned int
0500 06EB             (           main.s):06295                 FDB     $06EB           decimal 1771
                      (           main.s):06296         * Element 593 of array, of type const unsigned int
0502 06E8             (           main.s):06297                 FDB     $06E8           decimal 1768
                      (           main.s):06298         * Element 594 of array, of type const unsigned int
0504 06E5             (           main.s):06299                 FDB     $06E5           decimal 1765
                      (           main.s):06300         * Element 595 of array, of type const unsigned int
0506 06E2             (           main.s):06301                 FDB     $06E2           decimal 1762
                      (           main.s):06302         * Element 596 of array, of type const unsigned int
0508 06DF             (           main.s):06303                 FDB     $06DF           decimal 1759
                      (           main.s):06304         * Element 597 of array, of type const unsigned int
050A 06DC             (           main.s):06305                 FDB     $06DC           decimal 1756
                      (           main.s):06306         * Element 598 of array, of type const unsigned int
050C 06D9             (           main.s):06307                 FDB     $06D9           decimal 1753
                      (           main.s):06308         * Element 599 of array, of type const unsigned int
050E 06D6             (           main.s):06309                 FDB     $06D6           decimal 1750
                      (           main.s):06310         * Element 600 of array, of type const unsigned int
0510 06D3             (           main.s):06311                 FDB     $06D3           decimal 1747
                      (           main.s):06312         * Element 601 of array, of type const unsigned int
0512 06D0             (           main.s):06313                 FDB     $06D0           decimal 1744
                      (           main.s):06314         * Element 602 of array, of type const unsigned int
0514 06CD             (           main.s):06315                 FDB     $06CD           decimal 1741
                      (           main.s):06316         * Element 603 of array, of type const unsigned int
0516 06CA             (           main.s):06317                 FDB     $06CA           decimal 1738
                      (           main.s):06318         * Element 604 of array, of type const unsigned int
0518 06C8             (           main.s):06319                 FDB     $06C8           decimal 1736
                      (           main.s):06320         * Element 605 of array, of type const unsigned int
051A 06C5             (           main.s):06321                 FDB     $06C5           decimal 1733
                      (           main.s):06322         * Element 606 of array, of type const unsigned int
051C 06C2             (           main.s):06323                 FDB     $06C2           decimal 1730
                      (           main.s):06324         * Element 607 of array, of type const unsigned int
051E 06BF             (           main.s):06325                 FDB     $06BF           decimal 1727
                      (           main.s):06326         * Element 608 of array, of type const unsigned int
0520 06BC             (           main.s):06327                 FDB     $06BC           decimal 1724
                      (           main.s):06328         * Element 609 of array, of type const unsigned int
0522 06B9             (           main.s):06329                 FDB     $06B9           decimal 1721
                      (           main.s):06330         * Element 610 of array, of type const unsigned int
0524 06B6             (           main.s):06331                 FDB     $06B6           decimal 1718
                      (           main.s):06332         * Element 611 of array, of type const unsigned int
0526 06B4             (           main.s):06333                 FDB     $06B4           decimal 1716
                      (           main.s):06334         * Element 612 of array, of type const unsigned int
0528 06B1             (           main.s):06335                 FDB     $06B1           decimal 1713
                      (           main.s):06336         * Element 613 of array, of type const unsigned int
052A 06AE             (           main.s):06337                 FDB     $06AE           decimal 1710
                      (           main.s):06338         * Element 614 of array, of type const unsigned int
052C 06AB             (           main.s):06339                 FDB     $06AB           decimal 1707
                      (           main.s):06340         * Element 615 of array, of type const unsigned int
052E 06A8             (           main.s):06341                 FDB     $06A8           decimal 1704
                      (           main.s):06342         * Element 616 of array, of type const unsigned int
0530 06A6             (           main.s):06343                 FDB     $06A6           decimal 1702
                      (           main.s):06344         * Element 617 of array, of type const unsigned int
0532 06A3             (           main.s):06345                 FDB     $06A3           decimal 1699
                      (           main.s):06346         * Element 618 of array, of type const unsigned int
0534 06A0             (           main.s):06347                 FDB     $06A0           decimal 1696
                      (           main.s):06348         * Element 619 of array, of type const unsigned int
0536 069D             (           main.s):06349                 FDB     $069D           decimal 1693
                      (           main.s):06350         * Element 620 of array, of type const unsigned int
0538 069B             (           main.s):06351                 FDB     $069B           decimal 1691
                      (           main.s):06352         * Element 621 of array, of type const unsigned int
053A 0698             (           main.s):06353                 FDB     $0698           decimal 1688
                      (           main.s):06354         * Element 622 of array, of type const unsigned int
053C 0695             (           main.s):06355                 FDB     $0695           decimal 1685
                      (           main.s):06356         * Element 623 of array, of type const unsigned int
053E 0693             (           main.s):06357                 FDB     $0693           decimal 1683
                      (           main.s):06358         * Element 624 of array, of type const unsigned int
0540 0690             (           main.s):06359                 FDB     $0690           decimal 1680
                      (           main.s):06360         * Element 625 of array, of type const unsigned int
0542 068D             (           main.s):06361                 FDB     $068D           decimal 1677
                      (           main.s):06362         * Element 626 of array, of type const unsigned int
0544 068B             (           main.s):06363                 FDB     $068B           decimal 1675
                      (           main.s):06364         * Element 627 of array, of type const unsigned int
0546 0688             (           main.s):06365                 FDB     $0688           decimal 1672
                      (           main.s):06366         * Element 628 of array, of type const unsigned int
0548 0685             (           main.s):06367                 FDB     $0685           decimal 1669
                      (           main.s):06368         * Element 629 of array, of type const unsigned int
054A 0683             (           main.s):06369                 FDB     $0683           decimal 1667
                      (           main.s):06370         * Element 630 of array, of type const unsigned int
054C 0680             (           main.s):06371                 FDB     $0680           decimal 1664
                      (           main.s):06372         * Element 631 of array, of type const unsigned int
054E 067D             (           main.s):06373                 FDB     $067D           decimal 1661
                      (           main.s):06374         * Element 632 of array, of type const unsigned int
0550 067B             (           main.s):06375                 FDB     $067B           decimal 1659
                      (           main.s):06376         * Element 633 of array, of type const unsigned int
0552 0678             (           main.s):06377                 FDB     $0678           decimal 1656
                      (           main.s):06378         * Element 634 of array, of type const unsigned int
0554 0675             (           main.s):06379                 FDB     $0675           decimal 1653
                      (           main.s):06380         * Element 635 of array, of type const unsigned int
0556 0673             (           main.s):06381                 FDB     $0673           decimal 1651
                      (           main.s):06382         * Element 636 of array, of type const unsigned int
0558 0670             (           main.s):06383                 FDB     $0670           decimal 1648
                      (           main.s):06384         * Element 637 of array, of type const unsigned int
055A 066E             (           main.s):06385                 FDB     $066E           decimal 1646
                      (           main.s):06386         * Element 638 of array, of type const unsigned int
055C 066B             (           main.s):06387                 FDB     $066B           decimal 1643
                      (           main.s):06388         * Element 639 of array, of type const unsigned int
055E 0668             (           main.s):06389                 FDB     $0668           decimal 1640
                      (           main.s):06390         * Element 640 of array, of type const unsigned int
0560 0666             (           main.s):06391                 FDB     $0666           decimal 1638
                      (           main.s):06392         * Element 641 of array, of type const unsigned int
0562 0663             (           main.s):06393                 FDB     $0663           decimal 1635
                      (           main.s):06394         * Element 642 of array, of type const unsigned int
0564 0661             (           main.s):06395                 FDB     $0661           decimal 1633
                      (           main.s):06396         * Element 643 of array, of type const unsigned int
0566 065E             (           main.s):06397                 FDB     $065E           decimal 1630
                      (           main.s):06398         * Element 644 of array, of type const unsigned int
0568 065C             (           main.s):06399                 FDB     $065C           decimal 1628
                      (           main.s):06400         * Element 645 of array, of type const unsigned int
056A 0659             (           main.s):06401                 FDB     $0659           decimal 1625
                      (           main.s):06402         * Element 646 of array, of type const unsigned int
056C 0657             (           main.s):06403                 FDB     $0657           decimal 1623
                      (           main.s):06404         * Element 647 of array, of type const unsigned int
056E 0654             (           main.s):06405                 FDB     $0654           decimal 1620
                      (           main.s):06406         * Element 648 of array, of type const unsigned int
0570 0652             (           main.s):06407                 FDB     $0652           decimal 1618
                      (           main.s):06408         * Element 649 of array, of type const unsigned int
0572 064F             (           main.s):06409                 FDB     $064F           decimal 1615
                      (           main.s):06410         * Element 650 of array, of type const unsigned int
0574 064D             (           main.s):06411                 FDB     $064D           decimal 1613
                      (           main.s):06412         * Element 651 of array, of type const unsigned int
0576 064A             (           main.s):06413                 FDB     $064A           decimal 1610
                      (           main.s):06414         * Element 652 of array, of type const unsigned int
0578 0648             (           main.s):06415                 FDB     $0648           decimal 1608
                      (           main.s):06416         * Element 653 of array, of type const unsigned int
057A 0645             (           main.s):06417                 FDB     $0645           decimal 1605
                      (           main.s):06418         * Element 654 of array, of type const unsigned int
057C 0643             (           main.s):06419                 FDB     $0643           decimal 1603
                      (           main.s):06420         * Element 655 of array, of type const unsigned int
057E 0640             (           main.s):06421                 FDB     $0640           decimal 1600
                      (           main.s):06422         * Element 656 of array, of type const unsigned int
0580 063E             (           main.s):06423                 FDB     $063E           decimal 1598
                      (           main.s):06424         * Element 657 of array, of type const unsigned int
0582 063B             (           main.s):06425                 FDB     $063B           decimal 1595
                      (           main.s):06426         * Element 658 of array, of type const unsigned int
0584 0639             (           main.s):06427                 FDB     $0639           decimal 1593
                      (           main.s):06428         * Element 659 of array, of type const unsigned int
0586 0637             (           main.s):06429                 FDB     $0637           decimal 1591
                      (           main.s):06430         * Element 660 of array, of type const unsigned int
0588 0634             (           main.s):06431                 FDB     $0634           decimal 1588
                      (           main.s):06432         * Element 661 of array, of type const unsigned int
058A 0632             (           main.s):06433                 FDB     $0632           decimal 1586
                      (           main.s):06434         * Element 662 of array, of type const unsigned int
058C 062F             (           main.s):06435                 FDB     $062F           decimal 1583
                      (           main.s):06436         * Element 663 of array, of type const unsigned int
058E 062D             (           main.s):06437                 FDB     $062D           decimal 1581
                      (           main.s):06438         * Element 664 of array, of type const unsigned int
0590 062B             (           main.s):06439                 FDB     $062B           decimal 1579
                      (           main.s):06440         * Element 665 of array, of type const unsigned int
0592 0628             (           main.s):06441                 FDB     $0628           decimal 1576
                      (           main.s):06442         * Element 666 of array, of type const unsigned int
0594 0626             (           main.s):06443                 FDB     $0626           decimal 1574
                      (           main.s):06444         * Element 667 of array, of type const unsigned int
0596 0624             (           main.s):06445                 FDB     $0624           decimal 1572
                      (           main.s):06446         * Element 668 of array, of type const unsigned int
0598 0621             (           main.s):06447                 FDB     $0621           decimal 1569
                      (           main.s):06448         * Element 669 of array, of type const unsigned int
059A 061F             (           main.s):06449                 FDB     $061F           decimal 1567
                      (           main.s):06450         * Element 670 of array, of type const unsigned int
059C 061D             (           main.s):06451                 FDB     $061D           decimal 1565
                      (           main.s):06452         * Element 671 of array, of type const unsigned int
059E 061A             (           main.s):06453                 FDB     $061A           decimal 1562
                      (           main.s):06454         * Element 672 of array, of type const unsigned int
05A0 0618             (           main.s):06455                 FDB     $0618           decimal 1560
                      (           main.s):06456         * Element 673 of array, of type const unsigned int
05A2 0616             (           main.s):06457                 FDB     $0616           decimal 1558
                      (           main.s):06458         * Element 674 of array, of type const unsigned int
05A4 0613             (           main.s):06459                 FDB     $0613           decimal 1555
                      (           main.s):06460         * Element 675 of array, of type const unsigned int
05A6 0611             (           main.s):06461                 FDB     $0611           decimal 1553
                      (           main.s):06462         * Element 676 of array, of type const unsigned int
05A8 060F             (           main.s):06463                 FDB     $060F           decimal 1551
                      (           main.s):06464         * Element 677 of array, of type const unsigned int
05AA 060C             (           main.s):06465                 FDB     $060C           decimal 1548
                      (           main.s):06466         * Element 678 of array, of type const unsigned int
05AC 060A             (           main.s):06467                 FDB     $060A           decimal 1546
                      (           main.s):06468         * Element 679 of array, of type const unsigned int
05AE 0608             (           main.s):06469                 FDB     $0608           decimal 1544
                      (           main.s):06470         * Element 680 of array, of type const unsigned int
05B0 0606             (           main.s):06471                 FDB     $0606           decimal 1542
                      (           main.s):06472         * Element 681 of array, of type const unsigned int
05B2 0603             (           main.s):06473                 FDB     $0603           decimal 1539
                      (           main.s):06474         * Element 682 of array, of type const unsigned int
05B4 0601             (           main.s):06475                 FDB     $0601           decimal 1537
                      (           main.s):06476         * Element 683 of array, of type const unsigned int
05B6 05FF             (           main.s):06477                 FDB     $05FF           decimal 1535
                      (           main.s):06478         * Element 684 of array, of type const unsigned int
05B8 05FC             (           main.s):06479                 FDB     $05FC           decimal 1532
                      (           main.s):06480         * Element 685 of array, of type const unsigned int
05BA 05FA             (           main.s):06481                 FDB     $05FA           decimal 1530
                      (           main.s):06482         * Element 686 of array, of type const unsigned int
05BC 05F8             (           main.s):06483                 FDB     $05F8           decimal 1528
                      (           main.s):06484         * Element 687 of array, of type const unsigned int
05BE 05F6             (           main.s):06485                 FDB     $05F6           decimal 1526
                      (           main.s):06486         * Element 688 of array, of type const unsigned int
05C0 05F4             (           main.s):06487                 FDB     $05F4           decimal 1524
                      (           main.s):06488         * Element 689 of array, of type const unsigned int
05C2 05F1             (           main.s):06489                 FDB     $05F1           decimal 1521
                      (           main.s):06490         * Element 690 of array, of type const unsigned int
05C4 05EF             (           main.s):06491                 FDB     $05EF           decimal 1519
                      (           main.s):06492         * Element 691 of array, of type const unsigned int
05C6 05ED             (           main.s):06493                 FDB     $05ED           decimal 1517
                      (           main.s):06494         * Element 692 of array, of type const unsigned int
05C8 05EB             (           main.s):06495                 FDB     $05EB           decimal 1515
                      (           main.s):06496         * Element 693 of array, of type const unsigned int
05CA 05E9             (           main.s):06497                 FDB     $05E9           decimal 1513
                      (           main.s):06498         * Element 694 of array, of type const unsigned int
05CC 05E6             (           main.s):06499                 FDB     $05E6           decimal 1510
                      (           main.s):06500         * Element 695 of array, of type const unsigned int
05CE 05E4             (           main.s):06501                 FDB     $05E4           decimal 1508
                      (           main.s):06502         * Element 696 of array, of type const unsigned int
05D0 05E2             (           main.s):06503                 FDB     $05E2           decimal 1506
                      (           main.s):06504         * Element 697 of array, of type const unsigned int
05D2 05E0             (           main.s):06505                 FDB     $05E0           decimal 1504
                      (           main.s):06506         * Element 698 of array, of type const unsigned int
05D4 05DE             (           main.s):06507                 FDB     $05DE           decimal 1502
                      (           main.s):06508         * Element 699 of array, of type const unsigned int
05D6 05DC             (           main.s):06509                 FDB     $05DC           decimal 1500
                      (           main.s):06510         * Element 700 of array, of type const unsigned int
05D8 05D9             (           main.s):06511                 FDB     $05D9           decimal 1497
                      (           main.s):06512         * Element 701 of array, of type const unsigned int
05DA 05D7             (           main.s):06513                 FDB     $05D7           decimal 1495
                      (           main.s):06514         * Element 702 of array, of type const unsigned int
05DC 05D5             (           main.s):06515                 FDB     $05D5           decimal 1493
                      (           main.s):06516         * Element 703 of array, of type const unsigned int
05DE 05D3             (           main.s):06517                 FDB     $05D3           decimal 1491
                      (           main.s):06518         * Element 704 of array, of type const unsigned int
05E0 05D1             (           main.s):06519                 FDB     $05D1           decimal 1489
                      (           main.s):06520         * Element 705 of array, of type const unsigned int
05E2 05CF             (           main.s):06521                 FDB     $05CF           decimal 1487
                      (           main.s):06522         * Element 706 of array, of type const unsigned int
05E4 05CD             (           main.s):06523                 FDB     $05CD           decimal 1485
                      (           main.s):06524         * Element 707 of array, of type const unsigned int
05E6 05CB             (           main.s):06525                 FDB     $05CB           decimal 1483
                      (           main.s):06526         * Element 708 of array, of type const unsigned int
05E8 05C9             (           main.s):06527                 FDB     $05C9           decimal 1481
                      (           main.s):06528         * Element 709 of array, of type const unsigned int
05EA 05C6             (           main.s):06529                 FDB     $05C6           decimal 1478
                      (           main.s):06530         * Element 710 of array, of type const unsigned int
05EC 05C4             (           main.s):06531                 FDB     $05C4           decimal 1476
                      (           main.s):06532         * Element 711 of array, of type const unsigned int
05EE 05C2             (           main.s):06533                 FDB     $05C2           decimal 1474
                      (           main.s):06534         * Element 712 of array, of type const unsigned int
05F0 05C0             (           main.s):06535                 FDB     $05C0           decimal 1472
                      (           main.s):06536         * Element 713 of array, of type const unsigned int
05F2 05BE             (           main.s):06537                 FDB     $05BE           decimal 1470
                      (           main.s):06538         * Element 714 of array, of type const unsigned int
05F4 05BC             (           main.s):06539                 FDB     $05BC           decimal 1468
                      (           main.s):06540         * Element 715 of array, of type const unsigned int
05F6 05BA             (           main.s):06541                 FDB     $05BA           decimal 1466
                      (           main.s):06542         * Element 716 of array, of type const unsigned int
05F8 05B8             (           main.s):06543                 FDB     $05B8           decimal 1464
                      (           main.s):06544         * Element 717 of array, of type const unsigned int
05FA 05B6             (           main.s):06545                 FDB     $05B6           decimal 1462
                      (           main.s):06546         * Element 718 of array, of type const unsigned int
05FC 05B4             (           main.s):06547                 FDB     $05B4           decimal 1460
                      (           main.s):06548         * Element 719 of array, of type const unsigned int
05FE 05B2             (           main.s):06549                 FDB     $05B2           decimal 1458
                      (           main.s):06550         * Element 720 of array, of type const unsigned int
0600 05B0             (           main.s):06551                 FDB     $05B0           decimal 1456
                      (           main.s):06552         * Element 721 of array, of type const unsigned int
0602 05AE             (           main.s):06553                 FDB     $05AE           decimal 1454
                      (           main.s):06554         * Element 722 of array, of type const unsigned int
0604 05AC             (           main.s):06555                 FDB     $05AC           decimal 1452
                      (           main.s):06556         * Element 723 of array, of type const unsigned int
0606 05AA             (           main.s):06557                 FDB     $05AA           decimal 1450
                      (           main.s):06558         * Element 724 of array, of type const unsigned int
0608 05A8             (           main.s):06559                 FDB     $05A8           decimal 1448
                      (           main.s):06560         * Element 725 of array, of type const unsigned int
060A 05A6             (           main.s):06561                 FDB     $05A6           decimal 1446
                      (           main.s):06562         * Element 726 of array, of type const unsigned int
060C 05A4             (           main.s):06563                 FDB     $05A4           decimal 1444
                      (           main.s):06564         * Element 727 of array, of type const unsigned int
060E 05A2             (           main.s):06565                 FDB     $05A2           decimal 1442
                      (           main.s):06566         * Element 728 of array, of type const unsigned int
0610 05A0             (           main.s):06567                 FDB     $05A0           decimal 1440
                      (           main.s):06568         * Element 729 of array, of type const unsigned int
0612 059E             (           main.s):06569                 FDB     $059E           decimal 1438
                      (           main.s):06570         * Element 730 of array, of type const unsigned int
0614 059C             (           main.s):06571                 FDB     $059C           decimal 1436
                      (           main.s):06572         * Element 731 of array, of type const unsigned int
0616 059A             (           main.s):06573                 FDB     $059A           decimal 1434
                      (           main.s):06574         * Element 732 of array, of type const unsigned int
0618 0598             (           main.s):06575                 FDB     $0598           decimal 1432
                      (           main.s):06576         * Element 733 of array, of type const unsigned int
061A 0596             (           main.s):06577                 FDB     $0596           decimal 1430
                      (           main.s):06578         * Element 734 of array, of type const unsigned int
061C 0594             (           main.s):06579                 FDB     $0594           decimal 1428
                      (           main.s):06580         * Element 735 of array, of type const unsigned int
061E 0592             (           main.s):06581                 FDB     $0592           decimal 1426
                      (           main.s):06582         * Element 736 of array, of type const unsigned int
0620 0590             (           main.s):06583                 FDB     $0590           decimal 1424
                      (           main.s):06584         * Element 737 of array, of type const unsigned int
0622 058E             (           main.s):06585                 FDB     $058E           decimal 1422
                      (           main.s):06586         * Element 738 of array, of type const unsigned int
0624 058C             (           main.s):06587                 FDB     $058C           decimal 1420
                      (           main.s):06588         * Element 739 of array, of type const unsigned int
0626 058A             (           main.s):06589                 FDB     $058A           decimal 1418
                      (           main.s):06590         * Element 740 of array, of type const unsigned int
0628 0588             (           main.s):06591                 FDB     $0588           decimal 1416
                      (           main.s):06592         * Element 741 of array, of type const unsigned int
062A 0587             (           main.s):06593                 FDB     $0587           decimal 1415
                      (           main.s):06594         * Element 742 of array, of type const unsigned int
062C 0585             (           main.s):06595                 FDB     $0585           decimal 1413
                      (           main.s):06596         * Element 743 of array, of type const unsigned int
062E 0583             (           main.s):06597                 FDB     $0583           decimal 1411
                      (           main.s):06598         * Element 744 of array, of type const unsigned int
0630 0581             (           main.s):06599                 FDB     $0581           decimal 1409
                      (           main.s):06600         * Element 745 of array, of type const unsigned int
0632 057F             (           main.s):06601                 FDB     $057F           decimal 1407
                      (           main.s):06602         * Element 746 of array, of type const unsigned int
0634 057D             (           main.s):06603                 FDB     $057D           decimal 1405
                      (           main.s):06604         * Element 747 of array, of type const unsigned int
0636 057B             (           main.s):06605                 FDB     $057B           decimal 1403
                      (           main.s):06606         * Element 748 of array, of type const unsigned int
0638 0579             (           main.s):06607                 FDB     $0579           decimal 1401
                      (           main.s):06608         * Element 749 of array, of type const unsigned int
063A 0577             (           main.s):06609                 FDB     $0577           decimal 1399
                      (           main.s):06610         * Element 750 of array, of type const unsigned int
063C 0576             (           main.s):06611                 FDB     $0576           decimal 1398
                      (           main.s):06612         * Element 751 of array, of type const unsigned int
063E 0574             (           main.s):06613                 FDB     $0574           decimal 1396
                      (           main.s):06614         * Element 752 of array, of type const unsigned int
0640 0572             (           main.s):06615                 FDB     $0572           decimal 1394
                      (           main.s):06616         * Element 753 of array, of type const unsigned int
0642 0570             (           main.s):06617                 FDB     $0570           decimal 1392
                      (           main.s):06618         * Element 754 of array, of type const unsigned int
0644 056E             (           main.s):06619                 FDB     $056E           decimal 1390
                      (           main.s):06620         * Element 755 of array, of type const unsigned int
0646 056C             (           main.s):06621                 FDB     $056C           decimal 1388
                      (           main.s):06622         * Element 756 of array, of type const unsigned int
0648 056A             (           main.s):06623                 FDB     $056A           decimal 1386
                      (           main.s):06624         * Element 757 of array, of type const unsigned int
064A 0569             (           main.s):06625                 FDB     $0569           decimal 1385
                      (           main.s):06626         * Element 758 of array, of type const unsigned int
064C 0567             (           main.s):06627                 FDB     $0567           decimal 1383
                      (           main.s):06628         * Element 759 of array, of type const unsigned int
064E 0565             (           main.s):06629                 FDB     $0565           decimal 1381
                      (           main.s):06630         * Element 760 of array, of type const unsigned int
0650 0563             (           main.s):06631                 FDB     $0563           decimal 1379
                      (           main.s):06632         * Element 761 of array, of type const unsigned int
0652 0561             (           main.s):06633                 FDB     $0561           decimal 1377
                      (           main.s):06634         * Element 762 of array, of type const unsigned int
0654 0560             (           main.s):06635                 FDB     $0560           decimal 1376
                      (           main.s):06636         * Element 763 of array, of type const unsigned int
0656 055E             (           main.s):06637                 FDB     $055E           decimal 1374
                      (           main.s):06638         * Element 764 of array, of type const unsigned int
0658 055C             (           main.s):06639                 FDB     $055C           decimal 1372
                      (           main.s):06640         * Element 765 of array, of type const unsigned int
065A 055A             (           main.s):06641                 FDB     $055A           decimal 1370
                      (           main.s):06642         * Element 766 of array, of type const unsigned int
065C 0558             (           main.s):06643                 FDB     $0558           decimal 1368
                      (           main.s):06644         * Element 767 of array, of type const unsigned int
065E 0557             (           main.s):06645                 FDB     $0557           decimal 1367
                      (           main.s):06646         * Element 768 of array, of type const unsigned int
0660 0555             (           main.s):06647                 FDB     $0555           decimal 1365
                      (           main.s):06648         * Element 769 of array, of type const unsigned int
0662 0553             (           main.s):06649                 FDB     $0553           decimal 1363
                      (           main.s):06650         * Element 770 of array, of type const unsigned int
0664 0551             (           main.s):06651                 FDB     $0551           decimal 1361
                      (           main.s):06652         * Element 771 of array, of type const unsigned int
0666 0550             (           main.s):06653                 FDB     $0550           decimal 1360
                      (           main.s):06654         * Element 772 of array, of type const unsigned int
0668 054E             (           main.s):06655                 FDB     $054E           decimal 1358
                      (           main.s):06656         * Element 773 of array, of type const unsigned int
066A 054C             (           main.s):06657                 FDB     $054C           decimal 1356
                      (           main.s):06658         * Element 774 of array, of type const unsigned int
066C 054A             (           main.s):06659                 FDB     $054A           decimal 1354
                      (           main.s):06660         * Element 775 of array, of type const unsigned int
066E 0548             (           main.s):06661                 FDB     $0548           decimal 1352
                      (           main.s):06662         * Element 776 of array, of type const unsigned int
0670 0547             (           main.s):06663                 FDB     $0547           decimal 1351
                      (           main.s):06664         * Element 777 of array, of type const unsigned int
0672 0545             (           main.s):06665                 FDB     $0545           decimal 1349
                      (           main.s):06666         * Element 778 of array, of type const unsigned int
0674 0543             (           main.s):06667                 FDB     $0543           decimal 1347
                      (           main.s):06668         * Element 779 of array, of type const unsigned int
0676 0542             (           main.s):06669                 FDB     $0542           decimal 1346
                      (           main.s):06670         * Element 780 of array, of type const unsigned int
0678 0540             (           main.s):06671                 FDB     $0540           decimal 1344
                      (           main.s):06672         * Element 781 of array, of type const unsigned int
067A 053E             (           main.s):06673                 FDB     $053E           decimal 1342
                      (           main.s):06674         * Element 782 of array, of type const unsigned int
067C 053C             (           main.s):06675                 FDB     $053C           decimal 1340
                      (           main.s):06676         * Element 783 of array, of type const unsigned int
067E 053B             (           main.s):06677                 FDB     $053B           decimal 1339
                      (           main.s):06678         * Element 784 of array, of type const unsigned int
0680 0539             (           main.s):06679                 FDB     $0539           decimal 1337
                      (           main.s):06680         * Element 785 of array, of type const unsigned int
0682 0537             (           main.s):06681                 FDB     $0537           decimal 1335
                      (           main.s):06682         * Element 786 of array, of type const unsigned int
0684 0536             (           main.s):06683                 FDB     $0536           decimal 1334
                      (           main.s):06684         * Element 787 of array, of type const unsigned int
0686 0534             (           main.s):06685                 FDB     $0534           decimal 1332
                      (           main.s):06686         * Element 788 of array, of type const unsigned int
0688 0532             (           main.s):06687                 FDB     $0532           decimal 1330
                      (           main.s):06688         * Element 789 of array, of type const unsigned int
068A 0530             (           main.s):06689                 FDB     $0530           decimal 1328
                      (           main.s):06690         * Element 790 of array, of type const unsigned int
068C 052F             (           main.s):06691                 FDB     $052F           decimal 1327
                      (           main.s):06692         * Element 791 of array, of type const unsigned int
068E 052D             (           main.s):06693                 FDB     $052D           decimal 1325
                      (           main.s):06694         * Element 792 of array, of type const unsigned int
0690 052B             (           main.s):06695                 FDB     $052B           decimal 1323
                      (           main.s):06696         * Element 793 of array, of type const unsigned int
0692 052A             (           main.s):06697                 FDB     $052A           decimal 1322
                      (           main.s):06698         * Element 794 of array, of type const unsigned int
0694 0528             (           main.s):06699                 FDB     $0528           decimal 1320
                      (           main.s):06700         * Element 795 of array, of type const unsigned int
0696 0526             (           main.s):06701                 FDB     $0526           decimal 1318
                      (           main.s):06702         * Element 796 of array, of type const unsigned int
0698 0525             (           main.s):06703                 FDB     $0525           decimal 1317
                      (           main.s):06704         * Element 797 of array, of type const unsigned int
069A 0523             (           main.s):06705                 FDB     $0523           decimal 1315
                      (           main.s):06706         * Element 798 of array, of type const unsigned int
069C 0521             (           main.s):06707                 FDB     $0521           decimal 1313
                      (           main.s):06708         * Element 799 of array, of type const unsigned int
069E 0520             (           main.s):06709                 FDB     $0520           decimal 1312
                      (           main.s):06710         * Element 800 of array, of type const unsigned int
06A0 051E             (           main.s):06711                 FDB     $051E           decimal 1310
                      (           main.s):06712         * Element 801 of array, of type const unsigned int
06A2 051D             (           main.s):06713                 FDB     $051D           decimal 1309
                      (           main.s):06714         * Element 802 of array, of type const unsigned int
06A4 051B             (           main.s):06715                 FDB     $051B           decimal 1307
                      (           main.s):06716         * Element 803 of array, of type const unsigned int
06A6 0519             (           main.s):06717                 FDB     $0519           decimal 1305
                      (           main.s):06718         * Element 804 of array, of type const unsigned int
06A8 0518             (           main.s):06719                 FDB     $0518           decimal 1304
                      (           main.s):06720         * Element 805 of array, of type const unsigned int
06AA 0516             (           main.s):06721                 FDB     $0516           decimal 1302
                      (           main.s):06722         * Element 806 of array, of type const unsigned int
06AC 0514             (           main.s):06723                 FDB     $0514           decimal 1300
                      (           main.s):06724         * Element 807 of array, of type const unsigned int
06AE 0513             (           main.s):06725                 FDB     $0513           decimal 1299
                      (           main.s):06726         * Element 808 of array, of type const unsigned int
06B0 0511             (           main.s):06727                 FDB     $0511           decimal 1297
                      (           main.s):06728         * Element 809 of array, of type const unsigned int
06B2 0510             (           main.s):06729                 FDB     $0510           decimal 1296
                      (           main.s):06730         * Element 810 of array, of type const unsigned int
06B4 050E             (           main.s):06731                 FDB     $050E           decimal 1294
                      (           main.s):06732         * Element 811 of array, of type const unsigned int
06B6 050C             (           main.s):06733                 FDB     $050C           decimal 1292
                      (           main.s):06734         * Element 812 of array, of type const unsigned int
06B8 050B             (           main.s):06735                 FDB     $050B           decimal 1291
                      (           main.s):06736         * Element 813 of array, of type const unsigned int
06BA 0509             (           main.s):06737                 FDB     $0509           decimal 1289
                      (           main.s):06738         * Element 814 of array, of type const unsigned int
06BC 0508             (           main.s):06739                 FDB     $0508           decimal 1288
                      (           main.s):06740         * Element 815 of array, of type const unsigned int
06BE 0506             (           main.s):06741                 FDB     $0506           decimal 1286
                      (           main.s):06742         * Element 816 of array, of type const unsigned int
06C0 0505             (           main.s):06743                 FDB     $0505           decimal 1285
                      (           main.s):06744         * Element 817 of array, of type const unsigned int
06C2 0503             (           main.s):06745                 FDB     $0503           decimal 1283
                      (           main.s):06746         * Element 818 of array, of type const unsigned int
06C4 0501             (           main.s):06747                 FDB     $0501           decimal 1281
                      (           main.s):06748         * Element 819 of array, of type const unsigned int
06C6 0500             (           main.s):06749                 FDB     $0500           decimal 1280
                      (           main.s):06750         * Element 820 of array, of type const unsigned int
06C8 04FE             (           main.s):06751                 FDB     $04FE           decimal 1278
                      (           main.s):06752         * Element 821 of array, of type const unsigned int
06CA 04FD             (           main.s):06753                 FDB     $04FD           decimal 1277
                      (           main.s):06754         * Element 822 of array, of type const unsigned int
06CC 04FB             (           main.s):06755                 FDB     $04FB           decimal 1275
                      (           main.s):06756         * Element 823 of array, of type const unsigned int
06CE 04FA             (           main.s):06757                 FDB     $04FA           decimal 1274
                      (           main.s):06758         * Element 824 of array, of type const unsigned int
06D0 04F8             (           main.s):06759                 FDB     $04F8           decimal 1272
                      (           main.s):06760         * Element 825 of array, of type const unsigned int
06D2 04F6             (           main.s):06761                 FDB     $04F6           decimal 1270
                      (           main.s):06762         * Element 826 of array, of type const unsigned int
06D4 04F5             (           main.s):06763                 FDB     $04F5           decimal 1269
                      (           main.s):06764         * Element 827 of array, of type const unsigned int
06D6 04F3             (           main.s):06765                 FDB     $04F3           decimal 1267
                      (           main.s):06766         * Element 828 of array, of type const unsigned int
06D8 04F2             (           main.s):06767                 FDB     $04F2           decimal 1266
                      (           main.s):06768         * Element 829 of array, of type const unsigned int
06DA 04F0             (           main.s):06769                 FDB     $04F0           decimal 1264
                      (           main.s):06770         * Element 830 of array, of type const unsigned int
06DC 04EF             (           main.s):06771                 FDB     $04EF           decimal 1263
                      (           main.s):06772         * Element 831 of array, of type const unsigned int
06DE 04ED             (           main.s):06773                 FDB     $04ED           decimal 1261
                      (           main.s):06774         * Element 832 of array, of type const unsigned int
06E0 04EC             (           main.s):06775                 FDB     $04EC           decimal 1260
                      (           main.s):06776         * Element 833 of array, of type const unsigned int
06E2 04EA             (           main.s):06777                 FDB     $04EA           decimal 1258
                      (           main.s):06778         * Element 834 of array, of type const unsigned int
06E4 04E9             (           main.s):06779                 FDB     $04E9           decimal 1257
                      (           main.s):06780         * Element 835 of array, of type const unsigned int
06E6 04E7             (           main.s):06781                 FDB     $04E7           decimal 1255
                      (           main.s):06782         * Element 836 of array, of type const unsigned int
06E8 04E6             (           main.s):06783                 FDB     $04E6           decimal 1254
                      (           main.s):06784         * Element 837 of array, of type const unsigned int
06EA 04E4             (           main.s):06785                 FDB     $04E4           decimal 1252
                      (           main.s):06786         * Element 838 of array, of type const unsigned int
06EC 04E3             (           main.s):06787                 FDB     $04E3           decimal 1251
                      (           main.s):06788         * Element 839 of array, of type const unsigned int
06EE 04E1             (           main.s):06789                 FDB     $04E1           decimal 1249
                      (           main.s):06790         * Element 840 of array, of type const unsigned int
06F0 04E0             (           main.s):06791                 FDB     $04E0           decimal 1248
                      (           main.s):06792         * Element 841 of array, of type const unsigned int
06F2 04DE             (           main.s):06793                 FDB     $04DE           decimal 1246
                      (           main.s):06794         * Element 842 of array, of type const unsigned int
06F4 04DD             (           main.s):06795                 FDB     $04DD           decimal 1245
                      (           main.s):06796         * Element 843 of array, of type const unsigned int
06F6 04DB             (           main.s):06797                 FDB     $04DB           decimal 1243
                      (           main.s):06798         * Element 844 of array, of type const unsigned int
06F8 04DA             (           main.s):06799                 FDB     $04DA           decimal 1242
                      (           main.s):06800         * Element 845 of array, of type const unsigned int
06FA 04D8             (           main.s):06801                 FDB     $04D8           decimal 1240
                      (           main.s):06802         * Element 846 of array, of type const unsigned int
06FC 04D7             (           main.s):06803                 FDB     $04D7           decimal 1239
                      (           main.s):06804         * Element 847 of array, of type const unsigned int
06FE 04D5             (           main.s):06805                 FDB     $04D5           decimal 1237
                      (           main.s):06806         * Element 848 of array, of type const unsigned int
0700 04D4             (           main.s):06807                 FDB     $04D4           decimal 1236
                      (           main.s):06808         * Element 849 of array, of type const unsigned int
0702 04D3             (           main.s):06809                 FDB     $04D3           decimal 1235
                      (           main.s):06810         * Element 850 of array, of type const unsigned int
0704 04D1             (           main.s):06811                 FDB     $04D1           decimal 1233
                      (           main.s):06812         * Element 851 of array, of type const unsigned int
0706 04D0             (           main.s):06813                 FDB     $04D0           decimal 1232
                      (           main.s):06814         * Element 852 of array, of type const unsigned int
0708 04CE             (           main.s):06815                 FDB     $04CE           decimal 1230
                      (           main.s):06816         * Element 853 of array, of type const unsigned int
070A 04CD             (           main.s):06817                 FDB     $04CD           decimal 1229
                      (           main.s):06818         * Element 854 of array, of type const unsigned int
070C 04CB             (           main.s):06819                 FDB     $04CB           decimal 1227
                      (           main.s):06820         * Element 855 of array, of type const unsigned int
070E 04CA             (           main.s):06821                 FDB     $04CA           decimal 1226
                      (           main.s):06822         * Element 856 of array, of type const unsigned int
0710 04C8             (           main.s):06823                 FDB     $04C8           decimal 1224
                      (           main.s):06824         * Element 857 of array, of type const unsigned int
0712 04C7             (           main.s):06825                 FDB     $04C7           decimal 1223
                      (           main.s):06826         * Element 858 of array, of type const unsigned int
0714 04C6             (           main.s):06827                 FDB     $04C6           decimal 1222
                      (           main.s):06828         * Element 859 of array, of type const unsigned int
0716 04C4             (           main.s):06829                 FDB     $04C4           decimal 1220
                      (           main.s):06830         * Element 860 of array, of type const unsigned int
0718 04C3             (           main.s):06831                 FDB     $04C3           decimal 1219
                      (           main.s):06832         * Element 861 of array, of type const unsigned int
071A 04C1             (           main.s):06833                 FDB     $04C1           decimal 1217
                      (           main.s):06834         * Element 862 of array, of type const unsigned int
071C 04C0             (           main.s):06835                 FDB     $04C0           decimal 1216
                      (           main.s):06836         * Element 863 of array, of type const unsigned int
071E 04BF             (           main.s):06837                 FDB     $04BF           decimal 1215
                      (           main.s):06838         * Element 864 of array, of type const unsigned int
0720 04BD             (           main.s):06839                 FDB     $04BD           decimal 1213
                      (           main.s):06840         * Element 865 of array, of type const unsigned int
0722 04BC             (           main.s):06841                 FDB     $04BC           decimal 1212
                      (           main.s):06842         * Element 866 of array, of type const unsigned int
0724 04BA             (           main.s):06843                 FDB     $04BA           decimal 1210
                      (           main.s):06844         * Element 867 of array, of type const unsigned int
0726 04B9             (           main.s):06845                 FDB     $04B9           decimal 1209
                      (           main.s):06846         * Element 868 of array, of type const unsigned int
0728 04B8             (           main.s):06847                 FDB     $04B8           decimal 1208
                      (           main.s):06848         * Element 869 of array, of type const unsigned int
072A 04B6             (           main.s):06849                 FDB     $04B6           decimal 1206
                      (           main.s):06850         * Element 870 of array, of type const unsigned int
072C 04B5             (           main.s):06851                 FDB     $04B5           decimal 1205
                      (           main.s):06852         * Element 871 of array, of type const unsigned int
072E 04B3             (           main.s):06853                 FDB     $04B3           decimal 1203
                      (           main.s):06854         * Element 872 of array, of type const unsigned int
0730 04B2             (           main.s):06855                 FDB     $04B2           decimal 1202
                      (           main.s):06856         * Element 873 of array, of type const unsigned int
0732 04B1             (           main.s):06857                 FDB     $04B1           decimal 1201
                      (           main.s):06858         * Element 874 of array, of type const unsigned int
0734 04AF             (           main.s):06859                 FDB     $04AF           decimal 1199
                      (           main.s):06860         * Element 875 of array, of type const unsigned int
0736 04AE             (           main.s):06861                 FDB     $04AE           decimal 1198
                      (           main.s):06862         * Element 876 of array, of type const unsigned int
0738 04AC             (           main.s):06863                 FDB     $04AC           decimal 1196
                      (           main.s):06864         * Element 877 of array, of type const unsigned int
073A 04AB             (           main.s):06865                 FDB     $04AB           decimal 1195
                      (           main.s):06866         * Element 878 of array, of type const unsigned int
073C 04AA             (           main.s):06867                 FDB     $04AA           decimal 1194
                      (           main.s):06868         * Element 879 of array, of type const unsigned int
073E 04A8             (           main.s):06869                 FDB     $04A8           decimal 1192
                      (           main.s):06870         * Element 880 of array, of type const unsigned int
0740 04A7             (           main.s):06871                 FDB     $04A7           decimal 1191
                      (           main.s):06872         * Element 881 of array, of type const unsigned int
0742 04A6             (           main.s):06873                 FDB     $04A6           decimal 1190
                      (           main.s):06874         * Element 882 of array, of type const unsigned int
0744 04A4             (           main.s):06875                 FDB     $04A4           decimal 1188
                      (           main.s):06876         * Element 883 of array, of type const unsigned int
0746 04A3             (           main.s):06877                 FDB     $04A3           decimal 1187
                      (           main.s):06878         * Element 884 of array, of type const unsigned int
0748 04A2             (           main.s):06879                 FDB     $04A2           decimal 1186
                      (           main.s):06880         * Element 885 of array, of type const unsigned int
074A 04A0             (           main.s):06881                 FDB     $04A0           decimal 1184
                      (           main.s):06882         * Element 886 of array, of type const unsigned int
074C 049F             (           main.s):06883                 FDB     $049F           decimal 1183
                      (           main.s):06884         * Element 887 of array, of type const unsigned int
074E 049E             (           main.s):06885                 FDB     $049E           decimal 1182
                      (           main.s):06886         * Element 888 of array, of type const unsigned int
0750 049C             (           main.s):06887                 FDB     $049C           decimal 1180
                      (           main.s):06888         * Element 889 of array, of type const unsigned int
0752 049B             (           main.s):06889                 FDB     $049B           decimal 1179
                      (           main.s):06890         * Element 890 of array, of type const unsigned int
0754 049A             (           main.s):06891                 FDB     $049A           decimal 1178
                      (           main.s):06892         * Element 891 of array, of type const unsigned int
0756 0498             (           main.s):06893                 FDB     $0498           decimal 1176
                      (           main.s):06894         * Element 892 of array, of type const unsigned int
0758 0497             (           main.s):06895                 FDB     $0497           decimal 1175
                      (           main.s):06896         * Element 893 of array, of type const unsigned int
075A 0496             (           main.s):06897                 FDB     $0496           decimal 1174
                      (           main.s):06898         * Element 894 of array, of type const unsigned int
075C 0494             (           main.s):06899                 FDB     $0494           decimal 1172
                      (           main.s):06900         * Element 895 of array, of type const unsigned int
075E 0493             (           main.s):06901                 FDB     $0493           decimal 1171
                      (           main.s):06902         * Element 896 of array, of type const unsigned int
0760 0492             (           main.s):06903                 FDB     $0492           decimal 1170
                      (           main.s):06904         * Element 897 of array, of type const unsigned int
0762 0490             (           main.s):06905                 FDB     $0490           decimal 1168
                      (           main.s):06906         * Element 898 of array, of type const unsigned int
0764 048F             (           main.s):06907                 FDB     $048F           decimal 1167
                      (           main.s):06908         * Element 899 of array, of type const unsigned int
0766 048E             (           main.s):06909                 FDB     $048E           decimal 1166
                      (           main.s):06910         * Element 900 of array, of type const unsigned int
0768 048D             (           main.s):06911                 FDB     $048D           decimal 1165
                      (           main.s):06912         * Element 901 of array, of type const unsigned int
076A 048B             (           main.s):06913                 FDB     $048B           decimal 1163
                      (           main.s):06914         * Element 902 of array, of type const unsigned int
076C 048A             (           main.s):06915                 FDB     $048A           decimal 1162
                      (           main.s):06916         * Element 903 of array, of type const unsigned int
076E 0489             (           main.s):06917                 FDB     $0489           decimal 1161
                      (           main.s):06918         * Element 904 of array, of type const unsigned int
0770 0487             (           main.s):06919                 FDB     $0487           decimal 1159
                      (           main.s):06920         * Element 905 of array, of type const unsigned int
0772 0486             (           main.s):06921                 FDB     $0486           decimal 1158
                      (           main.s):06922         * Element 906 of array, of type const unsigned int
0774 0485             (           main.s):06923                 FDB     $0485           decimal 1157
                      (           main.s):06924         * Element 907 of array, of type const unsigned int
0776 0484             (           main.s):06925                 FDB     $0484           decimal 1156
                      (           main.s):06926         * Element 908 of array, of type const unsigned int
0778 0482             (           main.s):06927                 FDB     $0482           decimal 1154
                      (           main.s):06928         * Element 909 of array, of type const unsigned int
077A 0481             (           main.s):06929                 FDB     $0481           decimal 1153
                      (           main.s):06930         * Element 910 of array, of type const unsigned int
077C 0480             (           main.s):06931                 FDB     $0480           decimal 1152
                      (           main.s):06932         * Element 911 of array, of type const unsigned int
077E 047E             (           main.s):06933                 FDB     $047E           decimal 1150
                      (           main.s):06934         * Element 912 of array, of type const unsigned int
0780 047D             (           main.s):06935                 FDB     $047D           decimal 1149
                      (           main.s):06936         * Element 913 of array, of type const unsigned int
0782 047C             (           main.s):06937                 FDB     $047C           decimal 1148
                      (           main.s):06938         * Element 914 of array, of type const unsigned int
0784 047B             (           main.s):06939                 FDB     $047B           decimal 1147
                      (           main.s):06940         * Element 915 of array, of type const unsigned int
0786 0479             (           main.s):06941                 FDB     $0479           decimal 1145
                      (           main.s):06942         * Element 916 of array, of type const unsigned int
0788 0478             (           main.s):06943                 FDB     $0478           decimal 1144
                      (           main.s):06944         * Element 917 of array, of type const unsigned int
078A 0477             (           main.s):06945                 FDB     $0477           decimal 1143
                      (           main.s):06946         * Element 918 of array, of type const unsigned int
078C 0476             (           main.s):06947                 FDB     $0476           decimal 1142
                      (           main.s):06948         * Element 919 of array, of type const unsigned int
078E 0474             (           main.s):06949                 FDB     $0474           decimal 1140
                      (           main.s):06950         * Element 920 of array, of type const unsigned int
0790 0473             (           main.s):06951                 FDB     $0473           decimal 1139
                      (           main.s):06952         * Element 921 of array, of type const unsigned int
0792 0472             (           main.s):06953                 FDB     $0472           decimal 1138
                      (           main.s):06954         * Element 922 of array, of type const unsigned int
0794 0471             (           main.s):06955                 FDB     $0471           decimal 1137
                      (           main.s):06956         * Element 923 of array, of type const unsigned int
0796 0470             (           main.s):06957                 FDB     $0470           decimal 1136
                      (           main.s):06958         * Element 924 of array, of type const unsigned int
0798 046E             (           main.s):06959                 FDB     $046E           decimal 1134
                      (           main.s):06960         * Element 925 of array, of type const unsigned int
079A 046D             (           main.s):06961                 FDB     $046D           decimal 1133
                      (           main.s):06962         * Element 926 of array, of type const unsigned int
079C 046C             (           main.s):06963                 FDB     $046C           decimal 1132
                      (           main.s):06964         * Element 927 of array, of type const unsigned int
079E 046B             (           main.s):06965                 FDB     $046B           decimal 1131
                      (           main.s):06966         * Element 928 of array, of type const unsigned int
07A0 0469             (           main.s):06967                 FDB     $0469           decimal 1129
                      (           main.s):06968         * Element 929 of array, of type const unsigned int
07A2 0468             (           main.s):06969                 FDB     $0468           decimal 1128
                      (           main.s):06970         * Element 930 of array, of type const unsigned int
07A4 0467             (           main.s):06971                 FDB     $0467           decimal 1127
                      (           main.s):06972         * Element 931 of array, of type const unsigned int
07A6 0466             (           main.s):06973                 FDB     $0466           decimal 1126
                      (           main.s):06974         * Element 932 of array, of type const unsigned int
07A8 0465             (           main.s):06975                 FDB     $0465           decimal 1125
                      (           main.s):06976         * Element 933 of array, of type const unsigned int
07AA 0463             (           main.s):06977                 FDB     $0463           decimal 1123
                      (           main.s):06978         * Element 934 of array, of type const unsigned int
07AC 0462             (           main.s):06979                 FDB     $0462           decimal 1122
                      (           main.s):06980         * Element 935 of array, of type const unsigned int
07AE 0461             (           main.s):06981                 FDB     $0461           decimal 1121
                      (           main.s):06982         * Element 936 of array, of type const unsigned int
07B0 0460             (           main.s):06983                 FDB     $0460           decimal 1120
                      (           main.s):06984         * Element 937 of array, of type const unsigned int
07B2 045F             (           main.s):06985                 FDB     $045F           decimal 1119
                      (           main.s):06986         * Element 938 of array, of type const unsigned int
07B4 045D             (           main.s):06987                 FDB     $045D           decimal 1117
                      (           main.s):06988         * Element 939 of array, of type const unsigned int
07B6 045C             (           main.s):06989                 FDB     $045C           decimal 1116
                      (           main.s):06990         * Element 940 of array, of type const unsigned int
07B8 045B             (           main.s):06991                 FDB     $045B           decimal 1115
                      (           main.s):06992         * Element 941 of array, of type const unsigned int
07BA 045A             (           main.s):06993                 FDB     $045A           decimal 1114
                      (           main.s):06994         * Element 942 of array, of type const unsigned int
07BC 0459             (           main.s):06995                 FDB     $0459           decimal 1113
                      (           main.s):06996         * Element 943 of array, of type const unsigned int
07BE 0457             (           main.s):06997                 FDB     $0457           decimal 1111
                      (           main.s):06998         * Element 944 of array, of type const unsigned int
07C0 0456             (           main.s):06999                 FDB     $0456           decimal 1110
                      (           main.s):07000         * Element 945 of array, of type const unsigned int
07C2 0455             (           main.s):07001                 FDB     $0455           decimal 1109
                      (           main.s):07002         * Element 946 of array, of type const unsigned int
07C4 0454             (           main.s):07003                 FDB     $0454           decimal 1108
                      (           main.s):07004         * Element 947 of array, of type const unsigned int
07C6 0453             (           main.s):07005                 FDB     $0453           decimal 1107
                      (           main.s):07006         * Element 948 of array, of type const unsigned int
07C8 0452             (           main.s):07007                 FDB     $0452           decimal 1106
                      (           main.s):07008         * Element 949 of array, of type const unsigned int
07CA 0450             (           main.s):07009                 FDB     $0450           decimal 1104
                      (           main.s):07010         * Element 950 of array, of type const unsigned int
07CC 044F             (           main.s):07011                 FDB     $044F           decimal 1103
                      (           main.s):07012         * Element 951 of array, of type const unsigned int
07CE 044E             (           main.s):07013                 FDB     $044E           decimal 1102
                      (           main.s):07014         * Element 952 of array, of type const unsigned int
07D0 044D             (           main.s):07015                 FDB     $044D           decimal 1101
                      (           main.s):07016         * Element 953 of array, of type const unsigned int
07D2 044C             (           main.s):07017                 FDB     $044C           decimal 1100
                      (           main.s):07018         * Element 954 of array, of type const unsigned int
07D4 044B             (           main.s):07019                 FDB     $044B           decimal 1099
                      (           main.s):07020         * Element 955 of array, of type const unsigned int
07D6 0449             (           main.s):07021                 FDB     $0449           decimal 1097
                      (           main.s):07022         * Element 956 of array, of type const unsigned int
07D8 0448             (           main.s):07023                 FDB     $0448           decimal 1096
                      (           main.s):07024         * Element 957 of array, of type const unsigned int
07DA 0447             (           main.s):07025                 FDB     $0447           decimal 1095
                      (           main.s):07026         * Element 958 of array, of type const unsigned int
07DC 0446             (           main.s):07027                 FDB     $0446           decimal 1094
                      (           main.s):07028         * Element 959 of array, of type const unsigned int
07DE 0445             (           main.s):07029                 FDB     $0445           decimal 1093
                      (           main.s):07030         * Element 960 of array, of type const unsigned int
07E0 0444             (           main.s):07031                 FDB     $0444           decimal 1092
                      (           main.s):07032         * Element 961 of array, of type const unsigned int
07E2 0443             (           main.s):07033                 FDB     $0443           decimal 1091
                      (           main.s):07034         * Element 962 of array, of type const unsigned int
07E4 0441             (           main.s):07035                 FDB     $0441           decimal 1089
                      (           main.s):07036         * Element 963 of array, of type const unsigned int
07E6 0440             (           main.s):07037                 FDB     $0440           decimal 1088
                      (           main.s):07038         * Element 964 of array, of type const unsigned int
07E8 043F             (           main.s):07039                 FDB     $043F           decimal 1087
                      (           main.s):07040         * Element 965 of array, of type const unsigned int
07EA 043E             (           main.s):07041                 FDB     $043E           decimal 1086
                      (           main.s):07042         * Element 966 of array, of type const unsigned int
07EC 043D             (           main.s):07043                 FDB     $043D           decimal 1085
                      (           main.s):07044         * Element 967 of array, of type const unsigned int
07EE 043C             (           main.s):07045                 FDB     $043C           decimal 1084
                      (           main.s):07046         * Element 968 of array, of type const unsigned int
07F0 043B             (           main.s):07047                 FDB     $043B           decimal 1083
                      (           main.s):07048         * Element 969 of array, of type const unsigned int
07F2 043A             (           main.s):07049                 FDB     $043A           decimal 1082
                      (           main.s):07050         * Element 970 of array, of type const unsigned int
07F4 0438             (           main.s):07051                 FDB     $0438           decimal 1080
                      (           main.s):07052         * Element 971 of array, of type const unsigned int
07F6 0437             (           main.s):07053                 FDB     $0437           decimal 1079
                      (           main.s):07054         * Element 972 of array, of type const unsigned int
07F8 0436             (           main.s):07055                 FDB     $0436           decimal 1078
                      (           main.s):07056         * Element 973 of array, of type const unsigned int
07FA 0435             (           main.s):07057                 FDB     $0435           decimal 1077
                      (           main.s):07058         * Element 974 of array, of type const unsigned int
07FC 0434             (           main.s):07059                 FDB     $0434           decimal 1076
                      (           main.s):07060         * Element 975 of array, of type const unsigned int
07FE 0433             (           main.s):07061                 FDB     $0433           decimal 1075
                      (           main.s):07062         * Element 976 of array, of type const unsigned int
0800 0432             (           main.s):07063                 FDB     $0432           decimal 1074
                      (           main.s):07064         * Element 977 of array, of type const unsigned int
0802 0431             (           main.s):07065                 FDB     $0431           decimal 1073
                      (           main.s):07066         * Element 978 of array, of type const unsigned int
0804 0430             (           main.s):07067                 FDB     $0430           decimal 1072
                      (           main.s):07068         * Element 979 of array, of type const unsigned int
0806 042F             (           main.s):07069                 FDB     $042F           decimal 1071
                      (           main.s):07070         * Element 980 of array, of type const unsigned int
0808 042D             (           main.s):07071                 FDB     $042D           decimal 1069
                      (           main.s):07072         * Element 981 of array, of type const unsigned int
080A 042C             (           main.s):07073                 FDB     $042C           decimal 1068
                      (           main.s):07074         * Element 982 of array, of type const unsigned int
080C 042B             (           main.s):07075                 FDB     $042B           decimal 1067
                      (           main.s):07076         * Element 983 of array, of type const unsigned int
080E 042A             (           main.s):07077                 FDB     $042A           decimal 1066
                      (           main.s):07078         * Element 984 of array, of type const unsigned int
0810 0429             (           main.s):07079                 FDB     $0429           decimal 1065
                      (           main.s):07080         * Element 985 of array, of type const unsigned int
0812 0428             (           main.s):07081                 FDB     $0428           decimal 1064
                      (           main.s):07082         * Element 986 of array, of type const unsigned int
0814 0427             (           main.s):07083                 FDB     $0427           decimal 1063
                      (           main.s):07084         * Element 987 of array, of type const unsigned int
0816 0426             (           main.s):07085                 FDB     $0426           decimal 1062
                      (           main.s):07086         * Element 988 of array, of type const unsigned int
0818 0425             (           main.s):07087                 FDB     $0425           decimal 1061
                      (           main.s):07088         * Element 989 of array, of type const unsigned int
081A 0424             (           main.s):07089                 FDB     $0424           decimal 1060
                      (           main.s):07090         * Element 990 of array, of type const unsigned int
081C 0423             (           main.s):07091                 FDB     $0423           decimal 1059
                      (           main.s):07092         * Element 991 of array, of type const unsigned int
081E 0422             (           main.s):07093                 FDB     $0422           decimal 1058
                      (           main.s):07094         * Element 992 of array, of type const unsigned int
0820 0421             (           main.s):07095                 FDB     $0421           decimal 1057
                      (           main.s):07096         * Element 993 of array, of type const unsigned int
0822 041F             (           main.s):07097                 FDB     $041F           decimal 1055
                      (           main.s):07098         * Element 994 of array, of type const unsigned int
0824 041E             (           main.s):07099                 FDB     $041E           decimal 1054
                      (           main.s):07100         * Element 995 of array, of type const unsigned int
0826 041D             (           main.s):07101                 FDB     $041D           decimal 1053
                      (           main.s):07102         * Element 996 of array, of type const unsigned int
0828 041C             (           main.s):07103                 FDB     $041C           decimal 1052
                      (           main.s):07104         * Element 997 of array, of type const unsigned int
082A 041B             (           main.s):07105                 FDB     $041B           decimal 1051
                      (           main.s):07106         * Element 998 of array, of type const unsigned int
082C 041A             (           main.s):07107                 FDB     $041A           decimal 1050
                      (           main.s):07108         * Element 999 of array, of type const unsigned int
082E 0419             (           main.s):07109                 FDB     $0419           decimal 1049
                      (           main.s):07110         * Element 1000 of array, of type const unsigned int
0830 0418             (           main.s):07111                 FDB     $0418           decimal 1048
                      (           main.s):07112         * Element 1001 of array, of type const unsigned int
0832 0417             (           main.s):07113                 FDB     $0417           decimal 1047
                      (           main.s):07114         * Element 1002 of array, of type const unsigned int
0834 0416             (           main.s):07115                 FDB     $0416           decimal 1046
                      (           main.s):07116         * Element 1003 of array, of type const unsigned int
0836 0415             (           main.s):07117                 FDB     $0415           decimal 1045
                      (           main.s):07118         * Element 1004 of array, of type const unsigned int
0838 0414             (           main.s):07119                 FDB     $0414           decimal 1044
                      (           main.s):07120         * Element 1005 of array, of type const unsigned int
083A 0413             (           main.s):07121                 FDB     $0413           decimal 1043
                      (           main.s):07122         * Element 1006 of array, of type const unsigned int
083C 0412             (           main.s):07123                 FDB     $0412           decimal 1042
                      (           main.s):07124         * Element 1007 of array, of type const unsigned int
083E 0411             (           main.s):07125                 FDB     $0411           decimal 1041
                      (           main.s):07126         * Element 1008 of array, of type const unsigned int
0840 0410             (           main.s):07127                 FDB     $0410           decimal 1040
                      (           main.s):07128         * Element 1009 of array, of type const unsigned int
0842 040F             (           main.s):07129                 FDB     $040F           decimal 1039
                      (           main.s):07130         * Element 1010 of array, of type const unsigned int
0844 040E             (           main.s):07131                 FDB     $040E           decimal 1038
                      (           main.s):07132         * Element 1011 of array, of type const unsigned int
0846 040D             (           main.s):07133                 FDB     $040D           decimal 1037
                      (           main.s):07134         * Element 1012 of array, of type const unsigned int
0848 040C             (           main.s):07135                 FDB     $040C           decimal 1036
                      (           main.s):07136         * Element 1013 of array, of type const unsigned int
084A 040B             (           main.s):07137                 FDB     $040B           decimal 1035
                      (           main.s):07138         * Element 1014 of array, of type const unsigned int
084C 040A             (           main.s):07139                 FDB     $040A           decimal 1034
                      (           main.s):07140         * Element 1015 of array, of type const unsigned int
084E 0409             (           main.s):07141                 FDB     $0409           decimal 1033
                      (           main.s):07142         * Element 1016 of array, of type const unsigned int
0850 0408             (           main.s):07143                 FDB     $0408           decimal 1032
                      (           main.s):07144         * Element 1017 of array, of type const unsigned int
0852 0407             (           main.s):07145                 FDB     $0407           decimal 1031
                      (           main.s):07146         * Element 1018 of array, of type const unsigned int
0854 0406             (           main.s):07147                 FDB     $0406           decimal 1030
                      (           main.s):07148         * Element 1019 of array, of type const unsigned int
0856 0405             (           main.s):07149                 FDB     $0405           decimal 1029
                      (           main.s):07150         * Element 1020 of array, of type const unsigned int
0858 0404             (           main.s):07151                 FDB     $0404           decimal 1028
                      (           main.s):07152         * Element 1021 of array, of type const unsigned int
085A 0402             (           main.s):07153                 FDB     $0402           decimal 1026
                      (           main.s):07154         * Element 1022 of array, of type const unsigned int
085C 0401             (           main.s):07155                 FDB     $0401           decimal 1025
                      (           main.s):07156         * Element 1023 of array, of type const unsigned int
085E 0400             (           main.s):07157                 FDB     $0400           decimal 1024
                      (           main.s):07158         * Element 1024 of array, of type const unsigned int
0860 03FF             (           main.s):07159                 FDB     $03FF           decimal 1023
                      (           main.s):07160         * Element 1025 of array, of type const unsigned int
0862 03FE             (           main.s):07161                 FDB     $03FE           decimal 1022
                      (           main.s):07162         * Element 1026 of array, of type const unsigned int
0864 03FD             (           main.s):07163                 FDB     $03FD           decimal 1021
                      (           main.s):07164         * Element 1027 of array, of type const unsigned int
0866 03FC             (           main.s):07165                 FDB     $03FC           decimal 1020
                      (           main.s):07166         * Element 1028 of array, of type const unsigned int
0868 03FC             (           main.s):07167                 FDB     $03FC           decimal 1020
                      (           main.s):07168         * Element 1029 of array, of type const unsigned int
086A 03FB             (           main.s):07169                 FDB     $03FB           decimal 1019
                      (           main.s):07170         * Element 1030 of array, of type const unsigned int
086C 03FA             (           main.s):07171                 FDB     $03FA           decimal 1018
                      (           main.s):07172         * Element 1031 of array, of type const unsigned int
086E 03F9             (           main.s):07173                 FDB     $03F9           decimal 1017
                      (           main.s):07174         * Element 1032 of array, of type const unsigned int
0870 03F8             (           main.s):07175                 FDB     $03F8           decimal 1016
                      (           main.s):07176         * Element 1033 of array, of type const unsigned int
0872 03F7             (           main.s):07177                 FDB     $03F7           decimal 1015
                      (           main.s):07178         * Element 1034 of array, of type const unsigned int
0874 03F6             (           main.s):07179                 FDB     $03F6           decimal 1014
                      (           main.s):07180         * Element 1035 of array, of type const unsigned int
0876 03F5             (           main.s):07181                 FDB     $03F5           decimal 1013
                      (           main.s):07182         * Element 1036 of array, of type const unsigned int
0878 03F4             (           main.s):07183                 FDB     $03F4           decimal 1012
                      (           main.s):07184         * Element 1037 of array, of type const unsigned int
087A 03F3             (           main.s):07185                 FDB     $03F3           decimal 1011
                      (           main.s):07186         * Element 1038 of array, of type const unsigned int
087C 03F2             (           main.s):07187                 FDB     $03F2           decimal 1010
                      (           main.s):07188         * Element 1039 of array, of type const unsigned int
087E 03F1             (           main.s):07189                 FDB     $03F1           decimal 1009
                      (           main.s):07190         * Element 1040 of array, of type const unsigned int
0880 03F0             (           main.s):07191                 FDB     $03F0           decimal 1008
                      (           main.s):07192         * Element 1041 of array, of type const unsigned int
0882 03EF             (           main.s):07193                 FDB     $03EF           decimal 1007
                      (           main.s):07194         * Element 1042 of array, of type const unsigned int
0884 03EE             (           main.s):07195                 FDB     $03EE           decimal 1006
                      (           main.s):07196         * Element 1043 of array, of type const unsigned int
0886 03ED             (           main.s):07197                 FDB     $03ED           decimal 1005
                      (           main.s):07198         * Element 1044 of array, of type const unsigned int
0888 03EC             (           main.s):07199                 FDB     $03EC           decimal 1004
                      (           main.s):07200         * Element 1045 of array, of type const unsigned int
088A 03EB             (           main.s):07201                 FDB     $03EB           decimal 1003
                      (           main.s):07202         * Element 1046 of array, of type const unsigned int
088C 03EA             (           main.s):07203                 FDB     $03EA           decimal 1002
                      (           main.s):07204         * Element 1047 of array, of type const unsigned int
088E 03E9             (           main.s):07205                 FDB     $03E9           decimal 1001
                      (           main.s):07206         * Element 1048 of array, of type const unsigned int
0890 03E8             (           main.s):07207                 FDB     $03E8           decimal 1000
                      (           main.s):07208         * Element 1049 of array, of type const unsigned int
0892 03E7             (           main.s):07209                 FDB     $03E7           decimal 999
                      (           main.s):07210         * Element 1050 of array, of type const unsigned int
0894 03E6             (           main.s):07211                 FDB     $03E6           decimal 998
                      (           main.s):07212         * Element 1051 of array, of type const unsigned int
0896 03E5             (           main.s):07213                 FDB     $03E5           decimal 997
                      (           main.s):07214         * Element 1052 of array, of type const unsigned int
0898 03E4             (           main.s):07215                 FDB     $03E4           decimal 996
                      (           main.s):07216         * Element 1053 of array, of type const unsigned int
089A 03E3             (           main.s):07217                 FDB     $03E3           decimal 995
                      (           main.s):07218         * Element 1054 of array, of type const unsigned int
089C 03E2             (           main.s):07219                 FDB     $03E2           decimal 994
                      (           main.s):07220         * Element 1055 of array, of type const unsigned int
089E 03E1             (           main.s):07221                 FDB     $03E1           decimal 993
                      (           main.s):07222         * Element 1056 of array, of type const unsigned int
08A0 03E0             (           main.s):07223                 FDB     $03E0           decimal 992
                      (           main.s):07224         * Element 1057 of array, of type const unsigned int
08A2 03E0             (           main.s):07225                 FDB     $03E0           decimal 992
                      (           main.s):07226         * Element 1058 of array, of type const unsigned int
08A4 03DF             (           main.s):07227                 FDB     $03DF           decimal 991
                      (           main.s):07228         * Element 1059 of array, of type const unsigned int
08A6 03DE             (           main.s):07229                 FDB     $03DE           decimal 990
                      (           main.s):07230         * Element 1060 of array, of type const unsigned int
08A8 03DD             (           main.s):07231                 FDB     $03DD           decimal 989
                      (           main.s):07232         * Element 1061 of array, of type const unsigned int
08AA 03DC             (           main.s):07233                 FDB     $03DC           decimal 988
                      (           main.s):07234         * Element 1062 of array, of type const unsigned int
08AC 03DB             (           main.s):07235                 FDB     $03DB           decimal 987
                      (           main.s):07236         * Element 1063 of array, of type const unsigned int
08AE 03DA             (           main.s):07237                 FDB     $03DA           decimal 986
                      (           main.s):07238         * Element 1064 of array, of type const unsigned int
08B0 03D9             (           main.s):07239                 FDB     $03D9           decimal 985
                      (           main.s):07240         * Element 1065 of array, of type const unsigned int
08B2 03D8             (           main.s):07241                 FDB     $03D8           decimal 984
                      (           main.s):07242         * Element 1066 of array, of type const unsigned int
08B4 03D7             (           main.s):07243                 FDB     $03D7           decimal 983
                      (           main.s):07244         * Element 1067 of array, of type const unsigned int
08B6 03D6             (           main.s):07245                 FDB     $03D6           decimal 982
                      (           main.s):07246         * Element 1068 of array, of type const unsigned int
08B8 03D5             (           main.s):07247                 FDB     $03D5           decimal 981
                      (           main.s):07248         * Element 1069 of array, of type const unsigned int
08BA 03D4             (           main.s):07249                 FDB     $03D4           decimal 980
                      (           main.s):07250         * Element 1070 of array, of type const unsigned int
08BC 03D3             (           main.s):07251                 FDB     $03D3           decimal 979
                      (           main.s):07252         * Element 1071 of array, of type const unsigned int
08BE 03D3             (           main.s):07253                 FDB     $03D3           decimal 979
                      (           main.s):07254         * Element 1072 of array, of type const unsigned int
08C0 03D2             (           main.s):07255                 FDB     $03D2           decimal 978
                      (           main.s):07256         * Element 1073 of array, of type const unsigned int
08C2 03D1             (           main.s):07257                 FDB     $03D1           decimal 977
                      (           main.s):07258         * Element 1074 of array, of type const unsigned int
08C4 03D0             (           main.s):07259                 FDB     $03D0           decimal 976
                      (           main.s):07260         * Element 1075 of array, of type const unsigned int
08C6 03CF             (           main.s):07261                 FDB     $03CF           decimal 975
                      (           main.s):07262         * Element 1076 of array, of type const unsigned int
08C8 03CE             (           main.s):07263                 FDB     $03CE           decimal 974
                      (           main.s):07264         * Element 1077 of array, of type const unsigned int
08CA 03CD             (           main.s):07265                 FDB     $03CD           decimal 973
                      (           main.s):07266         * Element 1078 of array, of type const unsigned int
08CC 03CC             (           main.s):07267                 FDB     $03CC           decimal 972
                      (           main.s):07268         * Element 1079 of array, of type const unsigned int
08CE 03CB             (           main.s):07269                 FDB     $03CB           decimal 971
                      (           main.s):07270         * Element 1080 of array, of type const unsigned int
08D0 03CA             (           main.s):07271                 FDB     $03CA           decimal 970
                      (           main.s):07272         * Element 1081 of array, of type const unsigned int
08D2 03C9             (           main.s):07273                 FDB     $03C9           decimal 969
                      (           main.s):07274         * Element 1082 of array, of type const unsigned int
08D4 03C9             (           main.s):07275                 FDB     $03C9           decimal 969
                      (           main.s):07276         * Element 1083 of array, of type const unsigned int
08D6 03C8             (           main.s):07277                 FDB     $03C8           decimal 968
                      (           main.s):07278         * Element 1084 of array, of type const unsigned int
08D8 03C7             (           main.s):07279                 FDB     $03C7           decimal 967
                      (           main.s):07280         * Element 1085 of array, of type const unsigned int
08DA 03C6             (           main.s):07281                 FDB     $03C6           decimal 966
                      (           main.s):07282         * Element 1086 of array, of type const unsigned int
08DC 03C5             (           main.s):07283                 FDB     $03C5           decimal 965
                      (           main.s):07284         * Element 1087 of array, of type const unsigned int
08DE 03C4             (           main.s):07285                 FDB     $03C4           decimal 964
                      (           main.s):07286         * Element 1088 of array, of type const unsigned int
08E0 03C3             (           main.s):07287                 FDB     $03C3           decimal 963
                      (           main.s):07288         * Element 1089 of array, of type const unsigned int
08E2 03C2             (           main.s):07289                 FDB     $03C2           decimal 962
                      (           main.s):07290         * Element 1090 of array, of type const unsigned int
08E4 03C1             (           main.s):07291                 FDB     $03C1           decimal 961
                      (           main.s):07292         * Element 1091 of array, of type const unsigned int
08E6 03C1             (           main.s):07293                 FDB     $03C1           decimal 961
                      (           main.s):07294         * Element 1092 of array, of type const unsigned int
08E8 03C0             (           main.s):07295                 FDB     $03C0           decimal 960
                      (           main.s):07296         * Element 1093 of array, of type const unsigned int
08EA 03BF             (           main.s):07297                 FDB     $03BF           decimal 959
                      (           main.s):07298         * Element 1094 of array, of type const unsigned int
08EC 03BE             (           main.s):07299                 FDB     $03BE           decimal 958
                      (           main.s):07300         * Element 1095 of array, of type const unsigned int
08EE 03BD             (           main.s):07301                 FDB     $03BD           decimal 957
                      (           main.s):07302         * Element 1096 of array, of type const unsigned int
08F0 03BC             (           main.s):07303                 FDB     $03BC           decimal 956
                      (           main.s):07304         * Element 1097 of array, of type const unsigned int
08F2 03BB             (           main.s):07305                 FDB     $03BB           decimal 955
                      (           main.s):07306         * Element 1098 of array, of type const unsigned int
08F4 03BA             (           main.s):07307                 FDB     $03BA           decimal 954
                      (           main.s):07308         * Element 1099 of array, of type const unsigned int
08F6 03BA             (           main.s):07309                 FDB     $03BA           decimal 954
                      (           main.s):07310         * Element 1100 of array, of type const unsigned int
08F8 03B9             (           main.s):07311                 FDB     $03B9           decimal 953
                      (           main.s):07312         * Element 1101 of array, of type const unsigned int
08FA 03B8             (           main.s):07313                 FDB     $03B8           decimal 952
                      (           main.s):07314         * Element 1102 of array, of type const unsigned int
08FC 03B7             (           main.s):07315                 FDB     $03B7           decimal 951
                      (           main.s):07316         * Element 1103 of array, of type const unsigned int
08FE 03B6             (           main.s):07317                 FDB     $03B6           decimal 950
                      (           main.s):07318         * Element 1104 of array, of type const unsigned int
0900 03B5             (           main.s):07319                 FDB     $03B5           decimal 949
                      (           main.s):07320         * Element 1105 of array, of type const unsigned int
0902 03B4             (           main.s):07321                 FDB     $03B4           decimal 948
                      (           main.s):07322         * Element 1106 of array, of type const unsigned int
0904 03B4             (           main.s):07323                 FDB     $03B4           decimal 948
                      (           main.s):07324         * Element 1107 of array, of type const unsigned int
0906 03B3             (           main.s):07325                 FDB     $03B3           decimal 947
                      (           main.s):07326         * Element 1108 of array, of type const unsigned int
0908 03B2             (           main.s):07327                 FDB     $03B2           decimal 946
                      (           main.s):07328         * Element 1109 of array, of type const unsigned int
090A 03B1             (           main.s):07329                 FDB     $03B1           decimal 945
                      (           main.s):07330         * Element 1110 of array, of type const unsigned int
090C 03B0             (           main.s):07331                 FDB     $03B0           decimal 944
                      (           main.s):07332         * Element 1111 of array, of type const unsigned int
090E 03AF             (           main.s):07333                 FDB     $03AF           decimal 943
                      (           main.s):07334         * Element 1112 of array, of type const unsigned int
0910 03AE             (           main.s):07335                 FDB     $03AE           decimal 942
                      (           main.s):07336         * Element 1113 of array, of type const unsigned int
0912 03AE             (           main.s):07337                 FDB     $03AE           decimal 942
                      (           main.s):07338         * Element 1114 of array, of type const unsigned int
0914 03AD             (           main.s):07339                 FDB     $03AD           decimal 941
                      (           main.s):07340         * Element 1115 of array, of type const unsigned int
0916 03AC             (           main.s):07341                 FDB     $03AC           decimal 940
                      (           main.s):07342         * Element 1116 of array, of type const unsigned int
0918 03AB             (           main.s):07343                 FDB     $03AB           decimal 939
                      (           main.s):07344         * Element 1117 of array, of type const unsigned int
091A 03AA             (           main.s):07345                 FDB     $03AA           decimal 938
                      (           main.s):07346         * Element 1118 of array, of type const unsigned int
091C 03A9             (           main.s):07347                 FDB     $03A9           decimal 937
                      (           main.s):07348         * Element 1119 of array, of type const unsigned int
091E 03A9             (           main.s):07349                 FDB     $03A9           decimal 937
                      (           main.s):07350         * Element 1120 of array, of type const unsigned int
0920 03A8             (           main.s):07351                 FDB     $03A8           decimal 936
                      (           main.s):07352         * Element 1121 of array, of type const unsigned int
0922 03A7             (           main.s):07353                 FDB     $03A7           decimal 935
                      (           main.s):07354         * Element 1122 of array, of type const unsigned int
0924 03A6             (           main.s):07355                 FDB     $03A6           decimal 934
                      (           main.s):07356         * Element 1123 of array, of type const unsigned int
0926 03A5             (           main.s):07357                 FDB     $03A5           decimal 933
                      (           main.s):07358         * Element 1124 of array, of type const unsigned int
0928 03A4             (           main.s):07359                 FDB     $03A4           decimal 932
                      (           main.s):07360         * Element 1125 of array, of type const unsigned int
092A 03A4             (           main.s):07361                 FDB     $03A4           decimal 932
                      (           main.s):07362         * Element 1126 of array, of type const unsigned int
092C 03A3             (           main.s):07363                 FDB     $03A3           decimal 931
                      (           main.s):07364         * Element 1127 of array, of type const unsigned int
092E 03A2             (           main.s):07365                 FDB     $03A2           decimal 930
                      (           main.s):07366         * Element 1128 of array, of type const unsigned int
0930 03A1             (           main.s):07367                 FDB     $03A1           decimal 929
                      (           main.s):07368         * Element 1129 of array, of type const unsigned int
0932 03A0             (           main.s):07369                 FDB     $03A0           decimal 928
                      (           main.s):07370         * Element 1130 of array, of type const unsigned int
0934 039F             (           main.s):07371                 FDB     $039F           decimal 927
                      (           main.s):07372         * Element 1131 of array, of type const unsigned int
0936 039F             (           main.s):07373                 FDB     $039F           decimal 927
                      (           main.s):07374         * Element 1132 of array, of type const unsigned int
0938 039E             (           main.s):07375                 FDB     $039E           decimal 926
                      (           main.s):07376         * Element 1133 of array, of type const unsigned int
093A 039D             (           main.s):07377                 FDB     $039D           decimal 925
                      (           main.s):07378         * Element 1134 of array, of type const unsigned int
093C 039C             (           main.s):07379                 FDB     $039C           decimal 924
                      (           main.s):07380         * Element 1135 of array, of type const unsigned int
093E 039B             (           main.s):07381                 FDB     $039B           decimal 923
                      (           main.s):07382         * Element 1136 of array, of type const unsigned int
0940 039B             (           main.s):07383                 FDB     $039B           decimal 923
                      (           main.s):07384         * Element 1137 of array, of type const unsigned int
0942 039A             (           main.s):07385                 FDB     $039A           decimal 922
                      (           main.s):07386         * Element 1138 of array, of type const unsigned int
0944 0399             (           main.s):07387                 FDB     $0399           decimal 921
                      (           main.s):07388         * Element 1139 of array, of type const unsigned int
0946 0398             (           main.s):07389                 FDB     $0398           decimal 920
                      (           main.s):07390         * Element 1140 of array, of type const unsigned int
0948 0397             (           main.s):07391                 FDB     $0397           decimal 919
                      (           main.s):07392         * Element 1141 of array, of type const unsigned int
094A 0396             (           main.s):07393                 FDB     $0396           decimal 918
                      (           main.s):07394         * Element 1142 of array, of type const unsigned int
094C 0396             (           main.s):07395                 FDB     $0396           decimal 918
                      (           main.s):07396         * Element 1143 of array, of type const unsigned int
094E 0395             (           main.s):07397                 FDB     $0395           decimal 917
                      (           main.s):07398         * Element 1144 of array, of type const unsigned int
0950 0394             (           main.s):07399                 FDB     $0394           decimal 916
                      (           main.s):07400         * Element 1145 of array, of type const unsigned int
0952 0393             (           main.s):07401                 FDB     $0393           decimal 915
                      (           main.s):07402         * Element 1146 of array, of type const unsigned int
0954 0392             (           main.s):07403                 FDB     $0392           decimal 914
                      (           main.s):07404         * Element 1147 of array, of type const unsigned int
0956 0392             (           main.s):07405                 FDB     $0392           decimal 914
                      (           main.s):07406         * Element 1148 of array, of type const unsigned int
0958 0391             (           main.s):07407                 FDB     $0391           decimal 913
                      (           main.s):07408         * Element 1149 of array, of type const unsigned int
095A 0390             (           main.s):07409                 FDB     $0390           decimal 912
                      (           main.s):07410         * Element 1150 of array, of type const unsigned int
095C 038F             (           main.s):07411                 FDB     $038F           decimal 911
                      (           main.s):07412         * Element 1151 of array, of type const unsigned int
095E 038E             (           main.s):07413                 FDB     $038E           decimal 910
                      (           main.s):07414         * Element 1152 of array, of type const unsigned int
0960 038E             (           main.s):07415                 FDB     $038E           decimal 910
                      (           main.s):07416         * Element 1153 of array, of type const unsigned int
0962 038D             (           main.s):07417                 FDB     $038D           decimal 909
                      (           main.s):07418         * Element 1154 of array, of type const unsigned int
0964 038C             (           main.s):07419                 FDB     $038C           decimal 908
                      (           main.s):07420         * Element 1155 of array, of type const unsigned int
0966 038B             (           main.s):07421                 FDB     $038B           decimal 907
                      (           main.s):07422         * Element 1156 of array, of type const unsigned int
0968 038B             (           main.s):07423                 FDB     $038B           decimal 907
                      (           main.s):07424         * Element 1157 of array, of type const unsigned int
096A 038A             (           main.s):07425                 FDB     $038A           decimal 906
                      (           main.s):07426         * Element 1158 of array, of type const unsigned int
096C 0389             (           main.s):07427                 FDB     $0389           decimal 905
                      (           main.s):07428         * Element 1159 of array, of type const unsigned int
096E 0388             (           main.s):07429                 FDB     $0388           decimal 904
                      (           main.s):07430         * Element 1160 of array, of type const unsigned int
0970 0387             (           main.s):07431                 FDB     $0387           decimal 903
                      (           main.s):07432         * Element 1161 of array, of type const unsigned int
0972 0387             (           main.s):07433                 FDB     $0387           decimal 903
                      (           main.s):07434         * Element 1162 of array, of type const unsigned int
0974 0386             (           main.s):07435                 FDB     $0386           decimal 902
                      (           main.s):07436         * Element 1163 of array, of type const unsigned int
0976 0385             (           main.s):07437                 FDB     $0385           decimal 901
                      (           main.s):07438         * Element 1164 of array, of type const unsigned int
0978 0384             (           main.s):07439                 FDB     $0384           decimal 900
                      (           main.s):07440         * Element 1165 of array, of type const unsigned int
097A 0384             (           main.s):07441                 FDB     $0384           decimal 900
                      (           main.s):07442         * Element 1166 of array, of type const unsigned int
097C 0383             (           main.s):07443                 FDB     $0383           decimal 899
                      (           main.s):07444         * Element 1167 of array, of type const unsigned int
097E 0382             (           main.s):07445                 FDB     $0382           decimal 898
                      (           main.s):07446         * Element 1168 of array, of type const unsigned int
0980 0381             (           main.s):07447                 FDB     $0381           decimal 897
                      (           main.s):07448         * Element 1169 of array, of type const unsigned int
0982 0380             (           main.s):07449                 FDB     $0380           decimal 896
                      (           main.s):07450         * Element 1170 of array, of type const unsigned int
0984 0380             (           main.s):07451                 FDB     $0380           decimal 896
                      (           main.s):07452         * Element 1171 of array, of type const unsigned int
0986 037F             (           main.s):07453                 FDB     $037F           decimal 895
                      (           main.s):07454         * Element 1172 of array, of type const unsigned int
0988 037E             (           main.s):07455                 FDB     $037E           decimal 894
                      (           main.s):07456         * Element 1173 of array, of type const unsigned int
098A 037D             (           main.s):07457                 FDB     $037D           decimal 893
                      (           main.s):07458         * Element 1174 of array, of type const unsigned int
098C 037D             (           main.s):07459                 FDB     $037D           decimal 893
                      (           main.s):07460         * Element 1175 of array, of type const unsigned int
098E 037C             (           main.s):07461                 FDB     $037C           decimal 892
                      (           main.s):07462         * Element 1176 of array, of type const unsigned int
0990 037B             (           main.s):07463                 FDB     $037B           decimal 891
                      (           main.s):07464         * Element 1177 of array, of type const unsigned int
0992 037A             (           main.s):07465                 FDB     $037A           decimal 890
                      (           main.s):07466         * Element 1178 of array, of type const unsigned int
0994 037A             (           main.s):07467                 FDB     $037A           decimal 890
                      (           main.s):07468         * Element 1179 of array, of type const unsigned int
0996 0379             (           main.s):07469                 FDB     $0379           decimal 889
                      (           main.s):07470         * Element 1180 of array, of type const unsigned int
0998 0378             (           main.s):07471                 FDB     $0378           decimal 888
                      (           main.s):07472         * Element 1181 of array, of type const unsigned int
099A 0377             (           main.s):07473                 FDB     $0377           decimal 887
                      (           main.s):07474         * Element 1182 of array, of type const unsigned int
099C 0377             (           main.s):07475                 FDB     $0377           decimal 887
                      (           main.s):07476         * Element 1183 of array, of type const unsigned int
099E 0376             (           main.s):07477                 FDB     $0376           decimal 886
                      (           main.s):07478         * Element 1184 of array, of type const unsigned int
09A0 0375             (           main.s):07479                 FDB     $0375           decimal 885
                      (           main.s):07480         * Element 1185 of array, of type const unsigned int
09A2 0374             (           main.s):07481                 FDB     $0374           decimal 884
                      (           main.s):07482         * Element 1186 of array, of type const unsigned int
09A4 0374             (           main.s):07483                 FDB     $0374           decimal 884
                      (           main.s):07484         * Element 1187 of array, of type const unsigned int
09A6 0373             (           main.s):07485                 FDB     $0373           decimal 883
                      (           main.s):07486         * Element 1188 of array, of type const unsigned int
09A8 0372             (           main.s):07487                 FDB     $0372           decimal 882
                      (           main.s):07488         * Element 1189 of array, of type const unsigned int
09AA 0371             (           main.s):07489                 FDB     $0371           decimal 881
                      (           main.s):07490         * Element 1190 of array, of type const unsigned int
09AC 0371             (           main.s):07491                 FDB     $0371           decimal 881
                      (           main.s):07492         * Element 1191 of array, of type const unsigned int
09AE 0370             (           main.s):07493                 FDB     $0370           decimal 880
                      (           main.s):07494         * Element 1192 of array, of type const unsigned int
09B0 036F             (           main.s):07495                 FDB     $036F           decimal 879
                      (           main.s):07496         * Element 1193 of array, of type const unsigned int
09B2 036E             (           main.s):07497                 FDB     $036E           decimal 878
                      (           main.s):07498         * Element 1194 of array, of type const unsigned int
09B4 036E             (           main.s):07499                 FDB     $036E           decimal 878
                      (           main.s):07500         * Element 1195 of array, of type const unsigned int
09B6 036D             (           main.s):07501                 FDB     $036D           decimal 877
                      (           main.s):07502         * Element 1196 of array, of type const unsigned int
09B8 036C             (           main.s):07503                 FDB     $036C           decimal 876
                      (           main.s):07504         * Element 1197 of array, of type const unsigned int
09BA 036B             (           main.s):07505                 FDB     $036B           decimal 875
                      (           main.s):07506         * Element 1198 of array, of type const unsigned int
09BC 036B             (           main.s):07507                 FDB     $036B           decimal 875
                      (           main.s):07508         * Element 1199 of array, of type const unsigned int
09BE 036A             (           main.s):07509                 FDB     $036A           decimal 874
                      (           main.s):07510         * Element 1200 of array, of type const unsigned int
09C0 0369             (           main.s):07511                 FDB     $0369           decimal 873
                      (           main.s):07512         * Element 1201 of array, of type const unsigned int
09C2 0369             (           main.s):07513                 FDB     $0369           decimal 873
                      (           main.s):07514         * Element 1202 of array, of type const unsigned int
09C4 0368             (           main.s):07515                 FDB     $0368           decimal 872
                      (           main.s):07516         * Element 1203 of array, of type const unsigned int
09C6 0367             (           main.s):07517                 FDB     $0367           decimal 871
                      (           main.s):07518         * Element 1204 of array, of type const unsigned int
09C8 0366             (           main.s):07519                 FDB     $0366           decimal 870
                      (           main.s):07520         * Element 1205 of array, of type const unsigned int
09CA 0366             (           main.s):07521                 FDB     $0366           decimal 870
                      (           main.s):07522         * Element 1206 of array, of type const unsigned int
09CC 0365             (           main.s):07523                 FDB     $0365           decimal 869
                      (           main.s):07524         * Element 1207 of array, of type const unsigned int
09CE 0364             (           main.s):07525                 FDB     $0364           decimal 868
                      (           main.s):07526         * Element 1208 of array, of type const unsigned int
09D0 0364             (           main.s):07527                 FDB     $0364           decimal 868
                      (           main.s):07528         * Element 1209 of array, of type const unsigned int
09D2 0363             (           main.s):07529                 FDB     $0363           decimal 867
                      (           main.s):07530         * Element 1210 of array, of type const unsigned int
09D4 0362             (           main.s):07531                 FDB     $0362           decimal 866
                      (           main.s):07532         * Element 1211 of array, of type const unsigned int
09D6 0361             (           main.s):07533                 FDB     $0361           decimal 865
                      (           main.s):07534         * Element 1212 of array, of type const unsigned int
09D8 0361             (           main.s):07535                 FDB     $0361           decimal 865
                      (           main.s):07536         * Element 1213 of array, of type const unsigned int
09DA 0360             (           main.s):07537                 FDB     $0360           decimal 864
                      (           main.s):07538         * Element 1214 of array, of type const unsigned int
09DC 035F             (           main.s):07539                 FDB     $035F           decimal 863
                      (           main.s):07540         * Element 1215 of array, of type const unsigned int
09DE 035F             (           main.s):07541                 FDB     $035F           decimal 863
                      (           main.s):07542         * Element 1216 of array, of type const unsigned int
09E0 035E             (           main.s):07543                 FDB     $035E           decimal 862
                      (           main.s):07544         * Element 1217 of array, of type const unsigned int
09E2 035D             (           main.s):07545                 FDB     $035D           decimal 861
                      (           main.s):07546         * Element 1218 of array, of type const unsigned int
09E4 035C             (           main.s):07547                 FDB     $035C           decimal 860
                      (           main.s):07548         * Element 1219 of array, of type const unsigned int
09E6 035C             (           main.s):07549                 FDB     $035C           decimal 860
                      (           main.s):07550         * Element 1220 of array, of type const unsigned int
09E8 035B             (           main.s):07551                 FDB     $035B           decimal 859
                      (           main.s):07552         * Element 1221 of array, of type const unsigned int
09EA 035A             (           main.s):07553                 FDB     $035A           decimal 858
                      (           main.s):07554         * Element 1222 of array, of type const unsigned int
09EC 035A             (           main.s):07555                 FDB     $035A           decimal 858
                      (           main.s):07556         * Element 1223 of array, of type const unsigned int
09EE 0359             (           main.s):07557                 FDB     $0359           decimal 857
                      (           main.s):07558         * Element 1224 of array, of type const unsigned int
09F0 0358             (           main.s):07559                 FDB     $0358           decimal 856
                      (           main.s):07560         * Element 1225 of array, of type const unsigned int
09F2 0357             (           main.s):07561                 FDB     $0357           decimal 855
                      (           main.s):07562         * Element 1226 of array, of type const unsigned int
09F4 0357             (           main.s):07563                 FDB     $0357           decimal 855
                      (           main.s):07564         * Element 1227 of array, of type const unsigned int
09F6 0356             (           main.s):07565                 FDB     $0356           decimal 854
                      (           main.s):07566         * Element 1228 of array, of type const unsigned int
09F8 0355             (           main.s):07567                 FDB     $0355           decimal 853
                      (           main.s):07568         * Element 1229 of array, of type const unsigned int
09FA 0355             (           main.s):07569                 FDB     $0355           decimal 853
                      (           main.s):07570         * Element 1230 of array, of type const unsigned int
09FC 0354             (           main.s):07571                 FDB     $0354           decimal 852
                      (           main.s):07572         * Element 1231 of array, of type const unsigned int
09FE 0353             (           main.s):07573                 FDB     $0353           decimal 851
                      (           main.s):07574         * Element 1232 of array, of type const unsigned int
0A00 0353             (           main.s):07575                 FDB     $0353           decimal 851
                      (           main.s):07576         * Element 1233 of array, of type const unsigned int
0A02 0352             (           main.s):07577                 FDB     $0352           decimal 850
                      (           main.s):07578         * Element 1234 of array, of type const unsigned int
0A04 0351             (           main.s):07579                 FDB     $0351           decimal 849
                      (           main.s):07580         * Element 1235 of array, of type const unsigned int
0A06 0351             (           main.s):07581                 FDB     $0351           decimal 849
                      (           main.s):07582         * Element 1236 of array, of type const unsigned int
0A08 0350             (           main.s):07583                 FDB     $0350           decimal 848
                      (           main.s):07584         * Element 1237 of array, of type const unsigned int
0A0A 034F             (           main.s):07585                 FDB     $034F           decimal 847
                      (           main.s):07586         * Element 1238 of array, of type const unsigned int
0A0C 034E             (           main.s):07587                 FDB     $034E           decimal 846
                      (           main.s):07588         * Element 1239 of array, of type const unsigned int
0A0E 034E             (           main.s):07589                 FDB     $034E           decimal 846
                      (           main.s):07590         * Element 1240 of array, of type const unsigned int
0A10 034D             (           main.s):07591                 FDB     $034D           decimal 845
                      (           main.s):07592         * Element 1241 of array, of type const unsigned int
0A12 034C             (           main.s):07593                 FDB     $034C           decimal 844
                      (           main.s):07594         * Element 1242 of array, of type const unsigned int
0A14 034C             (           main.s):07595                 FDB     $034C           decimal 844
                      (           main.s):07596         * Element 1243 of array, of type const unsigned int
0A16 034B             (           main.s):07597                 FDB     $034B           decimal 843
                      (           main.s):07598         * Element 1244 of array, of type const unsigned int
0A18 034A             (           main.s):07599                 FDB     $034A           decimal 842
                      (           main.s):07600         * Element 1245 of array, of type const unsigned int
0A1A 034A             (           main.s):07601                 FDB     $034A           decimal 842
                      (           main.s):07602         * Element 1246 of array, of type const unsigned int
0A1C 0349             (           main.s):07603                 FDB     $0349           decimal 841
                      (           main.s):07604         * Element 1247 of array, of type const unsigned int
0A1E 0348             (           main.s):07605                 FDB     $0348           decimal 840
                      (           main.s):07606         * Element 1248 of array, of type const unsigned int
0A20 0348             (           main.s):07607                 FDB     $0348           decimal 840
                      (           main.s):07608         * Element 1249 of array, of type const unsigned int
0A22 0347             (           main.s):07609                 FDB     $0347           decimal 839
                      (           main.s):07610         * Element 1250 of array, of type const unsigned int
0A24 0346             (           main.s):07611                 FDB     $0346           decimal 838
                      (           main.s):07612         * Element 1251 of array, of type const unsigned int
0A26 0346             (           main.s):07613                 FDB     $0346           decimal 838
                      (           main.s):07614         * Element 1252 of array, of type const unsigned int
0A28 0345             (           main.s):07615                 FDB     $0345           decimal 837
                      (           main.s):07616         * Element 1253 of array, of type const unsigned int
0A2A 0344             (           main.s):07617                 FDB     $0344           decimal 836
                      (           main.s):07618         * Element 1254 of array, of type const unsigned int
0A2C 0344             (           main.s):07619                 FDB     $0344           decimal 836
                      (           main.s):07620         * Element 1255 of array, of type const unsigned int
0A2E 0343             (           main.s):07621                 FDB     $0343           decimal 835
                      (           main.s):07622         * Element 1256 of array, of type const unsigned int
0A30 0342             (           main.s):07623                 FDB     $0342           decimal 834
                      (           main.s):07624         * Element 1257 of array, of type const unsigned int
0A32 0342             (           main.s):07625                 FDB     $0342           decimal 834
                      (           main.s):07626         * Element 1258 of array, of type const unsigned int
0A34 0341             (           main.s):07627                 FDB     $0341           decimal 833
                      (           main.s):07628         * Element 1259 of array, of type const unsigned int
0A36 0340             (           main.s):07629                 FDB     $0340           decimal 832
                      (           main.s):07630         * Element 1260 of array, of type const unsigned int
0A38 0340             (           main.s):07631                 FDB     $0340           decimal 832
                      (           main.s):07632         * Element 1261 of array, of type const unsigned int
0A3A 033F             (           main.s):07633                 FDB     $033F           decimal 831
                      (           main.s):07634         * Element 1262 of array, of type const unsigned int
0A3C 033E             (           main.s):07635                 FDB     $033E           decimal 830
                      (           main.s):07636         * Element 1263 of array, of type const unsigned int
0A3E 033E             (           main.s):07637                 FDB     $033E           decimal 830
                      (           main.s):07638         * Element 1264 of array, of type const unsigned int
0A40 033D             (           main.s):07639                 FDB     $033D           decimal 829
                      (           main.s):07640         * Element 1265 of array, of type const unsigned int
0A42 033C             (           main.s):07641                 FDB     $033C           decimal 828
                      (           main.s):07642         * Element 1266 of array, of type const unsigned int
0A44 033C             (           main.s):07643                 FDB     $033C           decimal 828
                      (           main.s):07644         * Element 1267 of array, of type const unsigned int
0A46 033B             (           main.s):07645                 FDB     $033B           decimal 827
                      (           main.s):07646         * Element 1268 of array, of type const unsigned int
0A48 033A             (           main.s):07647                 FDB     $033A           decimal 826
                      (           main.s):07648         * Element 1269 of array, of type const unsigned int
0A4A 033A             (           main.s):07649                 FDB     $033A           decimal 826
                      (           main.s):07650         * Element 1270 of array, of type const unsigned int
0A4C 0339             (           main.s):07651                 FDB     $0339           decimal 825
                      (           main.s):07652         * Element 1271 of array, of type const unsigned int
0A4E 0338             (           main.s):07653                 FDB     $0338           decimal 824
                      (           main.s):07654         * Element 1272 of array, of type const unsigned int
0A50 0338             (           main.s):07655                 FDB     $0338           decimal 824
                      (           main.s):07656         * Element 1273 of array, of type const unsigned int
0A52 0337             (           main.s):07657                 FDB     $0337           decimal 823
                      (           main.s):07658         * Element 1274 of array, of type const unsigned int
0A54 0337             (           main.s):07659                 FDB     $0337           decimal 823
                      (           main.s):07660         * Element 1275 of array, of type const unsigned int
0A56 0336             (           main.s):07661                 FDB     $0336           decimal 822
                      (           main.s):07662         * Element 1276 of array, of type const unsigned int
0A58 0335             (           main.s):07663                 FDB     $0335           decimal 821
                      (           main.s):07664         * Element 1277 of array, of type const unsigned int
0A5A 0335             (           main.s):07665                 FDB     $0335           decimal 821
                      (           main.s):07666         * Element 1278 of array, of type const unsigned int
0A5C 0334             (           main.s):07667                 FDB     $0334           decimal 820
                      (           main.s):07668         * Element 1279 of array, of type const unsigned int
0A5E 0333             (           main.s):07669                 FDB     $0333           decimal 819
                      (           main.s):07670         * Element 1280 of array, of type const unsigned int
0A60 0333             (           main.s):07671                 FDB     $0333           decimal 819
                      (           main.s):07672         * Element 1281 of array, of type const unsigned int
0A62 0332             (           main.s):07673                 FDB     $0332           decimal 818
                      (           main.s):07674         * Element 1282 of array, of type const unsigned int
0A64 0331             (           main.s):07675                 FDB     $0331           decimal 817
                      (           main.s):07676         * Element 1283 of array, of type const unsigned int
0A66 0331             (           main.s):07677                 FDB     $0331           decimal 817
                      (           main.s):07678         * Element 1284 of array, of type const unsigned int
0A68 0330             (           main.s):07679                 FDB     $0330           decimal 816
                      (           main.s):07680         * Element 1285 of array, of type const unsigned int
0A6A 0330             (           main.s):07681                 FDB     $0330           decimal 816
                      (           main.s):07682         * Element 1286 of array, of type const unsigned int
0A6C 032F             (           main.s):07683                 FDB     $032F           decimal 815
                      (           main.s):07684         * Element 1287 of array, of type const unsigned int
0A6E 032E             (           main.s):07685                 FDB     $032E           decimal 814
                      (           main.s):07686         * Element 1288 of array, of type const unsigned int
0A70 032E             (           main.s):07687                 FDB     $032E           decimal 814
                      (           main.s):07688         * Element 1289 of array, of type const unsigned int
0A72 032D             (           main.s):07689                 FDB     $032D           decimal 813
                      (           main.s):07690         * Element 1290 of array, of type const unsigned int
0A74 032C             (           main.s):07691                 FDB     $032C           decimal 812
                      (           main.s):07692         * Element 1291 of array, of type const unsigned int
0A76 032C             (           main.s):07693                 FDB     $032C           decimal 812
                      (           main.s):07694         * Element 1292 of array, of type const unsigned int
0A78 032B             (           main.s):07695                 FDB     $032B           decimal 811
                      (           main.s):07696         * Element 1293 of array, of type const unsigned int
0A7A 032A             (           main.s):07697                 FDB     $032A           decimal 810
                      (           main.s):07698         * Element 1294 of array, of type const unsigned int
0A7C 032A             (           main.s):07699                 FDB     $032A           decimal 810
                      (           main.s):07700         * Element 1295 of array, of type const unsigned int
0A7E 0329             (           main.s):07701                 FDB     $0329           decimal 809
                      (           main.s):07702         * Element 1296 of array, of type const unsigned int
0A80 0329             (           main.s):07703                 FDB     $0329           decimal 809
                      (           main.s):07704         * Element 1297 of array, of type const unsigned int
0A82 0328             (           main.s):07705                 FDB     $0328           decimal 808
                      (           main.s):07706         * Element 1298 of array, of type const unsigned int
0A84 0327             (           main.s):07707                 FDB     $0327           decimal 807
                      (           main.s):07708         * Element 1299 of array, of type const unsigned int
0A86 0327             (           main.s):07709                 FDB     $0327           decimal 807
                      (           main.s):07710         * Element 1300 of array, of type const unsigned int
0A88 0326             (           main.s):07711                 FDB     $0326           decimal 806
                      (           main.s):07712         * Element 1301 of array, of type const unsigned int
0A8A 0325             (           main.s):07713                 FDB     $0325           decimal 805
                      (           main.s):07714         * Element 1302 of array, of type const unsigned int
0A8C 0325             (           main.s):07715                 FDB     $0325           decimal 805
                      (           main.s):07716         * Element 1303 of array, of type const unsigned int
0A8E 0324             (           main.s):07717                 FDB     $0324           decimal 804
                      (           main.s):07718         * Element 1304 of array, of type const unsigned int
0A90 0324             (           main.s):07719                 FDB     $0324           decimal 804
                      (           main.s):07720         * Element 1305 of array, of type const unsigned int
0A92 0323             (           main.s):07721                 FDB     $0323           decimal 803
                      (           main.s):07722         * Element 1306 of array, of type const unsigned int
0A94 0322             (           main.s):07723                 FDB     $0322           decimal 802
                      (           main.s):07724         * Element 1307 of array, of type const unsigned int
0A96 0322             (           main.s):07725                 FDB     $0322           decimal 802
                      (           main.s):07726         * Element 1308 of array, of type const unsigned int
0A98 0321             (           main.s):07727                 FDB     $0321           decimal 801
                      (           main.s):07728         * Element 1309 of array, of type const unsigned int
0A9A 0321             (           main.s):07729                 FDB     $0321           decimal 801
                      (           main.s):07730         * Element 1310 of array, of type const unsigned int
0A9C 0320             (           main.s):07731                 FDB     $0320           decimal 800
                      (           main.s):07732         * Element 1311 of array, of type const unsigned int
0A9E 031F             (           main.s):07733                 FDB     $031F           decimal 799
                      (           main.s):07734         * Element 1312 of array, of type const unsigned int
0AA0 031F             (           main.s):07735                 FDB     $031F           decimal 799
                      (           main.s):07736         * Element 1313 of array, of type const unsigned int
0AA2 031E             (           main.s):07737                 FDB     $031E           decimal 798
                      (           main.s):07738         * Element 1314 of array, of type const unsigned int
0AA4 031D             (           main.s):07739                 FDB     $031D           decimal 797
                      (           main.s):07740         * Element 1315 of array, of type const unsigned int
0AA6 031D             (           main.s):07741                 FDB     $031D           decimal 797
                      (           main.s):07742         * Element 1316 of array, of type const unsigned int
0AA8 031C             (           main.s):07743                 FDB     $031C           decimal 796
                      (           main.s):07744         * Element 1317 of array, of type const unsigned int
0AAA 031C             (           main.s):07745                 FDB     $031C           decimal 796
                      (           main.s):07746         * Element 1318 of array, of type const unsigned int
0AAC 031B             (           main.s):07747                 FDB     $031B           decimal 795
                      (           main.s):07748         * Element 1319 of array, of type const unsigned int
0AAE 031A             (           main.s):07749                 FDB     $031A           decimal 794
                      (           main.s):07750         * Element 1320 of array, of type const unsigned int
0AB0 031A             (           main.s):07751                 FDB     $031A           decimal 794
                      (           main.s):07752         * Element 1321 of array, of type const unsigned int
0AB2 0319             (           main.s):07753                 FDB     $0319           decimal 793
                      (           main.s):07754         * Element 1322 of array, of type const unsigned int
0AB4 0319             (           main.s):07755                 FDB     $0319           decimal 793
                      (           main.s):07756         * Element 1323 of array, of type const unsigned int
0AB6 0318             (           main.s):07757                 FDB     $0318           decimal 792
                      (           main.s):07758         * Element 1324 of array, of type const unsigned int
0AB8 0317             (           main.s):07759                 FDB     $0317           decimal 791
                      (           main.s):07760         * Element 1325 of array, of type const unsigned int
0ABA 0317             (           main.s):07761                 FDB     $0317           decimal 791
                      (           main.s):07762         * Element 1326 of array, of type const unsigned int
0ABC 0316             (           main.s):07763                 FDB     $0316           decimal 790
                      (           main.s):07764         * Element 1327 of array, of type const unsigned int
0ABE 0316             (           main.s):07765                 FDB     $0316           decimal 790
                      (           main.s):07766         * Element 1328 of array, of type const unsigned int
0AC0 0315             (           main.s):07767                 FDB     $0315           decimal 789
                      (           main.s):07768         * Element 1329 of array, of type const unsigned int
0AC2 0314             (           main.s):07769                 FDB     $0314           decimal 788
                      (           main.s):07770         * Element 1330 of array, of type const unsigned int
0AC4 0314             (           main.s):07771                 FDB     $0314           decimal 788
                      (           main.s):07772         * Element 1331 of array, of type const unsigned int
0AC6 0313             (           main.s):07773                 FDB     $0313           decimal 787
                      (           main.s):07774         * Element 1332 of array, of type const unsigned int
0AC8 0313             (           main.s):07775                 FDB     $0313           decimal 787
                      (           main.s):07776         * Element 1333 of array, of type const unsigned int
0ACA 0312             (           main.s):07777                 FDB     $0312           decimal 786
                      (           main.s):07778         * Element 1334 of array, of type const unsigned int
0ACC 0312             (           main.s):07779                 FDB     $0312           decimal 786
                      (           main.s):07780         * Element 1335 of array, of type const unsigned int
0ACE 0311             (           main.s):07781                 FDB     $0311           decimal 785
                      (           main.s):07782         * Element 1336 of array, of type const unsigned int
0AD0 0310             (           main.s):07783                 FDB     $0310           decimal 784
                      (           main.s):07784         * Element 1337 of array, of type const unsigned int
0AD2 0310             (           main.s):07785                 FDB     $0310           decimal 784
                      (           main.s):07786         * Element 1338 of array, of type const unsigned int
0AD4 030F             (           main.s):07787                 FDB     $030F           decimal 783
                      (           main.s):07788         * Element 1339 of array, of type const unsigned int
0AD6 030F             (           main.s):07789                 FDB     $030F           decimal 783
                      (           main.s):07790         * Element 1340 of array, of type const unsigned int
0AD8 030E             (           main.s):07791                 FDB     $030E           decimal 782
                      (           main.s):07792         * Element 1341 of array, of type const unsigned int
0ADA 030D             (           main.s):07793                 FDB     $030D           decimal 781
                      (           main.s):07794         * Element 1342 of array, of type const unsigned int
0ADC 030D             (           main.s):07795                 FDB     $030D           decimal 781
                      (           main.s):07796         * Element 1343 of array, of type const unsigned int
0ADE 030C             (           main.s):07797                 FDB     $030C           decimal 780
                      (           main.s):07798         * Element 1344 of array, of type const unsigned int
0AE0 030C             (           main.s):07799                 FDB     $030C           decimal 780
                      (           main.s):07800         * Element 1345 of array, of type const unsigned int
0AE2 030B             (           main.s):07801                 FDB     $030B           decimal 779
                      (           main.s):07802         * Element 1346 of array, of type const unsigned int
0AE4 030B             (           main.s):07803                 FDB     $030B           decimal 779
                      (           main.s):07804         * Element 1347 of array, of type const unsigned int
0AE6 030A             (           main.s):07805                 FDB     $030A           decimal 778
                      (           main.s):07806         * Element 1348 of array, of type const unsigned int
0AE8 0309             (           main.s):07807                 FDB     $0309           decimal 777
                      (           main.s):07808         * Element 1349 of array, of type const unsigned int
0AEA 0309             (           main.s):07809                 FDB     $0309           decimal 777
                      (           main.s):07810         * Element 1350 of array, of type const unsigned int
0AEC 0308             (           main.s):07811                 FDB     $0308           decimal 776
                      (           main.s):07812         * Element 1351 of array, of type const unsigned int
0AEE 0308             (           main.s):07813                 FDB     $0308           decimal 776
                      (           main.s):07814         * Element 1352 of array, of type const unsigned int
0AF0 0307             (           main.s):07815                 FDB     $0307           decimal 775
                      (           main.s):07816         * Element 1353 of array, of type const unsigned int
0AF2 0306             (           main.s):07817                 FDB     $0306           decimal 774
                      (           main.s):07818         * Element 1354 of array, of type const unsigned int
0AF4 0306             (           main.s):07819                 FDB     $0306           decimal 774
                      (           main.s):07820         * Element 1355 of array, of type const unsigned int
0AF6 0305             (           main.s):07821                 FDB     $0305           decimal 773
                      (           main.s):07822         * Element 1356 of array, of type const unsigned int
0AF8 0305             (           main.s):07823                 FDB     $0305           decimal 773
                      (           main.s):07824         * Element 1357 of array, of type const unsigned int
0AFA 0304             (           main.s):07825                 FDB     $0304           decimal 772
                      (           main.s):07826         * Element 1358 of array, of type const unsigned int
0AFC 0304             (           main.s):07827                 FDB     $0304           decimal 772
                      (           main.s):07828         * Element 1359 of array, of type const unsigned int
0AFE 0303             (           main.s):07829                 FDB     $0303           decimal 771
                      (           main.s):07830         * Element 1360 of array, of type const unsigned int
0B00 0303             (           main.s):07831                 FDB     $0303           decimal 771
                      (           main.s):07832         * Element 1361 of array, of type const unsigned int
0B02 0302             (           main.s):07833                 FDB     $0302           decimal 770
                      (           main.s):07834         * Element 1362 of array, of type const unsigned int
0B04 0301             (           main.s):07835                 FDB     $0301           decimal 769
                      (           main.s):07836         * Element 1363 of array, of type const unsigned int
0B06 0301             (           main.s):07837                 FDB     $0301           decimal 769
                      (           main.s):07838         * Element 1364 of array, of type const unsigned int
0B08 0300             (           main.s):07839                 FDB     $0300           decimal 768
                      (           main.s):07840         * Element 1365 of array, of type const unsigned int
0B0A 0300             (           main.s):07841                 FDB     $0300           decimal 768
                      (           main.s):07842         * Element 1366 of array, of type const unsigned int
0B0C 02FF             (           main.s):07843                 FDB     $02FF           decimal 767
                      (           main.s):07844         * Element 1367 of array, of type const unsigned int
0B0E 02FF             (           main.s):07845                 FDB     $02FF           decimal 767
                      (           main.s):07846         * Element 1368 of array, of type const unsigned int
0B10 02FE             (           main.s):07847                 FDB     $02FE           decimal 766
                      (           main.s):07848         * Element 1369 of array, of type const unsigned int
0B12 02FD             (           main.s):07849                 FDB     $02FD           decimal 765
                      (           main.s):07850         * Element 1370 of array, of type const unsigned int
0B14 02FD             (           main.s):07851                 FDB     $02FD           decimal 765
                      (           main.s):07852         * Element 1371 of array, of type const unsigned int
0B16 02FC             (           main.s):07853                 FDB     $02FC           decimal 764
                      (           main.s):07854         * Element 1372 of array, of type const unsigned int
0B18 02FC             (           main.s):07855                 FDB     $02FC           decimal 764
                      (           main.s):07856         * Element 1373 of array, of type const unsigned int
0B1A 02FB             (           main.s):07857                 FDB     $02FB           decimal 763
                      (           main.s):07858         * Element 1374 of array, of type const unsigned int
0B1C 02FB             (           main.s):07859                 FDB     $02FB           decimal 763
                      (           main.s):07860         * Element 1375 of array, of type const unsigned int
0B1E 02FA             (           main.s):07861                 FDB     $02FA           decimal 762
                      (           main.s):07862         * Element 1376 of array, of type const unsigned int
0B20 02FA             (           main.s):07863                 FDB     $02FA           decimal 762
                      (           main.s):07864         * Element 1377 of array, of type const unsigned int
0B22 02F9             (           main.s):07865                 FDB     $02F9           decimal 761
                      (           main.s):07866         * Element 1378 of array, of type const unsigned int
0B24 02F8             (           main.s):07867                 FDB     $02F8           decimal 760
                      (           main.s):07868         * Element 1379 of array, of type const unsigned int
0B26 02F8             (           main.s):07869                 FDB     $02F8           decimal 760
                      (           main.s):07870         * Element 1380 of array, of type const unsigned int
0B28 02F7             (           main.s):07871                 FDB     $02F7           decimal 759
                      (           main.s):07872         * Element 1381 of array, of type const unsigned int
0B2A 02F7             (           main.s):07873                 FDB     $02F7           decimal 759
                      (           main.s):07874         * Element 1382 of array, of type const unsigned int
0B2C 02F6             (           main.s):07875                 FDB     $02F6           decimal 758
                      (           main.s):07876         * Element 1383 of array, of type const unsigned int
0B2E 02F6             (           main.s):07877                 FDB     $02F6           decimal 758
                      (           main.s):07878         * Element 1384 of array, of type const unsigned int
0B30 02F5             (           main.s):07879                 FDB     $02F5           decimal 757
                      (           main.s):07880         * Element 1385 of array, of type const unsigned int
0B32 02F5             (           main.s):07881                 FDB     $02F5           decimal 757
                      (           main.s):07882         * Element 1386 of array, of type const unsigned int
0B34 02F4             (           main.s):07883                 FDB     $02F4           decimal 756
                      (           main.s):07884         * Element 1387 of array, of type const unsigned int
0B36 02F3             (           main.s):07885                 FDB     $02F3           decimal 755
                      (           main.s):07886         * Element 1388 of array, of type const unsigned int
0B38 02F3             (           main.s):07887                 FDB     $02F3           decimal 755
                      (           main.s):07888         * Element 1389 of array, of type const unsigned int
0B3A 02F2             (           main.s):07889                 FDB     $02F2           decimal 754
                      (           main.s):07890         * Element 1390 of array, of type const unsigned int
0B3C 02F2             (           main.s):07891                 FDB     $02F2           decimal 754
                      (           main.s):07892         * Element 1391 of array, of type const unsigned int
0B3E 02F1             (           main.s):07893                 FDB     $02F1           decimal 753
                      (           main.s):07894         * Element 1392 of array, of type const unsigned int
0B40 02F1             (           main.s):07895                 FDB     $02F1           decimal 753
                      (           main.s):07896         * Element 1393 of array, of type const unsigned int
0B42 02F0             (           main.s):07897                 FDB     $02F0           decimal 752
                      (           main.s):07898         * Element 1394 of array, of type const unsigned int
0B44 02F0             (           main.s):07899                 FDB     $02F0           decimal 752
                      (           main.s):07900         * Element 1395 of array, of type const unsigned int
0B46 02EF             (           main.s):07901                 FDB     $02EF           decimal 751
                      (           main.s):07902         * Element 1396 of array, of type const unsigned int
0B48 02EF             (           main.s):07903                 FDB     $02EF           decimal 751
                      (           main.s):07904         * Element 1397 of array, of type const unsigned int
0B4A 02EE             (           main.s):07905                 FDB     $02EE           decimal 750
                      (           main.s):07906         * Element 1398 of array, of type const unsigned int
0B4C 02EE             (           main.s):07907                 FDB     $02EE           decimal 750
                      (           main.s):07908         * Element 1399 of array, of type const unsigned int
0B4E 02ED             (           main.s):07909                 FDB     $02ED           decimal 749
                      (           main.s):07910         * Element 1400 of array, of type const unsigned int
0B50 02EC             (           main.s):07911                 FDB     $02EC           decimal 748
                      (           main.s):07912         * Element 1401 of array, of type const unsigned int
0B52 02EC             (           main.s):07913                 FDB     $02EC           decimal 748
                      (           main.s):07914         * Element 1402 of array, of type const unsigned int
0B54 02EB             (           main.s):07915                 FDB     $02EB           decimal 747
                      (           main.s):07916         * Element 1403 of array, of type const unsigned int
0B56 02EB             (           main.s):07917                 FDB     $02EB           decimal 747
                      (           main.s):07918         * Element 1404 of array, of type const unsigned int
0B58 02EA             (           main.s):07919                 FDB     $02EA           decimal 746
                      (           main.s):07920         * Element 1405 of array, of type const unsigned int
0B5A 02EA             (           main.s):07921                 FDB     $02EA           decimal 746
                      (           main.s):07922         * Element 1406 of array, of type const unsigned int
0B5C 02E9             (           main.s):07923                 FDB     $02E9           decimal 745
                      (           main.s):07924         * Element 1407 of array, of type const unsigned int
0B5E 02E9             (           main.s):07925                 FDB     $02E9           decimal 745
                      (           main.s):07926         * Element 1408 of array, of type const unsigned int
0B60 02E8             (           main.s):07927                 FDB     $02E8           decimal 744
                      (           main.s):07928         * Element 1409 of array, of type const unsigned int
0B62 02E8             (           main.s):07929                 FDB     $02E8           decimal 744
                      (           main.s):07930         * Element 1410 of array, of type const unsigned int
0B64 02E7             (           main.s):07931                 FDB     $02E7           decimal 743
                      (           main.s):07932         * Element 1411 of array, of type const unsigned int
0B66 02E7             (           main.s):07933                 FDB     $02E7           decimal 743
                      (           main.s):07934         * Element 1412 of array, of type const unsigned int
0B68 02E6             (           main.s):07935                 FDB     $02E6           decimal 742
                      (           main.s):07936         * Element 1413 of array, of type const unsigned int
0B6A 02E6             (           main.s):07937                 FDB     $02E6           decimal 742
                      (           main.s):07938         * Element 1414 of array, of type const unsigned int
0B6C 02E5             (           main.s):07939                 FDB     $02E5           decimal 741
                      (           main.s):07940         * Element 1415 of array, of type const unsigned int
0B6E 02E5             (           main.s):07941                 FDB     $02E5           decimal 741
                      (           main.s):07942         * Element 1416 of array, of type const unsigned int
0B70 02E4             (           main.s):07943                 FDB     $02E4           decimal 740
                      (           main.s):07944         * Element 1417 of array, of type const unsigned int
0B72 02E3             (           main.s):07945                 FDB     $02E3           decimal 739
                      (           main.s):07946         * Element 1418 of array, of type const unsigned int
0B74 02E3             (           main.s):07947                 FDB     $02E3           decimal 739
                      (           main.s):07948         * Element 1419 of array, of type const unsigned int
0B76 02E2             (           main.s):07949                 FDB     $02E2           decimal 738
                      (           main.s):07950         * Element 1420 of array, of type const unsigned int
0B78 02E2             (           main.s):07951                 FDB     $02E2           decimal 738
                      (           main.s):07952         * Element 1421 of array, of type const unsigned int
0B7A 02E1             (           main.s):07953                 FDB     $02E1           decimal 737
                      (           main.s):07954         * Element 1422 of array, of type const unsigned int
0B7C 02E1             (           main.s):07955                 FDB     $02E1           decimal 737
                      (           main.s):07956         * Element 1423 of array, of type const unsigned int
0B7E 02E0             (           main.s):07957                 FDB     $02E0           decimal 736
                      (           main.s):07958         * Element 1424 of array, of type const unsigned int
0B80 02E0             (           main.s):07959                 FDB     $02E0           decimal 736
                      (           main.s):07960         * Element 1425 of array, of type const unsigned int
0B82 02DF             (           main.s):07961                 FDB     $02DF           decimal 735
                      (           main.s):07962         * Element 1426 of array, of type const unsigned int
0B84 02DF             (           main.s):07963                 FDB     $02DF           decimal 735
                      (           main.s):07964         * Element 1427 of array, of type const unsigned int
0B86 02DE             (           main.s):07965                 FDB     $02DE           decimal 734
                      (           main.s):07966         * Element 1428 of array, of type const unsigned int
0B88 02DE             (           main.s):07967                 FDB     $02DE           decimal 734
                      (           main.s):07968         * Element 1429 of array, of type const unsigned int
0B8A 02DD             (           main.s):07969                 FDB     $02DD           decimal 733
                      (           main.s):07970         * Element 1430 of array, of type const unsigned int
0B8C 02DD             (           main.s):07971                 FDB     $02DD           decimal 733
                      (           main.s):07972         * Element 1431 of array, of type const unsigned int
0B8E 02DC             (           main.s):07973                 FDB     $02DC           decimal 732
                      (           main.s):07974         * Element 1432 of array, of type const unsigned int
0B90 02DC             (           main.s):07975                 FDB     $02DC           decimal 732
                      (           main.s):07976         * Element 1433 of array, of type const unsigned int
0B92 02DB             (           main.s):07977                 FDB     $02DB           decimal 731
                      (           main.s):07978         * Element 1434 of array, of type const unsigned int
0B94 02DB             (           main.s):07979                 FDB     $02DB           decimal 731
                      (           main.s):07980         * Element 1435 of array, of type const unsigned int
0B96 02DA             (           main.s):07981                 FDB     $02DA           decimal 730
                      (           main.s):07982         * Element 1436 of array, of type const unsigned int
0B98 02DA             (           main.s):07983                 FDB     $02DA           decimal 730
                      (           main.s):07984         * Element 1437 of array, of type const unsigned int
0B9A 02D9             (           main.s):07985                 FDB     $02D9           decimal 729
                      (           main.s):07986         * Element 1438 of array, of type const unsigned int
0B9C 02D9             (           main.s):07987                 FDB     $02D9           decimal 729
                      (           main.s):07988         * Element 1439 of array, of type const unsigned int
0B9E 02D8             (           main.s):07989                 FDB     $02D8           decimal 728
                      (           main.s):07990         * Element 1440 of array, of type const unsigned int
0BA0 02D8             (           main.s):07991                 FDB     $02D8           decimal 728
                      (           main.s):07992         * Element 1441 of array, of type const unsigned int
0BA2 02D7             (           main.s):07993                 FDB     $02D7           decimal 727
                      (           main.s):07994         * Element 1442 of array, of type const unsigned int
0BA4 02D7             (           main.s):07995                 FDB     $02D7           decimal 727
                      (           main.s):07996         * Element 1443 of array, of type const unsigned int
0BA6 02D6             (           main.s):07997                 FDB     $02D6           decimal 726
                      (           main.s):07998         * Element 1444 of array, of type const unsigned int
0BA8 02D6             (           main.s):07999                 FDB     $02D6           decimal 726
                      (           main.s):08000         * Element 1445 of array, of type const unsigned int
0BAA 02D5             (           main.s):08001                 FDB     $02D5           decimal 725
                      (           main.s):08002         * Element 1446 of array, of type const unsigned int
0BAC 02D5             (           main.s):08003                 FDB     $02D5           decimal 725
                      (           main.s):08004         * Element 1447 of array, of type const unsigned int
0BAE 02D4             (           main.s):08005                 FDB     $02D4           decimal 724
                      (           main.s):08006         * Element 1448 of array, of type const unsigned int
0BB0 02D4             (           main.s):08007                 FDB     $02D4           decimal 724
                      (           main.s):08008         * Element 1449 of array, of type const unsigned int
0BB2 02D3             (           main.s):08009                 FDB     $02D3           decimal 723
                      (           main.s):08010         * Element 1450 of array, of type const unsigned int
0BB4 02D3             (           main.s):08011                 FDB     $02D3           decimal 723
                      (           main.s):08012         * Element 1451 of array, of type const unsigned int
0BB6 02D2             (           main.s):08013                 FDB     $02D2           decimal 722
                      (           main.s):08014         * Element 1452 of array, of type const unsigned int
0BB8 02D2             (           main.s):08015                 FDB     $02D2           decimal 722
                      (           main.s):08016         * Element 1453 of array, of type const unsigned int
0BBA 02D1             (           main.s):08017                 FDB     $02D1           decimal 721
                      (           main.s):08018         * Element 1454 of array, of type const unsigned int
0BBC 02D1             (           main.s):08019                 FDB     $02D1           decimal 721
                      (           main.s):08020         * Element 1455 of array, of type const unsigned int
0BBE 02D0             (           main.s):08021                 FDB     $02D0           decimal 720
                      (           main.s):08022         * Element 1456 of array, of type const unsigned int
0BC0 02D0             (           main.s):08023                 FDB     $02D0           decimal 720
                      (           main.s):08024         * Element 1457 of array, of type const unsigned int
0BC2 02CF             (           main.s):08025                 FDB     $02CF           decimal 719
                      (           main.s):08026         * Element 1458 of array, of type const unsigned int
0BC4 02CF             (           main.s):08027                 FDB     $02CF           decimal 719
                      (           main.s):08028         * Element 1459 of array, of type const unsigned int
0BC6 02CE             (           main.s):08029                 FDB     $02CE           decimal 718
                      (           main.s):08030         * Element 1460 of array, of type const unsigned int
0BC8 02CE             (           main.s):08031                 FDB     $02CE           decimal 718
                      (           main.s):08032         * Element 1461 of array, of type const unsigned int
0BCA 02CD             (           main.s):08033                 FDB     $02CD           decimal 717
                      (           main.s):08034         * Element 1462 of array, of type const unsigned int
0BCC 02CD             (           main.s):08035                 FDB     $02CD           decimal 717
                      (           main.s):08036         * Element 1463 of array, of type const unsigned int
0BCE 02CC             (           main.s):08037                 FDB     $02CC           decimal 716
                      (           main.s):08038         * Element 1464 of array, of type const unsigned int
0BD0 02CC             (           main.s):08039                 FDB     $02CC           decimal 716
                      (           main.s):08040         * Element 1465 of array, of type const unsigned int
0BD2 02CB             (           main.s):08041                 FDB     $02CB           decimal 715
                      (           main.s):08042         * Element 1466 of array, of type const unsigned int
0BD4 02CB             (           main.s):08043                 FDB     $02CB           decimal 715
                      (           main.s):08044         * Element 1467 of array, of type const unsigned int
0BD6 02CA             (           main.s):08045                 FDB     $02CA           decimal 714
                      (           main.s):08046         * Element 1468 of array, of type const unsigned int
0BD8 02CA             (           main.s):08047                 FDB     $02CA           decimal 714
                      (           main.s):08048         * Element 1469 of array, of type const unsigned int
0BDA 02C9             (           main.s):08049                 FDB     $02C9           decimal 713
                      (           main.s):08050         * Element 1470 of array, of type const unsigned int
0BDC 02C9             (           main.s):08051                 FDB     $02C9           decimal 713
                      (           main.s):08052         * Element 1471 of array, of type const unsigned int
0BDE 02C8             (           main.s):08053                 FDB     $02C8           decimal 712
                      (           main.s):08054         * Element 1472 of array, of type const unsigned int
0BE0 02C8             (           main.s):08055                 FDB     $02C8           decimal 712
                      (           main.s):08056         * Element 1473 of array, of type const unsigned int
0BE2 02C7             (           main.s):08057                 FDB     $02C7           decimal 711
                      (           main.s):08058         * Element 1474 of array, of type const unsigned int
0BE4 02C7             (           main.s):08059                 FDB     $02C7           decimal 711
                      (           main.s):08060         * Element 1475 of array, of type const unsigned int
0BE6 02C6             (           main.s):08061                 FDB     $02C6           decimal 710
                      (           main.s):08062         * Element 1476 of array, of type const unsigned int
0BE8 02C6             (           main.s):08063                 FDB     $02C6           decimal 710
                      (           main.s):08064         * Element 1477 of array, of type const unsigned int
0BEA 02C5             (           main.s):08065                 FDB     $02C5           decimal 709
                      (           main.s):08066         * Element 1478 of array, of type const unsigned int
0BEC 02C5             (           main.s):08067                 FDB     $02C5           decimal 709
                      (           main.s):08068         * Element 1479 of array, of type const unsigned int
0BEE 02C4             (           main.s):08069                 FDB     $02C4           decimal 708
                      (           main.s):08070         * Element 1480 of array, of type const unsigned int
0BF0 02C4             (           main.s):08071                 FDB     $02C4           decimal 708
                      (           main.s):08072         * Element 1481 of array, of type const unsigned int
0BF2 02C4             (           main.s):08073                 FDB     $02C4           decimal 708
                      (           main.s):08074         * Element 1482 of array, of type const unsigned int
0BF4 02C3             (           main.s):08075                 FDB     $02C3           decimal 707
                      (           main.s):08076         * Element 1483 of array, of type const unsigned int
0BF6 02C3             (           main.s):08077                 FDB     $02C3           decimal 707
                      (           main.s):08078         * Element 1484 of array, of type const unsigned int
0BF8 02C2             (           main.s):08079                 FDB     $02C2           decimal 706
                      (           main.s):08080         * Element 1485 of array, of type const unsigned int
0BFA 02C2             (           main.s):08081                 FDB     $02C2           decimal 706
                      (           main.s):08082         * Element 1486 of array, of type const unsigned int
0BFC 02C1             (           main.s):08083                 FDB     $02C1           decimal 705
                      (           main.s):08084         * Element 1487 of array, of type const unsigned int
0BFE 02C1             (           main.s):08085                 FDB     $02C1           decimal 705
                      (           main.s):08086         * Element 1488 of array, of type const unsigned int
0C00 02C0             (           main.s):08087                 FDB     $02C0           decimal 704
                      (           main.s):08088         * Element 1489 of array, of type const unsigned int
0C02 02C0             (           main.s):08089                 FDB     $02C0           decimal 704
                      (           main.s):08090         * Element 1490 of array, of type const unsigned int
0C04 02BF             (           main.s):08091                 FDB     $02BF           decimal 703
                      (           main.s):08092         * Element 1491 of array, of type const unsigned int
0C06 02BF             (           main.s):08093                 FDB     $02BF           decimal 703
                      (           main.s):08094         * Element 1492 of array, of type const unsigned int
0C08 02BE             (           main.s):08095                 FDB     $02BE           decimal 702
                      (           main.s):08096         * Element 1493 of array, of type const unsigned int
0C0A 02BE             (           main.s):08097                 FDB     $02BE           decimal 702
                      (           main.s):08098         * Element 1494 of array, of type const unsigned int
0C0C 02BD             (           main.s):08099                 FDB     $02BD           decimal 701
                      (           main.s):08100         * Element 1495 of array, of type const unsigned int
0C0E 02BD             (           main.s):08101                 FDB     $02BD           decimal 701
                      (           main.s):08102         * Element 1496 of array, of type const unsigned int
0C10 02BC             (           main.s):08103                 FDB     $02BC           decimal 700
                      (           main.s):08104         * Element 1497 of array, of type const unsigned int
0C12 02BC             (           main.s):08105                 FDB     $02BC           decimal 700
                      (           main.s):08106         * Element 1498 of array, of type const unsigned int
0C14 02BB             (           main.s):08107                 FDB     $02BB           decimal 699
                      (           main.s):08108         * Element 1499 of array, of type const unsigned int
0C16 02BB             (           main.s):08109                 FDB     $02BB           decimal 699
                      (           main.s):08110         * Element 1500 of array, of type const unsigned int
0C18 02BB             (           main.s):08111                 FDB     $02BB           decimal 699
                      (           main.s):08112         * Element 1501 of array, of type const unsigned int
0C1A 02BA             (           main.s):08113                 FDB     $02BA           decimal 698
                      (           main.s):08114         * Element 1502 of array, of type const unsigned int
0C1C 02BA             (           main.s):08115                 FDB     $02BA           decimal 698
                      (           main.s):08116         * Element 1503 of array, of type const unsigned int
0C1E 02B9             (           main.s):08117                 FDB     $02B9           decimal 697
                      (           main.s):08118         * Element 1504 of array, of type const unsigned int
0C20 02B9             (           main.s):08119                 FDB     $02B9           decimal 697
                      (           main.s):08120         * Element 1505 of array, of type const unsigned int
0C22 02B8             (           main.s):08121                 FDB     $02B8           decimal 696
                      (           main.s):08122         * Element 1506 of array, of type const unsigned int
0C24 02B8             (           main.s):08123                 FDB     $02B8           decimal 696
                      (           main.s):08124         * Element 1507 of array, of type const unsigned int
0C26 02B7             (           main.s):08125                 FDB     $02B7           decimal 695
                      (           main.s):08126         * Element 1508 of array, of type const unsigned int
0C28 02B7             (           main.s):08127                 FDB     $02B7           decimal 695
                      (           main.s):08128         * Element 1509 of array, of type const unsigned int
0C2A 02B6             (           main.s):08129                 FDB     $02B6           decimal 694
                      (           main.s):08130         * Element 1510 of array, of type const unsigned int
0C2C 02B6             (           main.s):08131                 FDB     $02B6           decimal 694
                      (           main.s):08132         * Element 1511 of array, of type const unsigned int
0C2E 02B5             (           main.s):08133                 FDB     $02B5           decimal 693
                      (           main.s):08134         * Element 1512 of array, of type const unsigned int
0C30 02B5             (           main.s):08135                 FDB     $02B5           decimal 693
                      (           main.s):08136         * Element 1513 of array, of type const unsigned int
0C32 02B5             (           main.s):08137                 FDB     $02B5           decimal 693
                      (           main.s):08138         * Element 1514 of array, of type const unsigned int
0C34 02B4             (           main.s):08139                 FDB     $02B4           decimal 692
                      (           main.s):08140         * Element 1515 of array, of type const unsigned int
0C36 02B4             (           main.s):08141                 FDB     $02B4           decimal 692
                      (           main.s):08142         * Element 1516 of array, of type const unsigned int
0C38 02B3             (           main.s):08143                 FDB     $02B3           decimal 691
                      (           main.s):08144         * Element 1517 of array, of type const unsigned int
0C3A 02B3             (           main.s):08145                 FDB     $02B3           decimal 691
                      (           main.s):08146         * Element 1518 of array, of type const unsigned int
0C3C 02B2             (           main.s):08147                 FDB     $02B2           decimal 690
                      (           main.s):08148         * Element 1519 of array, of type const unsigned int
0C3E 02B2             (           main.s):08149                 FDB     $02B2           decimal 690
                      (           main.s):08150         * Element 1520 of array, of type const unsigned int
0C40 02B1             (           main.s):08151                 FDB     $02B1           decimal 689
                      (           main.s):08152         * Element 1521 of array, of type const unsigned int
0C42 02B1             (           main.s):08153                 FDB     $02B1           decimal 689
                      (           main.s):08154         * Element 1522 of array, of type const unsigned int
0C44 02B0             (           main.s):08155                 FDB     $02B0           decimal 688
                      (           main.s):08156         * Element 1523 of array, of type const unsigned int
0C46 02B0             (           main.s):08157                 FDB     $02B0           decimal 688
                      (           main.s):08158         * Element 1524 of array, of type const unsigned int
0C48 02B0             (           main.s):08159                 FDB     $02B0           decimal 688
                      (           main.s):08160         * Element 1525 of array, of type const unsigned int
0C4A 02AF             (           main.s):08161                 FDB     $02AF           decimal 687
                      (           main.s):08162         * Element 1526 of array, of type const unsigned int
0C4C 02AF             (           main.s):08163                 FDB     $02AF           decimal 687
                      (           main.s):08164         * Element 1527 of array, of type const unsigned int
0C4E 02AE             (           main.s):08165                 FDB     $02AE           decimal 686
                      (           main.s):08166         * Element 1528 of array, of type const unsigned int
0C50 02AE             (           main.s):08167                 FDB     $02AE           decimal 686
                      (           main.s):08168         * Element 1529 of array, of type const unsigned int
0C52 02AD             (           main.s):08169                 FDB     $02AD           decimal 685
                      (           main.s):08170         * Element 1530 of array, of type const unsigned int
0C54 02AD             (           main.s):08171                 FDB     $02AD           decimal 685
                      (           main.s):08172         * Element 1531 of array, of type const unsigned int
0C56 02AC             (           main.s):08173                 FDB     $02AC           decimal 684
                      (           main.s):08174         * Element 1532 of array, of type const unsigned int
0C58 02AC             (           main.s):08175                 FDB     $02AC           decimal 684
                      (           main.s):08176         * Element 1533 of array, of type const unsigned int
0C5A 02AB             (           main.s):08177                 FDB     $02AB           decimal 683
                      (           main.s):08178         * Element 1534 of array, of type const unsigned int
0C5C 02AB             (           main.s):08179                 FDB     $02AB           decimal 683
                      (           main.s):08180         * Element 1535 of array, of type const unsigned int
0C5E 02AB             (           main.s):08181                 FDB     $02AB           decimal 683
                      (           main.s):08182         * Element 1536 of array, of type const unsigned int
0C60 02AA             (           main.s):08183                 FDB     $02AA           decimal 682
                      (           main.s):08184         * Element 1537 of array, of type const unsigned int
0C62 02AA             (           main.s):08185                 FDB     $02AA           decimal 682
                      (           main.s):08186         * Element 1538 of array, of type const unsigned int
0C64 02A9             (           main.s):08187                 FDB     $02A9           decimal 681
                      (           main.s):08188         * Element 1539 of array, of type const unsigned int
0C66 02A9             (           main.s):08189                 FDB     $02A9           decimal 681
                      (           main.s):08190         * Element 1540 of array, of type const unsigned int
0C68 02A8             (           main.s):08191                 FDB     $02A8           decimal 680
                      (           main.s):08192         * Element 1541 of array, of type const unsigned int
0C6A 02A8             (           main.s):08193                 FDB     $02A8           decimal 680
                      (           main.s):08194         * Element 1542 of array, of type const unsigned int
0C6C 02A8             (           main.s):08195                 FDB     $02A8           decimal 680
                      (           main.s):08196         * Element 1543 of array, of type const unsigned int
0C6E 02A7             (           main.s):08197                 FDB     $02A7           decimal 679
                      (           main.s):08198         * Element 1544 of array, of type const unsigned int
0C70 02A7             (           main.s):08199                 FDB     $02A7           decimal 679
                      (           main.s):08200         * Element 1545 of array, of type const unsigned int
0C72 02A6             (           main.s):08201                 FDB     $02A6           decimal 678
                      (           main.s):08202         * Element 1546 of array, of type const unsigned int
0C74 02A6             (           main.s):08203                 FDB     $02A6           decimal 678
                      (           main.s):08204         * Element 1547 of array, of type const unsigned int
0C76 02A5             (           main.s):08205                 FDB     $02A5           decimal 677
                      (           main.s):08206         * Element 1548 of array, of type const unsigned int
0C78 02A5             (           main.s):08207                 FDB     $02A5           decimal 677
                      (           main.s):08208         * Element 1549 of array, of type const unsigned int
0C7A 02A4             (           main.s):08209                 FDB     $02A4           decimal 676
                      (           main.s):08210         * Element 1550 of array, of type const unsigned int
0C7C 02A4             (           main.s):08211                 FDB     $02A4           decimal 676
                      (           main.s):08212         * Element 1551 of array, of type const unsigned int
0C7E 02A4             (           main.s):08213                 FDB     $02A4           decimal 676
                      (           main.s):08214         * Element 1552 of array, of type const unsigned int
0C80 02A3             (           main.s):08215                 FDB     $02A3           decimal 675
                      (           main.s):08216         * Element 1553 of array, of type const unsigned int
0C82 02A3             (           main.s):08217                 FDB     $02A3           decimal 675
                      (           main.s):08218         * Element 1554 of array, of type const unsigned int
0C84 02A2             (           main.s):08219                 FDB     $02A2           decimal 674
                      (           main.s):08220         * Element 1555 of array, of type const unsigned int
0C86 02A2             (           main.s):08221                 FDB     $02A2           decimal 674
                      (           main.s):08222         * Element 1556 of array, of type const unsigned int
0C88 02A1             (           main.s):08223                 FDB     $02A1           decimal 673
                      (           main.s):08224         * Element 1557 of array, of type const unsigned int
0C8A 02A1             (           main.s):08225                 FDB     $02A1           decimal 673
                      (           main.s):08226         * Element 1558 of array, of type const unsigned int
0C8C 02A1             (           main.s):08227                 FDB     $02A1           decimal 673
                      (           main.s):08228         * Element 1559 of array, of type const unsigned int
0C8E 02A0             (           main.s):08229                 FDB     $02A0           decimal 672
                      (           main.s):08230         * Element 1560 of array, of type const unsigned int
0C90 02A0             (           main.s):08231                 FDB     $02A0           decimal 672
                      (           main.s):08232         * Element 1561 of array, of type const unsigned int
0C92 029F             (           main.s):08233                 FDB     $029F           decimal 671
                      (           main.s):08234         * Element 1562 of array, of type const unsigned int
0C94 029F             (           main.s):08235                 FDB     $029F           decimal 671
                      (           main.s):08236         * Element 1563 of array, of type const unsigned int
0C96 029E             (           main.s):08237                 FDB     $029E           decimal 670
                      (           main.s):08238         * Element 1564 of array, of type const unsigned int
0C98 029E             (           main.s):08239                 FDB     $029E           decimal 670
                      (           main.s):08240         * Element 1565 of array, of type const unsigned int
0C9A 029E             (           main.s):08241                 FDB     $029E           decimal 670
                      (           main.s):08242         * Element 1566 of array, of type const unsigned int
0C9C 029D             (           main.s):08243                 FDB     $029D           decimal 669
                      (           main.s):08244         * Element 1567 of array, of type const unsigned int
0C9E 029D             (           main.s):08245                 FDB     $029D           decimal 669
                      (           main.s):08246         * Element 1568 of array, of type const unsigned int
0CA0 029C             (           main.s):08247                 FDB     $029C           decimal 668
                      (           main.s):08248         * Element 1569 of array, of type const unsigned int
0CA2 029C             (           main.s):08249                 FDB     $029C           decimal 668
                      (           main.s):08250         * Element 1570 of array, of type const unsigned int
0CA4 029B             (           main.s):08251                 FDB     $029B           decimal 667
                      (           main.s):08252         * Element 1571 of array, of type const unsigned int
0CA6 029B             (           main.s):08253                 FDB     $029B           decimal 667
                      (           main.s):08254         * Element 1572 of array, of type const unsigned int
0CA8 029B             (           main.s):08255                 FDB     $029B           decimal 667
                      (           main.s):08256         * Element 1573 of array, of type const unsigned int
0CAA 029A             (           main.s):08257                 FDB     $029A           decimal 666
                      (           main.s):08258         * Element 1574 of array, of type const unsigned int
0CAC 029A             (           main.s):08259                 FDB     $029A           decimal 666
                      (           main.s):08260         * Element 1575 of array, of type const unsigned int
0CAE 0299             (           main.s):08261                 FDB     $0299           decimal 665
                      (           main.s):08262         * Element 1576 of array, of type const unsigned int
0CB0 0299             (           main.s):08263                 FDB     $0299           decimal 665
                      (           main.s):08264         * Element 1577 of array, of type const unsigned int
0CB2 0298             (           main.s):08265                 FDB     $0298           decimal 664
                      (           main.s):08266         * Element 1578 of array, of type const unsigned int
0CB4 0298             (           main.s):08267                 FDB     $0298           decimal 664
                      (           main.s):08268         * Element 1579 of array, of type const unsigned int
0CB6 0298             (           main.s):08269                 FDB     $0298           decimal 664
                      (           main.s):08270         * Element 1580 of array, of type const unsigned int
0CB8 0297             (           main.s):08271                 FDB     $0297           decimal 663
                      (           main.s):08272         * Element 1581 of array, of type const unsigned int
0CBA 0297             (           main.s):08273                 FDB     $0297           decimal 663
                      (           main.s):08274         * Element 1582 of array, of type const unsigned int
0CBC 0296             (           main.s):08275                 FDB     $0296           decimal 662
                      (           main.s):08276         * Element 1583 of array, of type const unsigned int
0CBE 0296             (           main.s):08277                 FDB     $0296           decimal 662
                      (           main.s):08278         * Element 1584 of array, of type const unsigned int
0CC0 0295             (           main.s):08279                 FDB     $0295           decimal 661
                      (           main.s):08280         * Element 1585 of array, of type const unsigned int
0CC2 0295             (           main.s):08281                 FDB     $0295           decimal 661
                      (           main.s):08282         * Element 1586 of array, of type const unsigned int
0CC4 0295             (           main.s):08283                 FDB     $0295           decimal 661
                      (           main.s):08284         * Element 1587 of array, of type const unsigned int
0CC6 0294             (           main.s):08285                 FDB     $0294           decimal 660
                      (           main.s):08286         * Element 1588 of array, of type const unsigned int
0CC8 0294             (           main.s):08287                 FDB     $0294           decimal 660
                      (           main.s):08288         * Element 1589 of array, of type const unsigned int
0CCA 0293             (           main.s):08289                 FDB     $0293           decimal 659
                      (           main.s):08290         * Element 1590 of array, of type const unsigned int
0CCC 0293             (           main.s):08291                 FDB     $0293           decimal 659
                      (           main.s):08292         * Element 1591 of array, of type const unsigned int
0CCE 0293             (           main.s):08293                 FDB     $0293           decimal 659
                      (           main.s):08294         * Element 1592 of array, of type const unsigned int
0CD0 0292             (           main.s):08295                 FDB     $0292           decimal 658
                      (           main.s):08296         * Element 1593 of array, of type const unsigned int
0CD2 0292             (           main.s):08297                 FDB     $0292           decimal 658
                      (           main.s):08298         * Element 1594 of array, of type const unsigned int
0CD4 0291             (           main.s):08299                 FDB     $0291           decimal 657
                      (           main.s):08300         * Element 1595 of array, of type const unsigned int
0CD6 0291             (           main.s):08301                 FDB     $0291           decimal 657
                      (           main.s):08302         * Element 1596 of array, of type const unsigned int
0CD8 0290             (           main.s):08303                 FDB     $0290           decimal 656
                      (           main.s):08304         * Element 1597 of array, of type const unsigned int
0CDA 0290             (           main.s):08305                 FDB     $0290           decimal 656
                      (           main.s):08306         * Element 1598 of array, of type const unsigned int
0CDC 0290             (           main.s):08307                 FDB     $0290           decimal 656
                      (           main.s):08308         * Element 1599 of array, of type const unsigned int
0CDE 028F             (           main.s):08309                 FDB     $028F           decimal 655
                      (           main.s):08310         * Element 1600 of array, of type const unsigned int
0CE0 028F             (           main.s):08311                 FDB     $028F           decimal 655
                      (           main.s):08312         * Element 1601 of array, of type const unsigned int
0CE2 028E             (           main.s):08313                 FDB     $028E           decimal 654
                      (           main.s):08314         * Element 1602 of array, of type const unsigned int
0CE4 028E             (           main.s):08315                 FDB     $028E           decimal 654
                      (           main.s):08316         * Element 1603 of array, of type const unsigned int
0CE6 028E             (           main.s):08317                 FDB     $028E           decimal 654
                      (           main.s):08318         * Element 1604 of array, of type const unsigned int
0CE8 028D             (           main.s):08319                 FDB     $028D           decimal 653
                      (           main.s):08320         * Element 1605 of array, of type const unsigned int
0CEA 028D             (           main.s):08321                 FDB     $028D           decimal 653
                      (           main.s):08322         * Element 1606 of array, of type const unsigned int
0CEC 028C             (           main.s):08323                 FDB     $028C           decimal 652
                      (           main.s):08324         * Element 1607 of array, of type const unsigned int
0CEE 028C             (           main.s):08325                 FDB     $028C           decimal 652
                      (           main.s):08326         * Element 1608 of array, of type const unsigned int
0CF0 028C             (           main.s):08327                 FDB     $028C           decimal 652
                      (           main.s):08328         * Element 1609 of array, of type const unsigned int
0CF2 028B             (           main.s):08329                 FDB     $028B           decimal 651
                      (           main.s):08330         * Element 1610 of array, of type const unsigned int
0CF4 028B             (           main.s):08331                 FDB     $028B           decimal 651
                      (           main.s):08332         * Element 1611 of array, of type const unsigned int
0CF6 028A             (           main.s):08333                 FDB     $028A           decimal 650
                      (           main.s):08334         * Element 1612 of array, of type const unsigned int
0CF8 028A             (           main.s):08335                 FDB     $028A           decimal 650
                      (           main.s):08336         * Element 1613 of array, of type const unsigned int
0CFA 028A             (           main.s):08337                 FDB     $028A           decimal 650
                      (           main.s):08338         * Element 1614 of array, of type const unsigned int
0CFC 0289             (           main.s):08339                 FDB     $0289           decimal 649
                      (           main.s):08340         * Element 1615 of array, of type const unsigned int
0CFE 0289             (           main.s):08341                 FDB     $0289           decimal 649
                      (           main.s):08342         * Element 1616 of array, of type const unsigned int
0D00 0288             (           main.s):08343                 FDB     $0288           decimal 648
                      (           main.s):08344         * Element 1617 of array, of type const unsigned int
0D02 0288             (           main.s):08345                 FDB     $0288           decimal 648
                      (           main.s):08346         * Element 1618 of array, of type const unsigned int
0D04 0288             (           main.s):08347                 FDB     $0288           decimal 648
                      (           main.s):08348         * Element 1619 of array, of type const unsigned int
0D06 0287             (           main.s):08349                 FDB     $0287           decimal 647
                      (           main.s):08350         * Element 1620 of array, of type const unsigned int
0D08 0287             (           main.s):08351                 FDB     $0287           decimal 647
                      (           main.s):08352         * Element 1621 of array, of type const unsigned int
0D0A 0286             (           main.s):08353                 FDB     $0286           decimal 646
                      (           main.s):08354         * Element 1622 of array, of type const unsigned int
0D0C 0286             (           main.s):08355                 FDB     $0286           decimal 646
                      (           main.s):08356         * Element 1623 of array, of type const unsigned int
0D0E 0286             (           main.s):08357                 FDB     $0286           decimal 646
                      (           main.s):08358         * Element 1624 of array, of type const unsigned int
0D10 0285             (           main.s):08359                 FDB     $0285           decimal 645
                      (           main.s):08360         * Element 1625 of array, of type const unsigned int
0D12 0285             (           main.s):08361                 FDB     $0285           decimal 645
                      (           main.s):08362         * Element 1626 of array, of type const unsigned int
0D14 0284             (           main.s):08363                 FDB     $0284           decimal 644
                      (           main.s):08364         * Element 1627 of array, of type const unsigned int
0D16 0284             (           main.s):08365                 FDB     $0284           decimal 644
                      (           main.s):08366         * Element 1628 of array, of type const unsigned int
0D18 0284             (           main.s):08367                 FDB     $0284           decimal 644
                      (           main.s):08368         * Element 1629 of array, of type const unsigned int
0D1A 0283             (           main.s):08369                 FDB     $0283           decimal 643
                      (           main.s):08370         * Element 1630 of array, of type const unsigned int
0D1C 0283             (           main.s):08371                 FDB     $0283           decimal 643
                      (           main.s):08372         * Element 1631 of array, of type const unsigned int
0D1E 0282             (           main.s):08373                 FDB     $0282           decimal 642
                      (           main.s):08374         * Element 1632 of array, of type const unsigned int
0D20 0282             (           main.s):08375                 FDB     $0282           decimal 642
                      (           main.s):08376         * Element 1633 of array, of type const unsigned int
0D22 0282             (           main.s):08377                 FDB     $0282           decimal 642
                      (           main.s):08378         * Element 1634 of array, of type const unsigned int
0D24 0281             (           main.s):08379                 FDB     $0281           decimal 641
                      (           main.s):08380         * Element 1635 of array, of type const unsigned int
0D26 0281             (           main.s):08381                 FDB     $0281           decimal 641
                      (           main.s):08382         * Element 1636 of array, of type const unsigned int
0D28 0280             (           main.s):08383                 FDB     $0280           decimal 640
                      (           main.s):08384         * Element 1637 of array, of type const unsigned int
0D2A 0280             (           main.s):08385                 FDB     $0280           decimal 640
                      (           main.s):08386         * Element 1638 of array, of type const unsigned int
0D2C 0280             (           main.s):08387                 FDB     $0280           decimal 640
                      (           main.s):08388         * Element 1639 of array, of type const unsigned int
0D2E 027F             (           main.s):08389                 FDB     $027F           decimal 639
                      (           main.s):08390         * Element 1640 of array, of type const unsigned int
0D30 027F             (           main.s):08391                 FDB     $027F           decimal 639
                      (           main.s):08392         * Element 1641 of array, of type const unsigned int
0D32 027E             (           main.s):08393                 FDB     $027E           decimal 638
                      (           main.s):08394         * Element 1642 of array, of type const unsigned int
0D34 027E             (           main.s):08395                 FDB     $027E           decimal 638
                      (           main.s):08396         * Element 1643 of array, of type const unsigned int
0D36 027E             (           main.s):08397                 FDB     $027E           decimal 638
                      (           main.s):08398         * Element 1644 of array, of type const unsigned int
0D38 027D             (           main.s):08399                 FDB     $027D           decimal 637
                      (           main.s):08400         * Element 1645 of array, of type const unsigned int
0D3A 027D             (           main.s):08401                 FDB     $027D           decimal 637
                      (           main.s):08402         * Element 1646 of array, of type const unsigned int
0D3C 027D             (           main.s):08403                 FDB     $027D           decimal 637
                      (           main.s):08404         * Element 1647 of array, of type const unsigned int
0D3E 027C             (           main.s):08405                 FDB     $027C           decimal 636
                      (           main.s):08406         * Element 1648 of array, of type const unsigned int
0D40 027C             (           main.s):08407                 FDB     $027C           decimal 636
                      (           main.s):08408         * Element 1649 of array, of type const unsigned int
0D42 027B             (           main.s):08409                 FDB     $027B           decimal 635
                      (           main.s):08410         * Element 1650 of array, of type const unsigned int
0D44 027B             (           main.s):08411                 FDB     $027B           decimal 635
                      (           main.s):08412         * Element 1651 of array, of type const unsigned int
0D46 027B             (           main.s):08413                 FDB     $027B           decimal 635
                      (           main.s):08414         * Element 1652 of array, of type const unsigned int
0D48 027A             (           main.s):08415                 FDB     $027A           decimal 634
                      (           main.s):08416         * Element 1653 of array, of type const unsigned int
0D4A 027A             (           main.s):08417                 FDB     $027A           decimal 634
                      (           main.s):08418         * Element 1654 of array, of type const unsigned int
0D4C 0279             (           main.s):08419                 FDB     $0279           decimal 633
                      (           main.s):08420         * Element 1655 of array, of type const unsigned int
0D4E 0279             (           main.s):08421                 FDB     $0279           decimal 633
                      (           main.s):08422         * Element 1656 of array, of type const unsigned int
0D50 0279             (           main.s):08423                 FDB     $0279           decimal 633
                      (           main.s):08424         * Element 1657 of array, of type const unsigned int
0D52 0278             (           main.s):08425                 FDB     $0278           decimal 632
                      (           main.s):08426         * Element 1658 of array, of type const unsigned int
0D54 0278             (           main.s):08427                 FDB     $0278           decimal 632
                      (           main.s):08428         * Element 1659 of array, of type const unsigned int
0D56 0278             (           main.s):08429                 FDB     $0278           decimal 632
                      (           main.s):08430         * Element 1660 of array, of type const unsigned int
0D58 0277             (           main.s):08431                 FDB     $0277           decimal 631
                      (           main.s):08432         * Element 1661 of array, of type const unsigned int
0D5A 0277             (           main.s):08433                 FDB     $0277           decimal 631
                      (           main.s):08434         * Element 1662 of array, of type const unsigned int
0D5C 0276             (           main.s):08435                 FDB     $0276           decimal 630
                      (           main.s):08436         * Element 1663 of array, of type const unsigned int
0D5E 0276             (           main.s):08437                 FDB     $0276           decimal 630
                      (           main.s):08438         * Element 1664 of array, of type const unsigned int
0D60 0276             (           main.s):08439                 FDB     $0276           decimal 630
                      (           main.s):08440         * Element 1665 of array, of type const unsigned int
0D62 0275             (           main.s):08441                 FDB     $0275           decimal 629
                      (           main.s):08442         * Element 1666 of array, of type const unsigned int
0D64 0275             (           main.s):08443                 FDB     $0275           decimal 629
                      (           main.s):08444         * Element 1667 of array, of type const unsigned int
0D66 0275             (           main.s):08445                 FDB     $0275           decimal 629
                      (           main.s):08446         * Element 1668 of array, of type const unsigned int
0D68 0274             (           main.s):08447                 FDB     $0274           decimal 628
                      (           main.s):08448         * Element 1669 of array, of type const unsigned int
0D6A 0274             (           main.s):08449                 FDB     $0274           decimal 628
                      (           main.s):08450         * Element 1670 of array, of type const unsigned int
0D6C 0273             (           main.s):08451                 FDB     $0273           decimal 627
                      (           main.s):08452         * Element 1671 of array, of type const unsigned int
0D6E 0273             (           main.s):08453                 FDB     $0273           decimal 627
                      (           main.s):08454         * Element 1672 of array, of type const unsigned int
0D70 0273             (           main.s):08455                 FDB     $0273           decimal 627
                      (           main.s):08456         * Element 1673 of array, of type const unsigned int
0D72 0272             (           main.s):08457                 FDB     $0272           decimal 626
                      (           main.s):08458         * Element 1674 of array, of type const unsigned int
0D74 0272             (           main.s):08459                 FDB     $0272           decimal 626
                      (           main.s):08460         * Element 1675 of array, of type const unsigned int
0D76 0272             (           main.s):08461                 FDB     $0272           decimal 626
                      (           main.s):08462         * Element 1676 of array, of type const unsigned int
0D78 0271             (           main.s):08463                 FDB     $0271           decimal 625
                      (           main.s):08464         * Element 1677 of array, of type const unsigned int
0D7A 0271             (           main.s):08465                 FDB     $0271           decimal 625
                      (           main.s):08466         * Element 1678 of array, of type const unsigned int
0D7C 0270             (           main.s):08467                 FDB     $0270           decimal 624
                      (           main.s):08468         * Element 1679 of array, of type const unsigned int
0D7E 0270             (           main.s):08469                 FDB     $0270           decimal 624
                      (           main.s):08470         * Element 1680 of array, of type const unsigned int
0D80 0270             (           main.s):08471                 FDB     $0270           decimal 624
                      (           main.s):08472         * Element 1681 of array, of type const unsigned int
0D82 026F             (           main.s):08473                 FDB     $026F           decimal 623
                      (           main.s):08474         * Element 1682 of array, of type const unsigned int
0D84 026F             (           main.s):08475                 FDB     $026F           decimal 623
                      (           main.s):08476         * Element 1683 of array, of type const unsigned int
0D86 026F             (           main.s):08477                 FDB     $026F           decimal 623
                      (           main.s):08478         * Element 1684 of array, of type const unsigned int
0D88 026E             (           main.s):08479                 FDB     $026E           decimal 622
                      (           main.s):08480         * Element 1685 of array, of type const unsigned int
0D8A 026E             (           main.s):08481                 FDB     $026E           decimal 622
                      (           main.s):08482         * Element 1686 of array, of type const unsigned int
0D8C 026D             (           main.s):08483                 FDB     $026D           decimal 621
                      (           main.s):08484         * Element 1687 of array, of type const unsigned int
0D8E 026D             (           main.s):08485                 FDB     $026D           decimal 621
                      (           main.s):08486         * Element 1688 of array, of type const unsigned int
0D90 026D             (           main.s):08487                 FDB     $026D           decimal 621
                      (           main.s):08488         * Element 1689 of array, of type const unsigned int
0D92 026C             (           main.s):08489                 FDB     $026C           decimal 620
                      (           main.s):08490         * Element 1690 of array, of type const unsigned int
0D94 026C             (           main.s):08491                 FDB     $026C           decimal 620
                      (           main.s):08492         * Element 1691 of array, of type const unsigned int
0D96 026C             (           main.s):08493                 FDB     $026C           decimal 620
                      (           main.s):08494         * Element 1692 of array, of type const unsigned int
0D98 026B             (           main.s):08495                 FDB     $026B           decimal 619
                      (           main.s):08496         * Element 1693 of array, of type const unsigned int
0D9A 026B             (           main.s):08497                 FDB     $026B           decimal 619
                      (           main.s):08498         * Element 1694 of array, of type const unsigned int
0D9C 026A             (           main.s):08499                 FDB     $026A           decimal 618
                      (           main.s):08500         * Element 1695 of array, of type const unsigned int
0D9E 026A             (           main.s):08501                 FDB     $026A           decimal 618
                      (           main.s):08502         * Element 1696 of array, of type const unsigned int
0DA0 026A             (           main.s):08503                 FDB     $026A           decimal 618
                      (           main.s):08504         * Element 1697 of array, of type const unsigned int
0DA2 0269             (           main.s):08505                 FDB     $0269           decimal 617
                      (           main.s):08506         * Element 1698 of array, of type const unsigned int
0DA4 0269             (           main.s):08507                 FDB     $0269           decimal 617
                      (           main.s):08508         * Element 1699 of array, of type const unsigned int
0DA6 0269             (           main.s):08509                 FDB     $0269           decimal 617
                      (           main.s):08510         * Element 1700 of array, of type const unsigned int
0DA8 0268             (           main.s):08511                 FDB     $0268           decimal 616
                      (           main.s):08512         * Element 1701 of array, of type const unsigned int
0DAA 0268             (           main.s):08513                 FDB     $0268           decimal 616
                      (           main.s):08514         * Element 1702 of array, of type const unsigned int
0DAC 0268             (           main.s):08515                 FDB     $0268           decimal 616
                      (           main.s):08516         * Element 1703 of array, of type const unsigned int
0DAE 0267             (           main.s):08517                 FDB     $0267           decimal 615
                      (           main.s):08518         * Element 1704 of array, of type const unsigned int
0DB0 0267             (           main.s):08519                 FDB     $0267           decimal 615
                      (           main.s):08520         * Element 1705 of array, of type const unsigned int
0DB2 0266             (           main.s):08521                 FDB     $0266           decimal 614
                      (           main.s):08522         * Element 1706 of array, of type const unsigned int
0DB4 0266             (           main.s):08523                 FDB     $0266           decimal 614
                      (           main.s):08524         * Element 1707 of array, of type const unsigned int
0DB6 0266             (           main.s):08525                 FDB     $0266           decimal 614
                      (           main.s):08526         * Element 1708 of array, of type const unsigned int
0DB8 0265             (           main.s):08527                 FDB     $0265           decimal 613
                      (           main.s):08528         * Element 1709 of array, of type const unsigned int
0DBA 0265             (           main.s):08529                 FDB     $0265           decimal 613
                      (           main.s):08530         * Element 1710 of array, of type const unsigned int
0DBC 0265             (           main.s):08531                 FDB     $0265           decimal 613
                      (           main.s):08532         * Element 1711 of array, of type const unsigned int
0DBE 0264             (           main.s):08533                 FDB     $0264           decimal 612
                      (           main.s):08534         * Element 1712 of array, of type const unsigned int
0DC0 0264             (           main.s):08535                 FDB     $0264           decimal 612
                      (           main.s):08536         * Element 1713 of array, of type const unsigned int
0DC2 0264             (           main.s):08537                 FDB     $0264           decimal 612
                      (           main.s):08538         * Element 1714 of array, of type const unsigned int
0DC4 0263             (           main.s):08539                 FDB     $0263           decimal 611
                      (           main.s):08540         * Element 1715 of array, of type const unsigned int
0DC6 0263             (           main.s):08541                 FDB     $0263           decimal 611
                      (           main.s):08542         * Element 1716 of array, of type const unsigned int
0DC8 0263             (           main.s):08543                 FDB     $0263           decimal 611
                      (           main.s):08544         * Element 1717 of array, of type const unsigned int
0DCA 0262             (           main.s):08545                 FDB     $0262           decimal 610
                      (           main.s):08546         * Element 1718 of array, of type const unsigned int
0DCC 0262             (           main.s):08547                 FDB     $0262           decimal 610
                      (           main.s):08548         * Element 1719 of array, of type const unsigned int
0DCE 0261             (           main.s):08549                 FDB     $0261           decimal 609
                      (           main.s):08550         * Element 1720 of array, of type const unsigned int
0DD0 0261             (           main.s):08551                 FDB     $0261           decimal 609
                      (           main.s):08552         * Element 1721 of array, of type const unsigned int
0DD2 0261             (           main.s):08553                 FDB     $0261           decimal 609
                      (           main.s):08554         * Element 1722 of array, of type const unsigned int
0DD4 0260             (           main.s):08555                 FDB     $0260           decimal 608
                      (           main.s):08556         * Element 1723 of array, of type const unsigned int
0DD6 0260             (           main.s):08557                 FDB     $0260           decimal 608
                      (           main.s):08558         * Element 1724 of array, of type const unsigned int
0DD8 0260             (           main.s):08559                 FDB     $0260           decimal 608
                      (           main.s):08560         * Element 1725 of array, of type const unsigned int
0DDA 025F             (           main.s):08561                 FDB     $025F           decimal 607
                      (           main.s):08562         * Element 1726 of array, of type const unsigned int
0DDC 025F             (           main.s):08563                 FDB     $025F           decimal 607
                      (           main.s):08564         * Element 1727 of array, of type const unsigned int
0DDE 025F             (           main.s):08565                 FDB     $025F           decimal 607
                      (           main.s):08566         * Element 1728 of array, of type const unsigned int
0DE0 025E             (           main.s):08567                 FDB     $025E           decimal 606
                      (           main.s):08568         * Element 1729 of array, of type const unsigned int
0DE2 025E             (           main.s):08569                 FDB     $025E           decimal 606
                      (           main.s):08570         * Element 1730 of array, of type const unsigned int
0DE4 025E             (           main.s):08571                 FDB     $025E           decimal 606
                      (           main.s):08572         * Element 1731 of array, of type const unsigned int
0DE6 025D             (           main.s):08573                 FDB     $025D           decimal 605
                      (           main.s):08574         * Element 1732 of array, of type const unsigned int
0DE8 025D             (           main.s):08575                 FDB     $025D           decimal 605
                      (           main.s):08576         * Element 1733 of array, of type const unsigned int
0DEA 025D             (           main.s):08577                 FDB     $025D           decimal 605
                      (           main.s):08578         * Element 1734 of array, of type const unsigned int
0DEC 025C             (           main.s):08579                 FDB     $025C           decimal 604
                      (           main.s):08580         * Element 1735 of array, of type const unsigned int
0DEE 025C             (           main.s):08581                 FDB     $025C           decimal 604
                      (           main.s):08582         * Element 1736 of array, of type const unsigned int
0DF0 025C             (           main.s):08583                 FDB     $025C           decimal 604
                      (           main.s):08584         * Element 1737 of array, of type const unsigned int
0DF2 025B             (           main.s):08585                 FDB     $025B           decimal 603
                      (           main.s):08586         * Element 1738 of array, of type const unsigned int
0DF4 025B             (           main.s):08587                 FDB     $025B           decimal 603
                      (           main.s):08588         * Element 1739 of array, of type const unsigned int
0DF6 025A             (           main.s):08589                 FDB     $025A           decimal 602
                      (           main.s):08590         * Element 1740 of array, of type const unsigned int
0DF8 025A             (           main.s):08591                 FDB     $025A           decimal 602
                      (           main.s):08592         * Element 1741 of array, of type const unsigned int
0DFA 025A             (           main.s):08593                 FDB     $025A           decimal 602
                      (           main.s):08594         * Element 1742 of array, of type const unsigned int
0DFC 0259             (           main.s):08595                 FDB     $0259           decimal 601
                      (           main.s):08596         * Element 1743 of array, of type const unsigned int
0DFE 0259             (           main.s):08597                 FDB     $0259           decimal 601
                      (           main.s):08598         * Element 1744 of array, of type const unsigned int
0E00 0259             (           main.s):08599                 FDB     $0259           decimal 601
                      (           main.s):08600         * Element 1745 of array, of type const unsigned int
0E02 0258             (           main.s):08601                 FDB     $0258           decimal 600
                      (           main.s):08602         * Element 1746 of array, of type const unsigned int
0E04 0258             (           main.s):08603                 FDB     $0258           decimal 600
                      (           main.s):08604         * Element 1747 of array, of type const unsigned int
0E06 0258             (           main.s):08605                 FDB     $0258           decimal 600
                      (           main.s):08606         * Element 1748 of array, of type const unsigned int
0E08 0257             (           main.s):08607                 FDB     $0257           decimal 599
                      (           main.s):08608         * Element 1749 of array, of type const unsigned int
0E0A 0257             (           main.s):08609                 FDB     $0257           decimal 599
                      (           main.s):08610         * Element 1750 of array, of type const unsigned int
0E0C 0257             (           main.s):08611                 FDB     $0257           decimal 599
                      (           main.s):08612         * Element 1751 of array, of type const unsigned int
0E0E 0256             (           main.s):08613                 FDB     $0256           decimal 598
                      (           main.s):08614         * Element 1752 of array, of type const unsigned int
0E10 0256             (           main.s):08615                 FDB     $0256           decimal 598
                      (           main.s):08616         * Element 1753 of array, of type const unsigned int
0E12 0256             (           main.s):08617                 FDB     $0256           decimal 598
                      (           main.s):08618         * Element 1754 of array, of type const unsigned int
0E14 0255             (           main.s):08619                 FDB     $0255           decimal 597
                      (           main.s):08620         * Element 1755 of array, of type const unsigned int
0E16 0255             (           main.s):08621                 FDB     $0255           decimal 597
                      (           main.s):08622         * Element 1756 of array, of type const unsigned int
0E18 0255             (           main.s):08623                 FDB     $0255           decimal 597
                      (           main.s):08624         * Element 1757 of array, of type const unsigned int
0E1A 0254             (           main.s):08625                 FDB     $0254           decimal 596
                      (           main.s):08626         * Element 1758 of array, of type const unsigned int
0E1C 0254             (           main.s):08627                 FDB     $0254           decimal 596
                      (           main.s):08628         * Element 1759 of array, of type const unsigned int
0E1E 0254             (           main.s):08629                 FDB     $0254           decimal 596
                      (           main.s):08630         * Element 1760 of array, of type const unsigned int
0E20 0253             (           main.s):08631                 FDB     $0253           decimal 595
                      (           main.s):08632         * Element 1761 of array, of type const unsigned int
0E22 0253             (           main.s):08633                 FDB     $0253           decimal 595
                      (           main.s):08634         * Element 1762 of array, of type const unsigned int
0E24 0253             (           main.s):08635                 FDB     $0253           decimal 595
                      (           main.s):08636         * Element 1763 of array, of type const unsigned int
0E26 0252             (           main.s):08637                 FDB     $0252           decimal 594
                      (           main.s):08638         * Element 1764 of array, of type const unsigned int
0E28 0252             (           main.s):08639                 FDB     $0252           decimal 594
                      (           main.s):08640         * Element 1765 of array, of type const unsigned int
0E2A 0252             (           main.s):08641                 FDB     $0252           decimal 594
                      (           main.s):08642         * Element 1766 of array, of type const unsigned int
0E2C 0251             (           main.s):08643                 FDB     $0251           decimal 593
                      (           main.s):08644         * Element 1767 of array, of type const unsigned int
0E2E 0251             (           main.s):08645                 FDB     $0251           decimal 593
                      (           main.s):08646         * Element 1768 of array, of type const unsigned int
0E30 0251             (           main.s):08647                 FDB     $0251           decimal 593
                      (           main.s):08648         * Element 1769 of array, of type const unsigned int
0E32 0250             (           main.s):08649                 FDB     $0250           decimal 592
                      (           main.s):08650         * Element 1770 of array, of type const unsigned int
0E34 0250             (           main.s):08651                 FDB     $0250           decimal 592
                      (           main.s):08652         * Element 1771 of array, of type const unsigned int
0E36 0250             (           main.s):08653                 FDB     $0250           decimal 592
                      (           main.s):08654         * Element 1772 of array, of type const unsigned int
0E38 024F             (           main.s):08655                 FDB     $024F           decimal 591
                      (           main.s):08656         * Element 1773 of array, of type const unsigned int
0E3A 024F             (           main.s):08657                 FDB     $024F           decimal 591
                      (           main.s):08658         * Element 1774 of array, of type const unsigned int
0E3C 024F             (           main.s):08659                 FDB     $024F           decimal 591
                      (           main.s):08660         * Element 1775 of array, of type const unsigned int
0E3E 024E             (           main.s):08661                 FDB     $024E           decimal 590
                      (           main.s):08662         * Element 1776 of array, of type const unsigned int
0E40 024E             (           main.s):08663                 FDB     $024E           decimal 590
                      (           main.s):08664         * Element 1777 of array, of type const unsigned int
0E42 024E             (           main.s):08665                 FDB     $024E           decimal 590
                      (           main.s):08666         * Element 1778 of array, of type const unsigned int
0E44 024D             (           main.s):08667                 FDB     $024D           decimal 589
                      (           main.s):08668         * Element 1779 of array, of type const unsigned int
0E46 024D             (           main.s):08669                 FDB     $024D           decimal 589
                      (           main.s):08670         * Element 1780 of array, of type const unsigned int
0E48 024D             (           main.s):08671                 FDB     $024D           decimal 589
                      (           main.s):08672         * Element 1781 of array, of type const unsigned int
0E4A 024C             (           main.s):08673                 FDB     $024C           decimal 588
                      (           main.s):08674         * Element 1782 of array, of type const unsigned int
0E4C 024C             (           main.s):08675                 FDB     $024C           decimal 588
                      (           main.s):08676         * Element 1783 of array, of type const unsigned int
0E4E 024C             (           main.s):08677                 FDB     $024C           decimal 588
                      (           main.s):08678         * Element 1784 of array, of type const unsigned int
0E50 024B             (           main.s):08679                 FDB     $024B           decimal 587
                      (           main.s):08680         * Element 1785 of array, of type const unsigned int
0E52 024B             (           main.s):08681                 FDB     $024B           decimal 587
                      (           main.s):08682         * Element 1786 of array, of type const unsigned int
0E54 024B             (           main.s):08683                 FDB     $024B           decimal 587
                      (           main.s):08684         * Element 1787 of array, of type const unsigned int
0E56 024A             (           main.s):08685                 FDB     $024A           decimal 586
                      (           main.s):08686         * Element 1788 of array, of type const unsigned int
0E58 024A             (           main.s):08687                 FDB     $024A           decimal 586
                      (           main.s):08688         * Element 1789 of array, of type const unsigned int
0E5A 024A             (           main.s):08689                 FDB     $024A           decimal 586
                      (           main.s):08690         * Element 1790 of array, of type const unsigned int
0E5C 0249             (           main.s):08691                 FDB     $0249           decimal 585
                      (           main.s):08692         * Element 1791 of array, of type const unsigned int
0E5E 0249             (           main.s):08693                 FDB     $0249           decimal 585
                      (           main.s):08694         * Element 1792 of array, of type const unsigned int
0E60 0249             (           main.s):08695                 FDB     $0249           decimal 585
                      (           main.s):08696         * Element 1793 of array, of type const unsigned int
0E62 0248             (           main.s):08697                 FDB     $0248           decimal 584
                      (           main.s):08698         * Element 1794 of array, of type const unsigned int
0E64 0248             (           main.s):08699                 FDB     $0248           decimal 584
                      (           main.s):08700         * Element 1795 of array, of type const unsigned int
0E66 0248             (           main.s):08701                 FDB     $0248           decimal 584
                      (           main.s):08702         * Element 1796 of array, of type const unsigned int
0E68 0247             (           main.s):08703                 FDB     $0247           decimal 583
                      (           main.s):08704         * Element 1797 of array, of type const unsigned int
0E6A 0247             (           main.s):08705                 FDB     $0247           decimal 583
                      (           main.s):08706         * Element 1798 of array, of type const unsigned int
0E6C 0247             (           main.s):08707                 FDB     $0247           decimal 583
                      (           main.s):08708         * Element 1799 of array, of type const unsigned int
0E6E 0246             (           main.s):08709                 FDB     $0246           decimal 582
                      (           main.s):08710         * Element 1800 of array, of type const unsigned int
0E70 0246             (           main.s):08711                 FDB     $0246           decimal 582
                      (           main.s):08712         * Element 1801 of array, of type const unsigned int
0E72 0246             (           main.s):08713                 FDB     $0246           decimal 582
                      (           main.s):08714         * Element 1802 of array, of type const unsigned int
0E74 0245             (           main.s):08715                 FDB     $0245           decimal 581
                      (           main.s):08716         * Element 1803 of array, of type const unsigned int
0E76 0245             (           main.s):08717                 FDB     $0245           decimal 581
                      (           main.s):08718         * Element 1804 of array, of type const unsigned int
0E78 0245             (           main.s):08719                 FDB     $0245           decimal 581
                      (           main.s):08720         * Element 1805 of array, of type const unsigned int
0E7A 0244             (           main.s):08721                 FDB     $0244           decimal 580
                      (           main.s):08722         * Element 1806 of array, of type const unsigned int
0E7C 0244             (           main.s):08723                 FDB     $0244           decimal 580
                      (           main.s):08724         * Element 1807 of array, of type const unsigned int
0E7E 0244             (           main.s):08725                 FDB     $0244           decimal 580
                      (           main.s):08726         * Element 1808 of array, of type const unsigned int
0E80 0243             (           main.s):08727                 FDB     $0243           decimal 579
                      (           main.s):08728         * Element 1809 of array, of type const unsigned int
0E82 0243             (           main.s):08729                 FDB     $0243           decimal 579
                      (           main.s):08730         * Element 1810 of array, of type const unsigned int
0E84 0243             (           main.s):08731                 FDB     $0243           decimal 579
                      (           main.s):08732         * Element 1811 of array, of type const unsigned int
0E86 0242             (           main.s):08733                 FDB     $0242           decimal 578
                      (           main.s):08734         * Element 1812 of array, of type const unsigned int
0E88 0242             (           main.s):08735                 FDB     $0242           decimal 578
                      (           main.s):08736         * Element 1813 of array, of type const unsigned int
0E8A 0242             (           main.s):08737                 FDB     $0242           decimal 578
                      (           main.s):08738         * Element 1814 of array, of type const unsigned int
0E8C 0242             (           main.s):08739                 FDB     $0242           decimal 578
                      (           main.s):08740         * Element 1815 of array, of type const unsigned int
0E8E 0241             (           main.s):08741                 FDB     $0241           decimal 577
                      (           main.s):08742         * Element 1816 of array, of type const unsigned int
0E90 0241             (           main.s):08743                 FDB     $0241           decimal 577
                      (           main.s):08744         * Element 1817 of array, of type const unsigned int
0E92 0241             (           main.s):08745                 FDB     $0241           decimal 577
                      (           main.s):08746         * Element 1818 of array, of type const unsigned int
0E94 0240             (           main.s):08747                 FDB     $0240           decimal 576
                      (           main.s):08748         * Element 1819 of array, of type const unsigned int
0E96 0240             (           main.s):08749                 FDB     $0240           decimal 576
                      (           main.s):08750         * Element 1820 of array, of type const unsigned int
0E98 0240             (           main.s):08751                 FDB     $0240           decimal 576
                      (           main.s):08752         * Element 1821 of array, of type const unsigned int
0E9A 023F             (           main.s):08753                 FDB     $023F           decimal 575
                      (           main.s):08754         * Element 1822 of array, of type const unsigned int
0E9C 023F             (           main.s):08755                 FDB     $023F           decimal 575
                      (           main.s):08756         * Element 1823 of array, of type const unsigned int
0E9E 023F             (           main.s):08757                 FDB     $023F           decimal 575
                      (           main.s):08758         * Element 1824 of array, of type const unsigned int
0EA0 023E             (           main.s):08759                 FDB     $023E           decimal 574
                      (           main.s):08760         * Element 1825 of array, of type const unsigned int
0EA2 023E             (           main.s):08761                 FDB     $023E           decimal 574
                      (           main.s):08762         * Element 1826 of array, of type const unsigned int
0EA4 023E             (           main.s):08763                 FDB     $023E           decimal 574
                      (           main.s):08764         * Element 1827 of array, of type const unsigned int
0EA6 023D             (           main.s):08765                 FDB     $023D           decimal 573
                      (           main.s):08766         * Element 1828 of array, of type const unsigned int
0EA8 023D             (           main.s):08767                 FDB     $023D           decimal 573
                      (           main.s):08768         * Element 1829 of array, of type const unsigned int
0EAA 023D             (           main.s):08769                 FDB     $023D           decimal 573
                      (           main.s):08770         * Element 1830 of array, of type const unsigned int
0EAC 023C             (           main.s):08771                 FDB     $023C           decimal 572
                      (           main.s):08772         * Element 1831 of array, of type const unsigned int
0EAE 023C             (           main.s):08773                 FDB     $023C           decimal 572
                      (           main.s):08774         * Element 1832 of array, of type const unsigned int
0EB0 023C             (           main.s):08775                 FDB     $023C           decimal 572
                      (           main.s):08776         * Element 1833 of array, of type const unsigned int
0EB2 023C             (           main.s):08777                 FDB     $023C           decimal 572
                      (           main.s):08778         * Element 1834 of array, of type const unsigned int
0EB4 023B             (           main.s):08779                 FDB     $023B           decimal 571
                      (           main.s):08780         * Element 1835 of array, of type const unsigned int
0EB6 023B             (           main.s):08781                 FDB     $023B           decimal 571
                      (           main.s):08782         * Element 1836 of array, of type const unsigned int
0EB8 023B             (           main.s):08783                 FDB     $023B           decimal 571
                      (           main.s):08784         * Element 1837 of array, of type const unsigned int
0EBA 023A             (           main.s):08785                 FDB     $023A           decimal 570
                      (           main.s):08786         * Element 1838 of array, of type const unsigned int
0EBC 023A             (           main.s):08787                 FDB     $023A           decimal 570
                      (           main.s):08788         * Element 1839 of array, of type const unsigned int
0EBE 023A             (           main.s):08789                 FDB     $023A           decimal 570
                      (           main.s):08790         * Element 1840 of array, of type const unsigned int
0EC0 0239             (           main.s):08791                 FDB     $0239           decimal 569
                      (           main.s):08792         * Element 1841 of array, of type const unsigned int
0EC2 0239             (           main.s):08793                 FDB     $0239           decimal 569
                      (           main.s):08794         * Element 1842 of array, of type const unsigned int
0EC4 0239             (           main.s):08795                 FDB     $0239           decimal 569
                      (           main.s):08796         * Element 1843 of array, of type const unsigned int
0EC6 0238             (           main.s):08797                 FDB     $0238           decimal 568
                      (           main.s):08798         * Element 1844 of array, of type const unsigned int
0EC8 0238             (           main.s):08799                 FDB     $0238           decimal 568
                      (           main.s):08800         * Element 1845 of array, of type const unsigned int
0ECA 0238             (           main.s):08801                 FDB     $0238           decimal 568
                      (           main.s):08802         * Element 1846 of array, of type const unsigned int
0ECC 0238             (           main.s):08803                 FDB     $0238           decimal 568
                      (           main.s):08804         * Element 1847 of array, of type const unsigned int
0ECE 0237             (           main.s):08805                 FDB     $0237           decimal 567
                      (           main.s):08806         * Element 1848 of array, of type const unsigned int
0ED0 0237             (           main.s):08807                 FDB     $0237           decimal 567
                      (           main.s):08808         * Element 1849 of array, of type const unsigned int
0ED2 0237             (           main.s):08809                 FDB     $0237           decimal 567
                      (           main.s):08810         * Element 1850 of array, of type const unsigned int
0ED4 0236             (           main.s):08811                 FDB     $0236           decimal 566
                      (           main.s):08812         * Element 1851 of array, of type const unsigned int
0ED6 0236             (           main.s):08813                 FDB     $0236           decimal 566
                      (           main.s):08814         * Element 1852 of array, of type const unsigned int
0ED8 0236             (           main.s):08815                 FDB     $0236           decimal 566
                      (           main.s):08816         * Element 1853 of array, of type const unsigned int
0EDA 0235             (           main.s):08817                 FDB     $0235           decimal 565
                      (           main.s):08818         * Element 1854 of array, of type const unsigned int
0EDC 0235             (           main.s):08819                 FDB     $0235           decimal 565
                      (           main.s):08820         * Element 1855 of array, of type const unsigned int
0EDE 0235             (           main.s):08821                 FDB     $0235           decimal 565
                      (           main.s):08822         * Element 1856 of array, of type const unsigned int
0EE0 0234             (           main.s):08823                 FDB     $0234           decimal 564
                      (           main.s):08824         * Element 1857 of array, of type const unsigned int
0EE2 0234             (           main.s):08825                 FDB     $0234           decimal 564
                      (           main.s):08826         * Element 1858 of array, of type const unsigned int
0EE4 0234             (           main.s):08827                 FDB     $0234           decimal 564
                      (           main.s):08828         * Element 1859 of array, of type const unsigned int
0EE6 0234             (           main.s):08829                 FDB     $0234           decimal 564
                      (           main.s):08830         * Element 1860 of array, of type const unsigned int
0EE8 0233             (           main.s):08831                 FDB     $0233           decimal 563
                      (           main.s):08832         * Element 1861 of array, of type const unsigned int
0EEA 0233             (           main.s):08833                 FDB     $0233           decimal 563
                      (           main.s):08834         * Element 1862 of array, of type const unsigned int
0EEC 0233             (           main.s):08835                 FDB     $0233           decimal 563
                      (           main.s):08836         * Element 1863 of array, of type const unsigned int
0EEE 0232             (           main.s):08837                 FDB     $0232           decimal 562
                      (           main.s):08838         * Element 1864 of array, of type const unsigned int
0EF0 0232             (           main.s):08839                 FDB     $0232           decimal 562
                      (           main.s):08840         * Element 1865 of array, of type const unsigned int
0EF2 0232             (           main.s):08841                 FDB     $0232           decimal 562
                      (           main.s):08842         * Element 1866 of array, of type const unsigned int
0EF4 0231             (           main.s):08843                 FDB     $0231           decimal 561
                      (           main.s):08844         * Element 1867 of array, of type const unsigned int
0EF6 0231             (           main.s):08845                 FDB     $0231           decimal 561
                      (           main.s):08846         * Element 1868 of array, of type const unsigned int
0EF8 0231             (           main.s):08847                 FDB     $0231           decimal 561
                      (           main.s):08848         * Element 1869 of array, of type const unsigned int
0EFA 0231             (           main.s):08849                 FDB     $0231           decimal 561
                      (           main.s):08850         * Element 1870 of array, of type const unsigned int
0EFC 0230             (           main.s):08851                 FDB     $0230           decimal 560
                      (           main.s):08852         * Element 1871 of array, of type const unsigned int
0EFE 0230             (           main.s):08853                 FDB     $0230           decimal 560
                      (           main.s):08854         * Element 1872 of array, of type const unsigned int
0F00 0230             (           main.s):08855                 FDB     $0230           decimal 560
                      (           main.s):08856         * Element 1873 of array, of type const unsigned int
0F02 022F             (           main.s):08857                 FDB     $022F           decimal 559
                      (           main.s):08858         * Element 1874 of array, of type const unsigned int
0F04 022F             (           main.s):08859                 FDB     $022F           decimal 559
                      (           main.s):08860         * Element 1875 of array, of type const unsigned int
0F06 022F             (           main.s):08861                 FDB     $022F           decimal 559
                      (           main.s):08862         * Element 1876 of array, of type const unsigned int
0F08 022E             (           main.s):08863                 FDB     $022E           decimal 558
                      (           main.s):08864         * Element 1877 of array, of type const unsigned int
0F0A 022E             (           main.s):08865                 FDB     $022E           decimal 558
                      (           main.s):08866         * Element 1878 of array, of type const unsigned int
0F0C 022E             (           main.s):08867                 FDB     $022E           decimal 558
                      (           main.s):08868         * Element 1879 of array, of type const unsigned int
0F0E 022E             (           main.s):08869                 FDB     $022E           decimal 558
                      (           main.s):08870         * Element 1880 of array, of type const unsigned int
0F10 022D             (           main.s):08871                 FDB     $022D           decimal 557
                      (           main.s):08872         * Element 1881 of array, of type const unsigned int
0F12 022D             (           main.s):08873                 FDB     $022D           decimal 557
                      (           main.s):08874         * Element 1882 of array, of type const unsigned int
0F14 022D             (           main.s):08875                 FDB     $022D           decimal 557
                      (           main.s):08876         * Element 1883 of array, of type const unsigned int
0F16 022C             (           main.s):08877                 FDB     $022C           decimal 556
                      (           main.s):08878         * Element 1884 of array, of type const unsigned int
0F18 022C             (           main.s):08879                 FDB     $022C           decimal 556
                      (           main.s):08880         * Element 1885 of array, of type const unsigned int
0F1A 022C             (           main.s):08881                 FDB     $022C           decimal 556
                      (           main.s):08882         * Element 1886 of array, of type const unsigned int
0F1C 022B             (           main.s):08883                 FDB     $022B           decimal 555
                      (           main.s):08884         * Element 1887 of array, of type const unsigned int
0F1E 022B             (           main.s):08885                 FDB     $022B           decimal 555
                      (           main.s):08886         * Element 1888 of array, of type const unsigned int
0F20 022B             (           main.s):08887                 FDB     $022B           decimal 555
                      (           main.s):08888         * Element 1889 of array, of type const unsigned int
0F22 022B             (           main.s):08889                 FDB     $022B           decimal 555
                      (           main.s):08890         * Element 1890 of array, of type const unsigned int
0F24 022A             (           main.s):08891                 FDB     $022A           decimal 554
                      (           main.s):08892         * Element 1891 of array, of type const unsigned int
0F26 022A             (           main.s):08893                 FDB     $022A           decimal 554
                      (           main.s):08894         * Element 1892 of array, of type const unsigned int
0F28 022A             (           main.s):08895                 FDB     $022A           decimal 554
                      (           main.s):08896         * Element 1893 of array, of type const unsigned int
0F2A 0229             (           main.s):08897                 FDB     $0229           decimal 553
                      (           main.s):08898         * Element 1894 of array, of type const unsigned int
0F2C 0229             (           main.s):08899                 FDB     $0229           decimal 553
                      (           main.s):08900         * Element 1895 of array, of type const unsigned int
0F2E 0229             (           main.s):08901                 FDB     $0229           decimal 553
                      (           main.s):08902         * Element 1896 of array, of type const unsigned int
0F30 0229             (           main.s):08903                 FDB     $0229           decimal 553
                      (           main.s):08904         * Element 1897 of array, of type const unsigned int
0F32 0228             (           main.s):08905                 FDB     $0228           decimal 552
                      (           main.s):08906         * Element 1898 of array, of type const unsigned int
0F34 0228             (           main.s):08907                 FDB     $0228           decimal 552
                      (           main.s):08908         * Element 1899 of array, of type const unsigned int
0F36 0228             (           main.s):08909                 FDB     $0228           decimal 552
                      (           main.s):08910         * Element 1900 of array, of type const unsigned int
0F38 0227             (           main.s):08911                 FDB     $0227           decimal 551
                      (           main.s):08912         * Element 1901 of array, of type const unsigned int
0F3A 0227             (           main.s):08913                 FDB     $0227           decimal 551
                      (           main.s):08914         * Element 1902 of array, of type const unsigned int
0F3C 0227             (           main.s):08915                 FDB     $0227           decimal 551
                      (           main.s):08916         * Element 1903 of array, of type const unsigned int
0F3E 0227             (           main.s):08917                 FDB     $0227           decimal 551
                      (           main.s):08918         * Element 1904 of array, of type const unsigned int
0F40 0226             (           main.s):08919                 FDB     $0226           decimal 550
                      (           main.s):08920         * Element 1905 of array, of type const unsigned int
0F42 0226             (           main.s):08921                 FDB     $0226           decimal 550
                      (           main.s):08922         * Element 1906 of array, of type const unsigned int
0F44 0226             (           main.s):08923                 FDB     $0226           decimal 550
                      (           main.s):08924         * Element 1907 of array, of type const unsigned int
0F46 0225             (           main.s):08925                 FDB     $0225           decimal 549
                      (           main.s):08926         * Element 1908 of array, of type const unsigned int
0F48 0225             (           main.s):08927                 FDB     $0225           decimal 549
                      (           main.s):08928         * Element 1909 of array, of type const unsigned int
0F4A 0225             (           main.s):08929                 FDB     $0225           decimal 549
                      (           main.s):08930         * Element 1910 of array, of type const unsigned int
0F4C 0224             (           main.s):08931                 FDB     $0224           decimal 548
                      (           main.s):08932         * Element 1911 of array, of type const unsigned int
0F4E 0224             (           main.s):08933                 FDB     $0224           decimal 548
                      (           main.s):08934         * Element 1912 of array, of type const unsigned int
0F50 0224             (           main.s):08935                 FDB     $0224           decimal 548
                      (           main.s):08936         * Element 1913 of array, of type const unsigned int
0F52 0224             (           main.s):08937                 FDB     $0224           decimal 548
                      (           main.s):08938         * Element 1914 of array, of type const unsigned int
0F54 0223             (           main.s):08939                 FDB     $0223           decimal 547
                      (           main.s):08940         * Element 1915 of array, of type const unsigned int
0F56 0223             (           main.s):08941                 FDB     $0223           decimal 547
                      (           main.s):08942         * Element 1916 of array, of type const unsigned int
0F58 0223             (           main.s):08943                 FDB     $0223           decimal 547
                      (           main.s):08944         * Element 1917 of array, of type const unsigned int
0F5A 0222             (           main.s):08945                 FDB     $0222           decimal 546
                      (           main.s):08946         * Element 1918 of array, of type const unsigned int
0F5C 0222             (           main.s):08947                 FDB     $0222           decimal 546
                      (           main.s):08948         * Element 1919 of array, of type const unsigned int
0F5E 0222             (           main.s):08949                 FDB     $0222           decimal 546
                      (           main.s):08950         * Element 1920 of array, of type const unsigned int
0F60 0222             (           main.s):08951                 FDB     $0222           decimal 546
                      (           main.s):08952         * Element 1921 of array, of type const unsigned int
0F62 0221             (           main.s):08953                 FDB     $0221           decimal 545
                      (           main.s):08954         * Element 1922 of array, of type const unsigned int
0F64 0221             (           main.s):08955                 FDB     $0221           decimal 545
                      (           main.s):08956         * Element 1923 of array, of type const unsigned int
0F66 0221             (           main.s):08957                 FDB     $0221           decimal 545
                      (           main.s):08958         * Element 1924 of array, of type const unsigned int
0F68 0220             (           main.s):08959                 FDB     $0220           decimal 544
                      (           main.s):08960         * Element 1925 of array, of type const unsigned int
0F6A 0220             (           main.s):08961                 FDB     $0220           decimal 544
                      (           main.s):08962         * Element 1926 of array, of type const unsigned int
0F6C 0220             (           main.s):08963                 FDB     $0220           decimal 544
                      (           main.s):08964         * Element 1927 of array, of type const unsigned int
0F6E 0220             (           main.s):08965                 FDB     $0220           decimal 544
                      (           main.s):08966         * Element 1928 of array, of type const unsigned int
0F70 021F             (           main.s):08967                 FDB     $021F           decimal 543
                      (           main.s):08968         * Element 1929 of array, of type const unsigned int
0F72 021F             (           main.s):08969                 FDB     $021F           decimal 543
                      (           main.s):08970         * Element 1930 of array, of type const unsigned int
0F74 021F             (           main.s):08971                 FDB     $021F           decimal 543
                      (           main.s):08972         * Element 1931 of array, of type const unsigned int
0F76 021F             (           main.s):08973                 FDB     $021F           decimal 543
                      (           main.s):08974         * Element 1932 of array, of type const unsigned int
0F78 021E             (           main.s):08975                 FDB     $021E           decimal 542
                      (           main.s):08976         * Element 1933 of array, of type const unsigned int
0F7A 021E             (           main.s):08977                 FDB     $021E           decimal 542
                      (           main.s):08978         * Element 1934 of array, of type const unsigned int
0F7C 021E             (           main.s):08979                 FDB     $021E           decimal 542
                      (           main.s):08980         * Element 1935 of array, of type const unsigned int
0F7E 021D             (           main.s):08981                 FDB     $021D           decimal 541
                      (           main.s):08982         * Element 1936 of array, of type const unsigned int
0F80 021D             (           main.s):08983                 FDB     $021D           decimal 541
                      (           main.s):08984         * Element 1937 of array, of type const unsigned int
0F82 021D             (           main.s):08985                 FDB     $021D           decimal 541
                      (           main.s):08986         * Element 1938 of array, of type const unsigned int
0F84 021D             (           main.s):08987                 FDB     $021D           decimal 541
                      (           main.s):08988         * Element 1939 of array, of type const unsigned int
0F86 021C             (           main.s):08989                 FDB     $021C           decimal 540
                      (           main.s):08990         * Element 1940 of array, of type const unsigned int
0F88 021C             (           main.s):08991                 FDB     $021C           decimal 540
                      (           main.s):08992         * Element 1941 of array, of type const unsigned int
0F8A 021C             (           main.s):08993                 FDB     $021C           decimal 540
                      (           main.s):08994         * Element 1942 of array, of type const unsigned int
0F8C 021B             (           main.s):08995                 FDB     $021B           decimal 539
                      (           main.s):08996         * Element 1943 of array, of type const unsigned int
0F8E 021B             (           main.s):08997                 FDB     $021B           decimal 539
                      (           main.s):08998         * Element 1944 of array, of type const unsigned int
0F90 021B             (           main.s):08999                 FDB     $021B           decimal 539
                      (           main.s):09000         * Element 1945 of array, of type const unsigned int
0F92 021B             (           main.s):09001                 FDB     $021B           decimal 539
                      (           main.s):09002         * Element 1946 of array, of type const unsigned int
0F94 021A             (           main.s):09003                 FDB     $021A           decimal 538
                      (           main.s):09004         * Element 1947 of array, of type const unsigned int
0F96 021A             (           main.s):09005                 FDB     $021A           decimal 538
                      (           main.s):09006         * Element 1948 of array, of type const unsigned int
0F98 021A             (           main.s):09007                 FDB     $021A           decimal 538
                      (           main.s):09008         * Element 1949 of array, of type const unsigned int
0F9A 0219             (           main.s):09009                 FDB     $0219           decimal 537
                      (           main.s):09010         * Element 1950 of array, of type const unsigned int
0F9C 0219             (           main.s):09011                 FDB     $0219           decimal 537
                      (           main.s):09012         * Element 1951 of array, of type const unsigned int
0F9E 0219             (           main.s):09013                 FDB     $0219           decimal 537
                      (           main.s):09014         * Element 1952 of array, of type const unsigned int
0FA0 0219             (           main.s):09015                 FDB     $0219           decimal 537
                      (           main.s):09016         * Element 1953 of array, of type const unsigned int
0FA2 0218             (           main.s):09017                 FDB     $0218           decimal 536
                      (           main.s):09018         * Element 1954 of array, of type const unsigned int
0FA4 0218             (           main.s):09019                 FDB     $0218           decimal 536
                      (           main.s):09020         * Element 1955 of array, of type const unsigned int
0FA6 0218             (           main.s):09021                 FDB     $0218           decimal 536
                      (           main.s):09022         * Element 1956 of array, of type const unsigned int
0FA8 0218             (           main.s):09023                 FDB     $0218           decimal 536
                      (           main.s):09024         * Element 1957 of array, of type const unsigned int
0FAA 0217             (           main.s):09025                 FDB     $0217           decimal 535
                      (           main.s):09026         * Element 1958 of array, of type const unsigned int
0FAC 0217             (           main.s):09027                 FDB     $0217           decimal 535
                      (           main.s):09028         * Element 1959 of array, of type const unsigned int
0FAE 0217             (           main.s):09029                 FDB     $0217           decimal 535
                      (           main.s):09030         * Element 1960 of array, of type const unsigned int
0FB0 0216             (           main.s):09031                 FDB     $0216           decimal 534
                      (           main.s):09032         * Element 1961 of array, of type const unsigned int
0FB2 0216             (           main.s):09033                 FDB     $0216           decimal 534
                      (           main.s):09034         * Element 1962 of array, of type const unsigned int
0FB4 0216             (           main.s):09035                 FDB     $0216           decimal 534
                      (           main.s):09036         * Element 1963 of array, of type const unsigned int
0FB6 0216             (           main.s):09037                 FDB     $0216           decimal 534
                      (           main.s):09038         * Element 1964 of array, of type const unsigned int
0FB8 0215             (           main.s):09039                 FDB     $0215           decimal 533
                      (           main.s):09040         * Element 1965 of array, of type const unsigned int
0FBA 0215             (           main.s):09041                 FDB     $0215           decimal 533
                      (           main.s):09042         * Element 1966 of array, of type const unsigned int
0FBC 0215             (           main.s):09043                 FDB     $0215           decimal 533
                      (           main.s):09044         * Element 1967 of array, of type const unsigned int
0FBE 0215             (           main.s):09045                 FDB     $0215           decimal 533
                      (           main.s):09046         * Element 1968 of array, of type const unsigned int
0FC0 0214             (           main.s):09047                 FDB     $0214           decimal 532
                      (           main.s):09048         * Element 1969 of array, of type const unsigned int
0FC2 0214             (           main.s):09049                 FDB     $0214           decimal 532
                      (           main.s):09050         * Element 1970 of array, of type const unsigned int
0FC4 0214             (           main.s):09051                 FDB     $0214           decimal 532
                      (           main.s):09052         * Element 1971 of array, of type const unsigned int
0FC6 0213             (           main.s):09053                 FDB     $0213           decimal 531
                      (           main.s):09054         * Element 1972 of array, of type const unsigned int
0FC8 0213             (           main.s):09055                 FDB     $0213           decimal 531
                      (           main.s):09056         * Element 1973 of array, of type const unsigned int
0FCA 0213             (           main.s):09057                 FDB     $0213           decimal 531
                      (           main.s):09058         * Element 1974 of array, of type const unsigned int
0FCC 0213             (           main.s):09059                 FDB     $0213           decimal 531
                      (           main.s):09060         * Element 1975 of array, of type const unsigned int
0FCE 0212             (           main.s):09061                 FDB     $0212           decimal 530
                      (           main.s):09062         * Element 1976 of array, of type const unsigned int
0FD0 0212             (           main.s):09063                 FDB     $0212           decimal 530
                      (           main.s):09064         * Element 1977 of array, of type const unsigned int
0FD2 0212             (           main.s):09065                 FDB     $0212           decimal 530
                      (           main.s):09066         * Element 1978 of array, of type const unsigned int
0FD4 0212             (           main.s):09067                 FDB     $0212           decimal 530
                      (           main.s):09068         * Element 1979 of array, of type const unsigned int
0FD6 0211             (           main.s):09069                 FDB     $0211           decimal 529
                      (           main.s):09070         * Element 1980 of array, of type const unsigned int
0FD8 0211             (           main.s):09071                 FDB     $0211           decimal 529
                      (           main.s):09072         * Element 1981 of array, of type const unsigned int
0FDA 0211             (           main.s):09073                 FDB     $0211           decimal 529
                      (           main.s):09074         * Element 1982 of array, of type const unsigned int
0FDC 0211             (           main.s):09075                 FDB     $0211           decimal 529
                      (           main.s):09076         * Element 1983 of array, of type const unsigned int
0FDE 0210             (           main.s):09077                 FDB     $0210           decimal 528
                      (           main.s):09078         * Element 1984 of array, of type const unsigned int
0FE0 0210             (           main.s):09079                 FDB     $0210           decimal 528
                      (           main.s):09080         * Element 1985 of array, of type const unsigned int
0FE2 0210             (           main.s):09081                 FDB     $0210           decimal 528
                      (           main.s):09082         * Element 1986 of array, of type const unsigned int
0FE4 020F             (           main.s):09083                 FDB     $020F           decimal 527
                      (           main.s):09084         * Element 1987 of array, of type const unsigned int
0FE6 020F             (           main.s):09085                 FDB     $020F           decimal 527
                      (           main.s):09086         * Element 1988 of array, of type const unsigned int
0FE8 020F             (           main.s):09087                 FDB     $020F           decimal 527
                      (           main.s):09088         * Element 1989 of array, of type const unsigned int
0FEA 020F             (           main.s):09089                 FDB     $020F           decimal 527
                      (           main.s):09090         * Element 1990 of array, of type const unsigned int
0FEC 020E             (           main.s):09091                 FDB     $020E           decimal 526
                      (           main.s):09092         * Element 1991 of array, of type const unsigned int
0FEE 020E             (           main.s):09093                 FDB     $020E           decimal 526
                      (           main.s):09094         * Element 1992 of array, of type const unsigned int
0FF0 020E             (           main.s):09095                 FDB     $020E           decimal 526
                      (           main.s):09096         * Element 1993 of array, of type const unsigned int
0FF2 020E             (           main.s):09097                 FDB     $020E           decimal 526
                      (           main.s):09098         * Element 1994 of array, of type const unsigned int
0FF4 020D             (           main.s):09099                 FDB     $020D           decimal 525
                      (           main.s):09100         * Element 1995 of array, of type const unsigned int
0FF6 020D             (           main.s):09101                 FDB     $020D           decimal 525
                      (           main.s):09102         * Element 1996 of array, of type const unsigned int
0FF8 020D             (           main.s):09103                 FDB     $020D           decimal 525
                      (           main.s):09104         * Element 1997 of array, of type const unsigned int
0FFA 020D             (           main.s):09105                 FDB     $020D           decimal 525
                      (           main.s):09106         * Element 1998 of array, of type const unsigned int
0FFC 020C             (           main.s):09107                 FDB     $020C           decimal 524
                      (           main.s):09108         * Element 1999 of array, of type const unsigned int
0FFE 020C             (           main.s):09109                 FDB     $020C           decimal 524
                      (           main.s):09110         * Element 2000 of array, of type const unsigned int
1000 020C             (           main.s):09111                 FDB     $020C           decimal 524
                      (           main.s):09112         * Element 2001 of array, of type const unsigned int
1002 020C             (           main.s):09113                 FDB     $020C           decimal 524
                      (           main.s):09114         * Element 2002 of array, of type const unsigned int
1004 020B             (           main.s):09115                 FDB     $020B           decimal 523
                      (           main.s):09116         * Element 2003 of array, of type const unsigned int
1006 020B             (           main.s):09117                 FDB     $020B           decimal 523
                      (           main.s):09118         * Element 2004 of array, of type const unsigned int
1008 020B             (           main.s):09119                 FDB     $020B           decimal 523
                      (           main.s):09120         * Element 2005 of array, of type const unsigned int
100A 020A             (           main.s):09121                 FDB     $020A           decimal 522
                      (           main.s):09122         * Element 2006 of array, of type const unsigned int
100C 020A             (           main.s):09123                 FDB     $020A           decimal 522
                      (           main.s):09124         * Element 2007 of array, of type const unsigned int
100E 020A             (           main.s):09125                 FDB     $020A           decimal 522
                      (           main.s):09126         * Element 2008 of array, of type const unsigned int
1010 020A             (           main.s):09127                 FDB     $020A           decimal 522
                      (           main.s):09128         * Element 2009 of array, of type const unsigned int
1012 0209             (           main.s):09129                 FDB     $0209           decimal 521
                      (           main.s):09130         * Element 2010 of array, of type const unsigned int
1014 0209             (           main.s):09131                 FDB     $0209           decimal 521
                      (           main.s):09132         * Element 2011 of array, of type const unsigned int
1016 0209             (           main.s):09133                 FDB     $0209           decimal 521
                      (           main.s):09134         * Element 2012 of array, of type const unsigned int
1018 0209             (           main.s):09135                 FDB     $0209           decimal 521
                      (           main.s):09136         * Element 2013 of array, of type const unsigned int
101A 0208             (           main.s):09137                 FDB     $0208           decimal 520
                      (           main.s):09138         * Element 2014 of array, of type const unsigned int
101C 0208             (           main.s):09139                 FDB     $0208           decimal 520
                      (           main.s):09140         * Element 2015 of array, of type const unsigned int
101E 0208             (           main.s):09141                 FDB     $0208           decimal 520
                      (           main.s):09142         * Element 2016 of array, of type const unsigned int
1020 0208             (           main.s):09143                 FDB     $0208           decimal 520
                      (           main.s):09144         * Element 2017 of array, of type const unsigned int
1022 0207             (           main.s):09145                 FDB     $0207           decimal 519
                      (           main.s):09146         * Element 2018 of array, of type const unsigned int
1024 0207             (           main.s):09147                 FDB     $0207           decimal 519
                      (           main.s):09148         * Element 2019 of array, of type const unsigned int
1026 0207             (           main.s):09149                 FDB     $0207           decimal 519
                      (           main.s):09150         * Element 2020 of array, of type const unsigned int
1028 0207             (           main.s):09151                 FDB     $0207           decimal 519
                      (           main.s):09152         * Element 2021 of array, of type const unsigned int
102A 0206             (           main.s):09153                 FDB     $0206           decimal 518
                      (           main.s):09154         * Element 2022 of array, of type const unsigned int
102C 0206             (           main.s):09155                 FDB     $0206           decimal 518
                      (           main.s):09156         * Element 2023 of array, of type const unsigned int
102E 0206             (           main.s):09157                 FDB     $0206           decimal 518
                      (           main.s):09158         * Element 2024 of array, of type const unsigned int
1030 0206             (           main.s):09159                 FDB     $0206           decimal 518
                      (           main.s):09160         * Element 2025 of array, of type const unsigned int
1032 0205             (           main.s):09161                 FDB     $0205           decimal 517
                      (           main.s):09162         * Element 2026 of array, of type const unsigned int
1034 0205             (           main.s):09163                 FDB     $0205           decimal 517
                      (           main.s):09164         * Element 2027 of array, of type const unsigned int
1036 0205             (           main.s):09165                 FDB     $0205           decimal 517
                      (           main.s):09166         * Element 2028 of array, of type const unsigned int
1038 0205             (           main.s):09167                 FDB     $0205           decimal 517
                      (           main.s):09168         * Element 2029 of array, of type const unsigned int
103A 0204             (           main.s):09169                 FDB     $0204           decimal 516
                      (           main.s):09170         * Element 2030 of array, of type const unsigned int
103C 0204             (           main.s):09171                 FDB     $0204           decimal 516
                      (           main.s):09172         * Element 2031 of array, of type const unsigned int
103E 0204             (           main.s):09173                 FDB     $0204           decimal 516
                      (           main.s):09174         * Element 2032 of array, of type const unsigned int
1040 0204             (           main.s):09175                 FDB     $0204           decimal 516
                      (           main.s):09176         * Element 2033 of array, of type const unsigned int
1042 0203             (           main.s):09177                 FDB     $0203           decimal 515
                      (           main.s):09178         * Element 2034 of array, of type const unsigned int
1044 0203             (           main.s):09179                 FDB     $0203           decimal 515
                      (           main.s):09180         * Element 2035 of array, of type const unsigned int
1046 0203             (           main.s):09181                 FDB     $0203           decimal 515
                      (           main.s):09182         * Element 2036 of array, of type const unsigned int
1048 0203             (           main.s):09183                 FDB     $0203           decimal 515
                      (           main.s):09184         * Element 2037 of array, of type const unsigned int
104A 0202             (           main.s):09185                 FDB     $0202           decimal 514
                      (           main.s):09186         * Element 2038 of array, of type const unsigned int
104C 0202             (           main.s):09187                 FDB     $0202           decimal 514
                      (           main.s):09188         * Element 2039 of array, of type const unsigned int
104E 0202             (           main.s):09189                 FDB     $0202           decimal 514
                      (           main.s):09190         * Element 2040 of array, of type const unsigned int
1050 0202             (           main.s):09191                 FDB     $0202           decimal 514
                      (           main.s):09192         * Element 2041 of array, of type const unsigned int
1052 0201             (           main.s):09193                 FDB     $0201           decimal 513
                      (           main.s):09194         * Element 2042 of array, of type const unsigned int
1054 0201             (           main.s):09195                 FDB     $0201           decimal 513
                      (           main.s):09196         * Element 2043 of array, of type const unsigned int
1056 0201             (           main.s):09197                 FDB     $0201           decimal 513
                      (           main.s):09198         * Element 2044 of array, of type const unsigned int
1058 0200             (           main.s):09199                 FDB     $0200           decimal 512
                      (           main.s):09200         * Element 2045 of array, of type const unsigned int
105A 0200             (           main.s):09201                 FDB     $0200           decimal 512
                      (           main.s):09202         * Element 2046 of array, of type const unsigned int
105C 0200             (           main.s):09203                 FDB     $0200           decimal 512
                      (           main.s):09204         * Element 2047 of array, of type const unsigned int
105E 0200             (           main.s):09205                 FDB     $0200           decimal 512
                      (           main.s):09206         
                      (           main.s):09207         
                      (           main.s):09208                 ENDSECTION
                      (           main.s):09209         
                      (           main.s):09210         
                      (           main.s):09211         
                      (           main.s):09212         
                      (           main.s):09213                 SECTION initgl_end
                      (           main.s):09214         
                      (           main.s):09215         
0000 39               (           main.s):09216                 RTS                     end of global variable initialization
                      (           main.s):09217         
                      (           main.s):09218         
                      (           main.s):09219                 ENDSECTION
                      (           main.s):09220         
                      (           main.s):09221         
                      (           main.s):09222         
                      (           main.s):09223         
                      (           main.s):09224         *******************************************************************************
                      (           main.s):09225         
                      (           main.s):09226         
                      (           main.s):09227         
                      (           main.s):09228                 SECTION program_end
                      (           main.s):09229         
                      (           main.s):09230         
                      (           main.s):09231         program_end     EXPORT
     0000             (           main.s):09232         program_end     EQU     *
                      (           main.s):09233         
                      (           main.s):09234         
                      (           main.s):09235                 ENDSECTION
                      (           main.s):09236         
                      (           main.s):09237         
                      (           main.s):09238         
                      (           main.s):09239         
                      (           main.s):09240         *******************************************************************************
                      (           main.s):09241         
                      (           main.s):09242         * WRITABLE DATA SECTION
                      (           main.s):09243         
                      (           main.s):09244         
                      (           main.s):09245                 SECTION rwdata
                      (           main.s):09246         
                      (           main.s):09247         
                      (           main.s):09248         * Statically-initialized global variables
     0000             (           main.s):09249         _world  EQU     *               world: char[][][]
                      (           main.s):09250         * Element 0 of array, of type char[][]
                      (           main.s):09251         * Element 0 of array, of type char[]
                      (           main.s):09252         * Element 0 of array, of type char
0000 00               (           main.s):09253                 FCB     $00             decimal 0
                      (           main.s):09254         * Element 1 of array, of type char
0001 00               (           main.s):09255                 FCB     $00             decimal 0
                      (           main.s):09256         * Element 2 of array, of type char
0002 00               (           main.s):09257                 FCB     $00             decimal 0
                      (           main.s):09258         * Element 1 of array, of type char[]
                      (           main.s):09259         * Element 0 of array, of type char
0003 00               (           main.s):09260                 FCB     $00             decimal 0
                      (           main.s):09261         * Element 1 of array, of type char
0004 00               (           main.s):09262                 FCB     $00             decimal 0
                      (           main.s):09263         * Element 2 of array, of type char
0005 00               (           main.s):09264                 FCB     $00             decimal 0
                      (           main.s):09265         * Element 2 of array, of type char[]
                      (           main.s):09266         * Element 0 of array, of type char
0006 00               (           main.s):09267                 FCB     $00             decimal 0
                      (           main.s):09268         * Element 1 of array, of type char
0007 00               (           main.s):09269                 FCB     $00             decimal 0
                      (           main.s):09270         * Element 2 of array, of type char
0008 00               (           main.s):09271                 FCB     $00             decimal 0
                      (           main.s):09272         * Element 1 of array, of type char[][]
                      (           main.s):09273         * Element 0 of array, of type char[]
                      (           main.s):09274         * Element 0 of array, of type char
0009 00               (           main.s):09275                 FCB     $00             decimal 0
                      (           main.s):09276         * Element 1 of array, of type char
000A 00               (           main.s):09277                 FCB     $00             decimal 0
                      (           main.s):09278         * Element 2 of array, of type char
000B 00               (           main.s):09279                 FCB     $00             decimal 0
                      (           main.s):09280         * Element 1 of array, of type char[]
                      (           main.s):09281         * Element 0 of array, of type char
000C 00               (           main.s):09282                 FCB     $00             decimal 0
                      (           main.s):09283         * Element 1 of array, of type char
000D 00               (           main.s):09284                 FCB     $00             decimal 0
                      (           main.s):09285         * Element 2 of array, of type char
000E 00               (           main.s):09286                 FCB     $00             decimal 0
                      (           main.s):09287         * Element 2 of array, of type char[]
                      (           main.s):09288         * Element 0 of array, of type char
000F 00               (           main.s):09289                 FCB     $00             decimal 0
                      (           main.s):09290         * Element 1 of array, of type char
0010 00               (           main.s):09291                 FCB     $00             decimal 0
                      (           main.s):09292         * Element 2 of array, of type char
0011 00               (           main.s):09293                 FCB     $00             decimal 0
                      (           main.s):09294         * Element 2 of array, of type char[][]
                      (           main.s):09295         * Element 0 of array, of type char[]
                      (           main.s):09296         * Element 0 of array, of type char
0012 00               (           main.s):09297                 FCB     $00             decimal 0
                      (           main.s):09298         * Element 1 of array, of type char
0013 00               (           main.s):09299                 FCB     $00             decimal 0
                      (           main.s):09300         * Element 2 of array, of type char
0014 00               (           main.s):09301                 FCB     $00             decimal 0
                      (           main.s):09302         * Element 1 of array, of type char[]
                      (           main.s):09303         * Element 0 of array, of type char
0015 00               (           main.s):09304                 FCB     $00             decimal 0
                      (           main.s):09305         * Element 1 of array, of type char
0016 00               (           main.s):09306                 FCB     $00             decimal 0
                      (           main.s):09307         * Element 2 of array, of type char
0017 00               (           main.s):09308                 FCB     $00             decimal 0
                      (           main.s):09309         * Element 2 of array, of type char[]
                      (           main.s):09310         * Element 0 of array, of type char
0018 00               (           main.s):09311                 FCB     $00             decimal 0
                      (           main.s):09312         * Element 1 of array, of type char
0019 00               (           main.s):09313                 FCB     $00             decimal 0
                      (           main.s):09314         * Element 2 of array, of type char
001A 00               (           main.s):09315                 FCB     $00             decimal 0
     001B             (           main.s):09316         _decimalx       EQU     *               decimalx: long: main.c:60
001B 0000             (           main.s):09317                 FDB     $00             decimal 0
001D 0000             (           main.s):09318                 FDB     $00
     001F             (           main.s):09319         _decimalz       EQU     *               decimalz: long: main.c:61
001F 0000             (           main.s):09320                 FDB     $00             decimal 0
0021 0000             (           main.s):09321                 FDB     $00
                      (           main.s):09322         * Statically-initialized local static variables
                      (           main.s):09323         
                      (           main.s):09324         
                      (           main.s):09325                 ENDSECTION
                      (           main.s):09326         
                      (           main.s):09327         
                      (           main.s):09328         
                      (           main.s):09329         
                      (           main.s):09330                 SECTION bss
                      (           main.s):09331         
                      (           main.s):09332         
     0000             (           main.s):09333         bss_start       EQU     *
                      (           main.s):09334         * Uninitialized global variables
     0000             (           main.s):09335         _dxSinCache     EQU     *
0000                  (           main.s):09336                 RMB     24              dxSinCache: unsigned int[]: main.c:48
     0018             (           main.s):09337         _dzCosCache     EQU     *
0018                  (           main.s):09338                 RMB     24              dzCosCache: unsigned int[]: main.c:49
     0030             (           main.s):09339         _dxCosCache     EQU     *
0030                  (           main.s):09340                 RMB     24              dxCosCache: unsigned int[]: main.c:50
     0048             (           main.s):09341         _dzSinCache     EQU     *
0048                  (           main.s):09342                 RMB     24              dzSinCache: unsigned int[]: main.c:51
     0060             (           main.s):09343         _dyCosCache     EQU     *
0060                  (           main.s):09344                 RMB     24              dyCosCache: unsigned int[]: main.c:52
     0078             (           main.s):09345         _dySinCache     EQU     *
0078                  (           main.s):09346                 RMB     24              dySinCache: unsigned int[]: main.c:53
     0090             (           main.s):09347         _playerposition EQU     *
0090                  (           main.s):09348                 RMB     6               playerposition: struct AnonStruct_main.c:30: main.c:58
     0096             (           main.s):09349         _playerrotation EQU     *
0096                  (           main.s):09350                 RMB     4               playerrotation: struct AnonStruct_main.c:20: main.c:59
     009A             (           main.s):09351         _sinv   EQU     *
009A                  (           main.s):09352                 RMB     2               sinv: int: main.c:64
     009C             (           main.s):09353         _cosv   EQU     *
009C                  (           main.s):09354                 RMB     2               cosv: int: main.c:64
     009E             (           main.s):09355         _sinu   EQU     *
009E                  (           main.s):09356                 RMB     2               sinu: int: main.c:64
     00A0             (           main.s):09357         _cosu   EQU     *
00A0                  (           main.s):09358                 RMB     2               cosu: int: main.c:64
                      (           main.s):09359         * Uninitialized local static variables
     00A2             (           main.s):09360         bss_end EQU     *
                      (           main.s):09361         
                      (           main.s):09362         
                      (           main.s):09363                 ENDSECTION
                      (           main.s):09364         
                      (           main.s):09365         
                      (           main.s):09366         
                      (           main.s):09367         
                      (           main.s):09368         *******************************************************************************
                      (           main.s):09369         
                      (           main.s):09370         * Importing 32 utility routine(s).
                      (           main.s):09371         MUL16   IMPORT
                      (           main.s):09372         SDIV16  IMPORT
                      (           main.s):09373         _intensity      IMPORT
                      (           main.s):09374         _line   IMPORT
                      (           main.s):09375         _move   IMPORT
                      (           main.s):09376         _mul8   IMPORT
                      (           main.s):09377         _print_str_c    IMPORT
                      (           main.s):09378         _read_buttons   IMPORT
                      (           main.s):09379         _read_joystick  IMPORT
                      (           main.s):09380         _reset_beam     IMPORT
                      (           main.s):09381         _set_text_size  IMPORT
                      (           main.s):09382         _terminal_print IMPORT
                      (           main.s):09383         _terminal_render        IMPORT
                      (           main.s):09384         _wait_retrace   IMPORT
                      (           main.s):09385         addDWordDWord   IMPORT
                      (           main.s):09386         addDWordInt     IMPORT
                      (           main.s):09387         cmpDWordSignedInt       IMPORT
                      (           main.s):09388         copyDWord       IMPORT
                      (           main.s):09389         copyDWordFromXToD       IMPORT
                      (           main.s):09390         copyMem IMPORT
                      (           main.s):09391         initByteFromDWord       IMPORT
                      (           main.s):09392         initDWordFromSignedWord IMPORT
                      (           main.s):09393         initDWordFromUnsignedWord       IMPORT
                      (           main.s):09394         initWordFromDWord       IMPORT
                      (           main.s):09395         leftShiftDWord  IMPORT
                      (           main.s):09396         mulDWordInt     IMPORT
                      (           main.s):09397         negateDWord     IMPORT
                      (           main.s):09398         push4ByteStruct IMPORT
                      (           main.s):09399         pushSmallStruct IMPORT
                      (           main.s):09400         rightShiftDWord IMPORT
                      (           main.s):09401         subDWordDWord   IMPORT
                      (           main.s):09402         subDWordInt     IMPORT
                      (           main.s):09403         
                      (           main.s):09404         
                      (           main.s):09405         *******************************************************************************
                      (           main.s):09406         
                      (           main.s):09407                 END
